{"version":"1.0","dataSet":{"info":{"date":"20230116","occupation":"BM","channel":"MOCK","place":"ONLINE","gender":"FEMALE","ageRange":"-34","experience":"NEW"},"question":{"raw":{"text":"지원자님께서는 일을 하다 보면 혹시라도 상사와의 트러블이 생길 수가 있는데 이럴 경우에 어떻게 할 것이며 또한 상사가 혼낸다면 기분 나쁘진 않을까요","wordCount":21},"emotion":[],"intent":[]},"answer":{"raw":{"text":"제가 굉장히 인상적으로 기억하고 있는 드라마 대사가 있습니다. 사회에서 사과는 개인 간의 화합을 위한 것이 아니라 집단 평화를 위한 것이라는. 어 일단 상사와 상사분과 저희 만남은 집단의 목표를 이루기 위해서 만난 것이기 때문에 정말 불합리하고 제 감정을 건드리고 제가 그 집단 속에서 일을 못할 정도가 아니라면 어 저 저희 제가 속한 집단에 일을 진행시키기 위해서 그걸 참고 또 어느 정도는 수용을 하고 그 니즈에 맞춰서 받아들이는 부분도 있어야 한다고 생각합니다. 어 일단 그 상사분이 저보다 오래 연 그 집단에 속해있기 때문에 사람들이 목표하는 바가 무엇인지 저보다는 더 잘 알고 있으리라 생각합니다.","wordCount":91},"emotion":[],"intent":[{"text":"","expression":"","category":"attitude"}],"summary":{"text":"인상적인 드라마 대사가 있습니다. 사회에서 사과는 개인 간의 화합이 아닌 집단 평화를 위한 것입니다. 상사와 상사분의 만남은 집단의 목표를 이루기 위한 만남이므로 불합리하고 제 감정을 건드리는 정도가 아니라면 수용하고 그 니즈에 맞춰서 받아들이는 부분도 있어야 합니다.","wordCount":36}}},"rawDataInfo":{"question":{"fileFormat":"wav","fileSize":527438,"duration":16480,"samplingBit":16,"channelCount":1,"samplingRate":"16kHz","audioPath":"/Mock/01.Management/Female/New/ckmk_q_bm_f_n_171760.wav"},"answer":{"fileFormat":"wav","fileSize":2148238,"duration":67130,"samplingBit":16,"channelCount":1,"samplingRate":"16kHz","audioPath":"/Mock/01.Management/Female/New/ckmk_a_bm_f_n_171760.wav"}}}