{"version":"1.0","dataSet":{"info":{"date":"20230116","occupation":"BM","channel":"MOCK","place":"ONLINE","gender":"FEMALE","ageRange":"-34","experience":"NEW"},"question":{"raw":{"text":"얼마 전 구급 대원이 주취자에게 폭행을 당해서 순직하는 일이 발생을 했었는데요 이 사건에 대해서 지원자님은 어떻게 생각을 하시는지 궁금합니다","wordCount":19},"emotion":[],"intent":[]},"answer":{"raw":{"text":"얼마 전 구급대원이 주취자에게 폭행을 당하 순직 당했던 일 그 사건에 대해 저도 잘 알고 있습니다. 저는 그 일에 대해서는 일단 유감을 표하고 싶고 당연한 일이라고 절대로 생각하지 않습니다. 모든 개인은 개개인으로서 존중받아야 되고 보호받아야 될 권리가 있습니다. 구급대원이어서 직업 의식이 있지만 그 전에 그 한 사람으로서 개인이 보호되었어야 한다 라고 생각합니다. 그래서 주취자에게 폭행을 당해 어떠한 사고가 발생하지 않도록 구급대원에 신변안 안보가 확보되어야 한다고 생각합니다. 신변을 확보하기 위해서 같이 근무하는 사람의 수를 늘리거나 아니면 테이저 건이나 아니면 어 이러한 까 까스 총 같은 것을 구비하여 그 사람이 위급한 상황에 쓸 수 있도록 어떠한 권리를 부여해야 한다 라고 생각합니다. 왜냐하면 주취자라고 해서 그리고 모든 것을 받을 수는 없기 때문입니다. 그러므로 구급대원도 한 사람의 개인으로서 보호받을 권리를 가지고 그 사람이 자신의 신변을 보호할 수 있도록 모든 조치를 취하는 것을 적극 어 추구하여야 한다 라고 생각합니다.","wordCount":134},"emotion":[],"intent":[{"text":"","expression":"","category":"attitude"}],"summary":{"text":"주취자에게 폭행을 당해 순직한 구급대원의 사례를 보면, 모든 개인은 존중받아야 되고 보호받아야 될 권리가 있으므로, 구급대원도 한 사람의 개인으로서 보호받을 권리를 가지고 그 사람이 자신의 신변을 보호할 수 있도록 모든 조치를 취하는 것을 적극 추구하여야 합니다.","wordCount":36}}},"rawDataInfo":{"question":{"fileFormat":"wav","fileSize":454478,"duration":14200,"samplingBit":16,"channelCount":1,"samplingRate":"16kHz","audioPath":"/Mock/01.Management/Female/New/ckmk_q_bm_f_n_182842.wav"},"answer":{"fileFormat":"wav","fileSize":2779918,"duration":86870,"samplingBit":16,"channelCount":1,"samplingRate":"16kHz","audioPath":"/Mock/01.Management/Female/New/ckmk_a_bm_f_n_182842.wav"}}}