{"version":"1.0","dataSet":{"info":{"date":"20230116","occupation":"BM","channel":"MOCK","place":"ONLINE","gender":"FEMALE","ageRange":"55-","experience":"NEW"},"question":{"raw":{"text":"지원자님께서 가지고 계신 장점과 단점에 대해 저에게 각각 말씀을 해주실 수 있나요 이를 설명할 때 구체적인 예시와 경험을 함께 설명해 주셔도 좋습니다","wordCount":22},"emotion":[],"intent":[]},"answer":{"raw":{"text":"지원자님이 성격상 장점과 단점에 대해 각각 말하라는 구체적인 저의 답변입니다. 저는 성격이 모나지 않아서 주로 주변 사람들과 별 탈 없이 잘 지내는 것이 제 최대한의 장점입니다. 항상 잘 웃고 주변을 편하게 해주는 게 저의 장점입니다. 또한 저의 장점은 몸으로 하는 일을 무척 즐거워 합니다. 팀 활동에 불편한 자리를 하나로 모아주는 것도 제 하나의 장점입니다. 저의 단점은 완벽을 추구하다가 시작을 못할 때가 많습니다. 그리고 한 가지 더 단점은 살짝 게으릅니다. 이상 저의 장단점에 대하여 짧게나마 대답하였습니다. 감사합니다.","wordCount":76},"emotion":[],"intent":[{"text":"저는 성격이 모나지 않아서 주로 주변 사람들과 별 탈 없이 잘 지내는 것이 제 최대한의 장점입니다.","expression":"c_person","category":"background"},{"text":"항상 잘 웃고 주변을 편하게 해주는 게 저의 장점입니다.","expression":"c_person","category":"background"},{"text":"또한 저의 장점은 몸으로 하는 일을 무척 즐거워 합니다.","expression":"c_person","category":"background"},{"text":"팀 활동에 불편한 자리를 하나로 모아주는 것도 제 하나의 장점입니다.","expression":"c_person","category":"background"},{"text":"저의 단점은 완벽을 추구하다가 시작을 못할 때가 많습니다.","expression":"c_person","category":"background"},{"text":"그리고 한 가지 더 단점은 살짝 게으릅니다.","expression":"c_person","category":"background"}],"summary":{"text":"성격이 모나지 않아 주변 사람들과 잘 지내는 것이 최대 장점이며 몸으로 하는 일을 즐거워합니다. 단점은 완벽을 추구하다가 시작을 못할 때가 많습니다.","wordCount":21}}},"rawDataInfo":{"question":{"fileFormat":"wav","fileSize":463438,"duration":14480,"samplingBit":16,"channelCount":1,"samplingRate":"16kHz","audioPath":"/Mock/01.Management/Female/New/ckmk_q_bm_f_n_185634.wav"},"answer":{"fileFormat":"wav","fileSize":1966158,"duration":61440,"samplingBit":16,"channelCount":1,"samplingRate":"16kHz","audioPath":"/Mock/01.Management/Female/New/ckmk_a_bm_f_n_185634.wav"}}}