{"version":"1.0","dataSet":{"info":{"date":"20230116","occupation":"BM","channel":"MOCK","place":"ONLINE","gender":"FEMALE","ageRange":"45-54","experience":"NEW"},"question":{"raw":{"text":"몇 년 전 우버 택시 관련하여서 찬성과 반대의 논란이 굉장히 많이 있었습니다 지원자님께서는 찬반 중 어떤 의견을 가지고 계신지 말씀 부탁드립니다","wordCount":21},"emotion":[],"intent":[]},"answer":{"raw":{"text":"아 네 우버 택시 관련한 논란 잘 알고 있습니다. 어 찬반 양론에 대해서는 저는 각각에 대해서 다 그 처한 상황이 다르기 때문에 이해가 가구요. 찬성 쪽은 저와 같이 이제 소비자 입장에서는 심야의 택시가 많이 안 잡히고 하다 보니 그런 부분에 대해서는 이제 어 우버 택시를 운영을 하게 되면 좀 더 편리한 부분이 있어서 어 저는 찬성을 소비자 입장에서는 찬성을 한다고 보고요. 반대 입장은 어떤 택시 업계가 아닌가. 아무래도 경제적인 타격이 있지 않겠습니까. 그 파이가 동일한 파이가 줄어들기 때문에 어 같은 그 소비자는 같은데 아무래도 그 제공하는 그 업체가 늘어나는 거니까 자기들의 어떤 그 이익이 줄어들기 때문에 그렇게 반대 할 수 있다고 생각을 해서 각각의 상 처한 상황에 따라서 찬성과 반대를 하고 있어서 다 좀 이해가 가는 편입니다.","wordCount":117},"emotion":[],"intent":[{"text":"","expression":"","category":"attitude"}],"summary":{"text":"우버 택시 논란에서 찬성 쪽은 우버 택시를 운영하게 되면 좀 더 편리하기 때문입니다. 반대 입장은 택시 업계가 타격이 크기 때문에 자신들의 이익이 줄어들기 때문이라고 생각하여 각각의 상황에 따라서 찬성과 반대를 하고 있습니다.","wordCount":32}}},"rawDataInfo":{"question":{"fileFormat":"wav","fileSize":606158,"duration":18940,"samplingBit":16,"channelCount":1,"samplingRate":"16kHz","audioPath":"/Mock/01.Management/Female/New/ckmk_q_bm_f_n_175019.wav"},"answer":{"fileFormat":"wav","fileSize":2557518,"duration":79920,"samplingBit":16,"channelCount":1,"samplingRate":"16kHz","audioPath":"/Mock/01.Management/Female/New/ckmk_a_bm_f_n_175019.wav"}}}