{"version":"1.0","dataSet":{"info":{"date":"20230116","occupation":"BM","channel":"MOCK","place":"ONLINE","gender":"FEMALE","ageRange":"-34","experience":"NEW"},"question":{"raw":{"text":"지원자님께서 이전 직장에서 퇴사한 후 퇴사한 것에 대해 후회하신 적이 있나요 있다면 왜인지도 함께 말씀해 주시기 바랍니다","wordCount":17},"emotion":[],"intent":[]},"answer":{"raw":{"text":"이전 직장에서 퇴사한 것을 업무적으로만 봤을 때는 솔직히 후회한 적은 없으 없는데 어 제가 후회가 되는 것은 제가 일단 완전 신입이기도 했었고 그래서 뭔가 업무를 받고 업무를 대하는 태도에 대해서 많은 후회가 됩니다. 어떤 점이 후회가 되냐면 그 업무를 받았을 때 업무적으로 미숙함을 너무 티내고 그 업무가 너무 과하다고 싶으면 그것을 여과없이 온몸으로 표출해 내는 그런 태도가 너무 후회스럽고 지금 그때로 다시 돌아간다면 일을 받는 태도도 조금 더 즐겁고 활기차고 조금 더 의욕적으로 일을 받았으면 어땠을까 라는 생각을 합니다.","wordCount":79},"emotion":[],"intent":[{"text":"","expression":"","category":"attitude"}],"summary":{"text":"이전 직장의 퇴사를 업무적으로는 크게 후회한 적은 없지만, 업무를 받고 업무를 대하는 태도에서 많이 후회됩니다. 업무가 과하다면 그것을 온몸으로 표출해 내는 태도가 너무 후회스럽고, 더 의욕적으로 일을 받았으면 합니다.","wordCount":29}}},"rawDataInfo":{"question":{"fileFormat":"wav","fileSize":467598,"duration":14610,"samplingBit":16,"channelCount":1,"samplingRate":"16kHz","audioPath":"/Mock/01.Management/Female/New/ckmk_q_bm_f_n_178527.wav"},"answer":{"fileFormat":"wav","fileSize":1846158,"duration":57690,"samplingBit":16,"channelCount":1,"samplingRate":"16kHz","audioPath":"/Mock/01.Management/Female/New/ckmk_a_bm_f_n_178527.wav"}}}