{"version":"1.0","dataSet":{"info":{"date":"20230116","occupation":"BM","channel":"MOCK","place":"ONLINE","gender":"FEMALE","ageRange":"-34","experience":"NEW"},"question":{"raw":{"text":"최근에 인상 있게 본 서비스는 무엇인가요 답변 부탁드립니다","wordCount":8},"emotion":[],"intent":[]},"answer":{"raw":{"text":"어 최근에 경험해 본 서비스 중 가장 인상 깊게 본 서비스는 음 내비게이션 어플 중에서 내가 목적지를 설정을 하면 그 목적지로 가고 있는 차량의 수가 몇 대인지 알려주는 서비스였습니다. 제가 면허를 따고 운전을 진짜 시작한 지가 얼마 되지 않아서 어 그런 내비게이션에 그런 기능이 있다는 것을 전혀 모르고 있다가 어 목적지를 찍었을 때 현재 이 목적지로 가고 있는 차량의 댓수는 열 네 대 입니다 이렇게 뜨는 거를 확인하고 나니 음 어 지금 이 목적지에 도착하면 어느 정도 웨이팅을 할 수도 있겠구나 얼마 정도 기다려야 뭐 음식을 먹을 수 있겠구나 이런 예측을 해볼 수 있는 것도 인상 깊었고 약간 조금 더 빨리 가야겠다 그런 조바심이 난다던지 가고 있는 차량이 없다면 좀 더 여유롭게 가도 되겠다 라든지 그런 거를 미리 생각해보고 다음 경 다음에 갈 코스를 짜볼 수 있는 것이 인상 깊었습니다.","wordCount":130},"emotion":[],"intent":[{"text":"","expression":"","category":"attitude"}],"summary":{"text":"내비게이션 어플 중 제가 목적지를 설정을 하면 그 목적지로 가고 있는 차량의 수가 몇 대인지 알려주는 서비스가 가장 인상 깊었습니다. 목적지를 찍고 나면 어느 정도 웨이팅을 할 수 있겠구나 이런 예측을 해볼 수 있는 것도 인상 깊었고, 미리 생각해보고 다음 코스를 짜볼 수 있는 것이 인상 깊습니다.","wordCount":47}}},"rawDataInfo":{"question":{"fileFormat":"wav","fileSize":243278,"duration":7600,"samplingBit":16,"channelCount":1,"samplingRate":"16kHz","audioPath":"/Mock/01.Management/Female/New/ckmk_q_bm_f_n_172615.wav"},"answer":{"fileFormat":"wav","fileSize":2450638,"duration":76580,"samplingBit":16,"channelCount":1,"samplingRate":"16kHz","audioPath":"/Mock/01.Management/Female/New/ckmk_a_bm_f_n_172615.wav"}}}