{"version":"1.0","dataSet":{"info":{"date":"20230116","occupation":"BM","channel":"MOCK","place":"ONLINE","gender":"FEMALE","ageRange":"-34","experience":"NEW"},"question":{"raw":{"text":"타 부서와 갈등 상황이 발생하게 된다면 지원자님께서는 어떻게 해결하실 예정입니까 갈등 상황을 가정하고 한 번 말씀해 주시겠습니까","wordCount":17},"emotion":[],"intent":[]},"answer":{"raw":{"text":"만약에 타 부서와 갈등 상황이 발생한다면 어 어떤 상황을 한번 가정을 해보자면 제가 이제 업무를 요청하는 입장이고 그분들이 제 이제 업무를 어떤 기간 내에 완료를 해 주셔야 되는데 제가 요청드린 기간 안에 업무를 완료하지 못하겠다 라는 상황이라면 일단 저는 그 부서에 그런 크고 작은 일들의 그런 스케줄을 한 번 확인을 하고 그 사이에 제 일에 끼어들 수 있는지 최대한 고려를 하고 배려를 해서 일정을 짤 것입니다. 그런데도 얼토당토하지 않은 이유로 계속 이해를 못하겠다고 하시면 저는 일단 지 제 상급자와 의견을 나누고 그분 쪽에서도 이제 저희 상급자가 이렇게 했는데 어떻게 하실 거냐 이라는 식으로 조금 도움을 받아서 이를 해결할 것 같습니다.","wordCount":100},"emotion":[],"intent":[{"text":"","expression":"","category":"attitude"}],"summary":{"text":"업무를 요청드린 기간 내에 완료하지 못하겠다 라는 상황이라면 일단 그 부서에 일정을 확인하고 배려를 해서 일정을 짤 것입니다. 그럼에도 이해를 못하겠다고 한다면 상급자와 의견을 나누고 도움을 받아서 해결할 것입니다.","wordCount":29}}},"rawDataInfo":{"question":{"fileFormat":"wav","fileSize":544078,"duration":17000,"samplingBit":16,"channelCount":1,"samplingRate":"16kHz","audioPath":"/Mock/01.Management/Female/New/ckmk_q_bm_f_n_178529.wav"},"answer":{"fileFormat":"wav","fileSize":2111118,"duration":65970,"samplingBit":16,"channelCount":1,"samplingRate":"16kHz","audioPath":"/Mock/01.Management/Female/New/ckmk_a_bm_f_n_178529.wav"}}}