{"version":"1.0","dataSet":{"info":{"date":"20230116","occupation":"BM","channel":"MOCK","place":"ONLINE","gender":"FEMALE","ageRange":"45-54","experience":"NEW"},"question":{"raw":{"text":"지원자분께서 회사에 들어오시고 만약에 타 부서와 어떤 갈등 상황을 맞이하게 되신다면 어떤 해결 방법을 통해서 그 상황을 타파해 나가실지 궁금합니다 상황을 가정해서 이야기해 주세요","wordCount":24},"emotion":[],"intent":[]},"answer":{"raw":{"text":"어 갈등 상황이 뭐 개인이던 팀 간에 발생하지 않도록 하는 게 제일 그 해피한 일인데요. 어쩔 수 없이 갈등 상황이 생기는 경우라면 타부서와 갈등이 뭐 개인적인 어떤 감정적인 문제가 아닌 업무적인 부분이라면 업무 같은 경우는 회사에서 정한 방침이 있고 어 근본 그 기준이 있을 겁니다. 그것에 맞춰서 어 서로의 잘잘못을 잘 따지고 원만히 해결하는 방법이 좋을 것 같습니다. 뭐 상황을 가정하자면 뭐 자료를 건네주고 건네 받고 이런 경우는 뭐 그 수신 확인이라던지 이런 부분을 얼마든지 할 수 있고 내가 보낸 내용이 다 자료로 남아있기 때문에 그런 부분을 명확히 해서 정확하게 해결을 해야 되고 가 요 그 업무적인 부분이 감정적인 부분으로 어 연관되지 않도록 하는 게 중요할 것 같습니다.","wordCount":108},"emotion":[],"intent":[{"text":"","expression":"","category":"attitude"}],"summary":{"text":"갈등 상황이나 업무적인 부분이 감정적인 부분으로 연관되지 않게 하는 것이 가장 해피한 일이며 서로의 잘잘못을 잘 따지고 원만히 해결하는 방법이 좋습니다.","wordCount":21}}},"rawDataInfo":{"question":{"fileFormat":"wav","fileSize":628558,"duration":19640,"samplingBit":16,"channelCount":1,"samplingRate":"16kHz","audioPath":"/Mock/01.Management/Female/New/ckmk_q_bm_f_n_182035.wav"},"answer":{"fileFormat":"wav","fileSize":2259278,"duration":70600,"samplingBit":16,"channelCount":1,"samplingRate":"16kHz","audioPath":"/Mock/01.Management/Female/New/ckmk_a_bm_f_n_182035.wav"}}}