{"version":"1.0","dataSet":{"info":{"date":"20230116","occupation":"BM","channel":"MOCK","place":"ONLINE","gender":"FEMALE","ageRange":"-34","experience":"NEW"},"question":{"raw":{"text":"지원자님께서 특별히 가고 싶은 회사가 있나요 지원자님이 특정 도메인이 중요한지 지원자님이 회사의 분위기가 중요한지 어떤 점을 중심적으로 보시는지가 궁금하고 설명 부탁드립니다","wordCount":21},"emotion":[],"intent":[]},"answer":{"raw":{"text":"제가 회사를 볼 때 중점적으로 보는 것은 회사의 분위기입니다. 저는 어렵고 힘든 일을 하더라도 긍정적으로 생각하는 것이 일의 능률을 올리는 가장 좋은 방법이라고 생각합니다. 그래서 일을 할 때 가장 많은 시간을 보내는 것이 회사이기 때문에 회사 그 자체의 분위기가 건강하고 밝고 긍정적이면 가장 좋을 것 같습니다. 연봉을 많이 주거나 음 복지가 아무리 좋은 회사라고 해도 그 회사 내에서 음 긍정적이지 않고 처지는 분위기로 일을 하게 된다면 그것이 과연 복지가 좋은 것일까 라는 생각을 하게 될 것 같습니다. 가장 중요한 것은 어 팀원들이 즐겁게 일을 할 수 있는 일의 능률을 올릴 수 있는 회사의 분위기라고 생각합니다.","wordCount":95},"emotion":[],"intent":[{"text":"제가 회사를 볼 때 중점적으로 보는 것은 회사의 분위기입니다.","expression":"c_value","category":"background"},{"text":"저는 어렵고 힘든 일을 하더라도 긍정적으로 생각하는 것이   일의 능률을 올리는 가장 좋은 방법이라고 생각합니다.","expression":"c_value","category":"background"}],"summary":{"text":"회사를 볼 때 중점적으로 보는 것은 회사 자체의 분위기가 건강하고 밝고 긍정적이면 가장 좋을 것 같습니다. 가장 중요한 것은 팀원들이 즐겁게 일을 할 수 있는 일의 능률을 올릴 수 있는 회사의 분위기라고 생각합니다.","wordCount":33}}},"rawDataInfo":{"question":{"fileFormat":"wav","fileSize":510158,"duration":15940,"samplingBit":16,"channelCount":1,"samplingRate":"16kHz","audioPath":"/Mock/01.Management/Female/New/ckmk_q_bm_f_n_172620.wav"},"answer":{"fileFormat":"wav","fileSize":2204238,"duration":68880,"samplingBit":16,"channelCount":1,"samplingRate":"16kHz","audioPath":"/Mock/01.Management/Female/New/ckmk_a_bm_f_n_172620.wav"}}}