{"version":"1.0","dataSet":{"info":{"date":"20230116","occupation":"BM","channel":"MOCK","place":"ONLINE","gender":"FEMALE","ageRange":"35-44","experience":"NEW"},"question":{"raw":{"text":"만약에 일을 하다가 상사에게 어려운 지시를 받았을 경우엔 어 어떻게 대처하시겠는지 어 이유와 함께 말씀해 주셨으면 좋겠습니다","wordCount":17},"emotion":[],"intent":[]},"answer":{"raw":{"text":"가끔 업무를 하다 보면 분명히 상사분께서도 저에게 가끔 이해가 가지 않는 지시를 해 주시거나 아니면 너무 지금 당장 해결하기 어려운 현실적으로 불가능한 그런 지시 사항들을 내려 주실 수 있는 경우들이 있습니다. 그렇지만 저는 먼저 상사의 상사가 존재하는 이유는 저보다 훨씬 많은 업무 경험을 보유하신 분이시고 가끔은 이해가 되지 않는 그런 지시 사항을 내리실 때에는 그에 대한 당연한 타당한 이유가 있다 라고 생각을 합니다. 다만 저는 무조건적으로 상사에 부당한 지시라도 따르는 그런 부하 직원이 아니고 상사가 저에게 이해가 안 가는 지시 사항을 내린다면 그 사유를 물어보고 그리고 따를 수 있는 그렇게 고민하는 직원이 되도록 하겠습니다.","wordCount":94},"emotion":[],"intent":[{"text":"","expression":"","category":"attitude"}],"summary":{"text":"업무 수행 시 이해가 가지 않는 지시를 하거나 현실적으로 불가능한 지시를 내리는 경우가 있습니다. 하지만 상사는 저보다 많은 업무 경험을 보유하셨고 이해되지 않는 지시를 내리실 때는 그에 대한 이유가 있다고 생각합니다.","wordCount":31}}},"rawDataInfo":{"question":{"fileFormat":"wav","fileSize":339598,"duration":10610,"samplingBit":16,"channelCount":1,"samplingRate":"16kHz","audioPath":"/Mock/01.Management/Female/New/ckmk_q_bm_f_n_184564.wav"},"answer":{"fileFormat":"wav","fileSize":2474318,"duration":77320,"samplingBit":16,"channelCount":1,"samplingRate":"16kHz","audioPath":"/Mock/01.Management/Female/New/ckmk_a_bm_f_n_184564.wav"}}}