{"version":"1.0","dataSet":{"info":{"date":"20230116","occupation":"BM","channel":"MOCK","place":"ONLINE","gender":"FEMALE","ageRange":"35-44","experience":"NEW"},"question":{"raw":{"text":"기차가 운행 중에 산사태로 인하여 삼십 분 동안 정차되었습니다 이때 관리 책임의 위치에 있다면 어떻게 조치하실 생각인가요","wordCount":17},"emotion":[],"intent":[]},"answer":{"raw":{"text":"최근에도 케이티엑스와 에스알티 기차가 서서 많은 고객들이 불편을 겪었던 적이 있었습니다. 대략적으로 세 달 전에 일 이었는데요. 이러한 열차 탈선 사고나 안 그러면 정차 사고의 경우에는 더 큰 인명 피해가 발생할 수 있기 때문에 제가 만약 관리자 위치에 있다 라면은 더 큰 사상 사고 혹은 사고가 발생할 수 있는 그런 문제들을 미연에 방지하기 위해서 모든 기차들을 일시 정지할 것 같습니다. 물론 기업의 입장에서 보자면 한시라도 빠르게 기차가 운행이 되어서 이윤을 추구하고 또 승객들을 어 안전하게 그 위치까지 갈 수 있도록 유도하는 것이 굉장히 중요한데요. 그렇지만 안전은 그 무엇과도 바꿀 수 없는 소중한 것이라고 저는 생각합니다.","wordCount":95},"emotion":[],"intent":[{"text":"","expression":"","category":"attitude"}],"summary":{"text":"기차 탈선 사고나 정차 사고의 경우에는 더 큰 인명 피해가 발생할 수 있기 때문에 관리자 위치라면 모든 기차들을 일시 정지할 것 같습니다. 기업의 입장에서는 이윤 추구가 중요하나 안전은 무엇과도 바꿀 수 없는 소중한 것이라고 생각합니다.","wordCount":35}}},"rawDataInfo":{"question":{"fileFormat":"wav","fileSize":410318,"duration":12820,"samplingBit":16,"channelCount":1,"samplingRate":"16kHz","audioPath":"/Mock/01.Management/Female/New/ckmk_q_bm_f_n_184565.wav"},"answer":{"fileFormat":"wav","fileSize":2538958,"duration":79340,"samplingBit":16,"channelCount":1,"samplingRate":"16kHz","audioPath":"/Mock/01.Management/Female/New/ckmk_a_bm_f_n_184565.wav"}}}