{"version":"1.0","dataSet":{"info":{"date":"20230116","occupation":"BM","channel":"MOCK","place":"ONLINE","gender":"FEMALE","ageRange":"-34","experience":"NEW"},"question":{"raw":{"text":"귀하가 따로 진행하는 프로젝트가 있나요","wordCount":5},"emotion":[],"intent":[]},"answer":{"raw":{"text":"개인적으로 따로 팀을 꾸려서 현재 진행하고 있는 프로젝트가 무엇이 있냐고 여쭤보셨는데 어 저는 제가 주식 스터디를 통해서 주식 공부를 하고 있습니다. 그럴 때 제가 조금 더 주식을 자세하게 알아야겠다란 생각을 해서 주식에 관련된 정보를 잘 모으고 있고 그리고 나중에는 주식 관련한 방송이나 유투브 방송도 제가 진행을 해보고 싶다 라는 생각을 많이 했습니다. 그래서 그것에 대해서 준비 단계에 있고 다양한 사람들과 대화를 나누면서 제가 조금 더 발전되기 위해서 자기계발을 하고 있고요. 그리고 같이 다른 분들과 함께 이야기를 나누다 보니까 제가 더 발전되어 가는 모습이 있었고 그리고 이 프로젝트가 제가 꼭 유투브를 통해서 방송을 진행하지 않더라도 제 자신에 대해서 나중에 조금 더 도움이 될 것 같다 라는 생각이 많이 들었습니다. 그래서 항상 꿈을 갖고 프로젝트를 진행하려고 지금도 노력하고 있고요. 그리고 팀원들과 함께 식사를 한다던가 좀 대화를 많이 하면서 제 자신을 조금 더 생산적인 방향으로 이끌어가고 있습니다.","wordCount":134},"emotion":[],"intent":[{"text":"","expression":"","category":"attitude"}],"summary":{"text":"저는 제가 주식 스터디를 통해서 주식 공부를 하고 있습니다. 그리고 나중에 주식 관련한 방송이나 유투브 방송도 진행을 해보고 싶다 라는 생각을 많이 했습니다. 항상 꿈을 갖고 프로젝트를 진행하려고 노력하고 있으며 제 자신을 좀 더 생산적인 방향으로 이끌어가고 있는 중입니다.","wordCount":39}}},"rawDataInfo":{"question":{"fileFormat":"wav","fileSize":214478,"duration":6700,"samplingBit":16,"channelCount":1,"samplingRate":"16kHz","audioPath":"/Mock/01.Management/Female/New/ckmk_q_bm_f_n_174654.wav"},"answer":{"fileFormat":"wav","fileSize":2719758,"duration":84990,"samplingBit":16,"channelCount":1,"samplingRate":"16kHz","audioPath":"/Mock/01.Management/Female/New/ckmk_a_bm_f_n_174654.wav"}}}