{"version":"1.0","dataSet":{"info":{"date":"20230116","occupation":"BM","channel":"MOCK","place":"ONLINE","gender":"FEMALE","ageRange":"-34","experience":"NEW"},"question":{"raw":{"text":"네 커뮤니케이션을 잘 할 수 있는 본인만의 스킬을 가지고 계신가요 어 본인만의 스킬이 있다면 한 번 소개해 주시겠어요 어 직접 한 번 보여주시면 더 좋겠습니다","wordCount":25},"emotion":[],"intent":[]},"answer":{"raw":{"text":"커뮤니케이션을 잘 할 수 있는 저만의 스킬은 제가 듣는 입장일 때에는 공감을 잘해주는 것과 제가 말하는 입장일 때에는 손동작을 활용하는 것입니다. 예를 들면 어떻게 생각하세요 라는 질문을 던질 때 그냥 어떻게 생각하세요 라고 말할 수도 있지만 어떻게 생각하세요 어떻게 생각하세요 라며 이렇게 손 손을 내민다 던지 고개를 끄덕이면서 말한다면 좀 더 상대방의 답변을 잘 얻어낼 수 있고 상대방도 대화에 더 적극적으로 참여할 수 있는 것 같습니다. 반대로 제가 듣는 입장일 때에는 어 상대의 눈을 보면서 끄덕끄덕을 잘 한다던지 아 내 이런 추임새로 어 상대방의 얘기를 잘 듣고 있다는 것을 보여주고 대화하는 것이 좋은 것 같습니다.","wordCount":95},"emotion":[],"intent":[{"text":"","expression":"","category":"attitude"}],"summary":{"text":"커뮤니케이션을 잘 할 수 있는 저만의 스킬은 제가 듣는 입장일 때는 공감을 잘해주는 것과 제가 말하는 입장일 때에는 손동작을 활용하는 것입니다. 저는 상대의 눈을 보면서 수긍하거나 잘 듣고 있다는 것을 보여주고 대화하는 것이 좋습니다.","wordCount":34}}},"rawDataInfo":{"question":{"fileFormat":"wav","fileSize":481358,"duration":15040,"samplingBit":16,"channelCount":1,"samplingRate":"16kHz","audioPath":"/Mock/01.Management/Female/New/ckmk_q_bm_f_n_172616.wav"},"answer":{"fileFormat":"wav","fileSize":2119758,"duration":66240,"samplingBit":16,"channelCount":1,"samplingRate":"16kHz","audioPath":"/Mock/01.Management/Female/New/ckmk_a_bm_f_n_172616.wav"}}}