{"version":"1.0","dataSet":{"info":{"date":"20230116","occupation":"BM","channel":"MOCK","place":"ONLINE","gender":"FEMALE","ageRange":"45-54","experience":"NEW"},"question":{"raw":{"text":"지원자님은 이루고 싶은 인생의 목표가 있습니까 있다면 왜 그것을 이루고 싶은지도 함께 말씀해 주세요","wordCount":14},"emotion":[],"intent":[]},"answer":{"raw":{"text":"이루고 싶은 인생의 목표가 예전에 어렸을 때에는 뭐 금전적으로 여유롭고 뭐 집을 얼마 이상 되는 집을 가지고 있거나 건물을 가지거나 이런 것이었는데요. 사실 이제 나이를 좀 먹다 보니 저는 인생의 목표라는 게 뭐 계획성 있게 살거나 어 계획을 세우고 그 목표를 채우기 위해서 뭐 사는 그런 계획적인 삶은 아니지만 어 기본적으로 그냥 생각하는 목표라면 저희 아이들한테 어 부끄럽지 않은 좀 더 욕심을 갖는다면 좀 존경할 수 있는 그런 엄마의 모습으로 살고 싶습니다. 그러자면 회사 생활이던 사회 생활이던 가정 생활이던 열심히 해야 된다고 생각하고 있습니다.","wordCount":84},"emotion":[],"intent":[{"text":"","expression":"","category":"attitude"}],"summary":{"text":"어릴 적 목표는 금전적으로 여유롭고 건물을 갖는 것이었지만, 나이가 들면서 저는 계획적인 삶은 아니지만, 존경할 수 있는 엄마의 모습으로 살고 싶습니다. 그러려면 회사/사회/가정 생활이던 열심히 해야 한다고 생각합니다.","wordCount":28}}},"rawDataInfo":{"question":{"fileFormat":"wav","fileSize":437518,"duration":13670,"samplingBit":16,"channelCount":1,"samplingRate":"16kHz","audioPath":"/Mock/01.Management/Female/New/ckmk_q_bm_f_n_175368.wav"},"answer":{"fileFormat":"wav","fileSize":2163278,"duration":67600,"samplingBit":16,"channelCount":1,"samplingRate":"16kHz","audioPath":"/Mock/01.Management/Female/New/ckmk_a_bm_f_n_175368.wav"}}}