{"version":"1.0","dataSet":{"info":{"date":"20230116","occupation":"BM","channel":"MOCK","place":"ONLINE","gender":"FEMALE","ageRange":"-34","experience":"NEW"},"question":{"raw":{"text":"다른 사람이 생각하는 지원자님의 장단점은 뭐라고 생각하나요 이유와 함께 말씀해 주세요","wordCount":11},"emotion":[],"intent":[]},"answer":{"raw":{"text":"다른 사람이 생각하는 지 저의 장단점은 우선 장점을 먼저 얘기하겠습니다. 장점은 음 사람들과 함께 이야기할 때 제가 공감을 잘해준다고 사람들이 많이 이야기를 하는데요. 저는 공감이란 상대방의 마음과 저의 마음을 백 퍼센트 일치시키려고 하는 것이 아니라 그 사람이 하는 말을 귀담아 듣고 그리고 그 사람의 감정을 이해하려고 노력하는 것이라고 생각을 합니다. 그래서인지 사람들은 저에게 이야기를 할 때 좀 더 편안하게 자신의 이야기를 저에게 해주고 그리고 고민 상담도 많이 어 저에게 하는 것 같습니다. 반면에 단점은 제가 그런 고민을 들었을 때 그 감정이 저에게 전이가 잘 되는 편이라서 그런 면은 조심을 해야 할 것 같고 그런 감정이 업무에 영향을 주지 않도록 제가 스스로 조절하는 그런 노력을 해보도록 하겠습니다.","wordCount":106},"emotion":[],"intent":[{"text":"장점은   음 사람들과 함께 이야기할 때 제가 공감을 잘해준다고 사람들이 많이 이야기를 하는데요.","expression":"c_person","category":"background"}],"summary":{"text":"저는 공감이란 상대방이 하는 말을 귀담아 듣고 그 사람의 감정을 이해하려고 노력하는 것이라고 생각합니다. 그래서 저는 대화를 할 때 편안한 마음을 가지고 고민 상담도 많이 합니다. 반면에 감정 전이가 잘 되는 편이라 그런 면은 조심을 해야 할 것 같습니다.","wordCount":39}}},"rawDataInfo":{"question":{"fileFormat":"wav","fileSize":333518,"duration":10420,"samplingBit":16,"channelCount":1,"samplingRate":"16kHz","audioPath":"/Mock/01.Management/Female/New/ckmk_q_bm_f_n_170089.wav"},"answer":{"fileFormat":"wav","fileSize":2231118,"duration":69720,"samplingBit":16,"channelCount":1,"samplingRate":"16kHz","audioPath":"/Mock/01.Management/Female/New/ckmk_a_bm_f_n_170089.wav"}}}