{"version":"1.0","dataSet":{"info":{"date":"20230116","occupation":"BM","channel":"MOCK","place":"ONLINE","gender":"FEMALE","ageRange":"-34","experience":"NEW"},"question":{"raw":{"text":"지원자분께서는 평소에 개인 작업과 같은 것들을 많이 하시는 편인지 궁금합니다 그리고 만약에 그렇다고 하시면 그 개인 작업들을 할 수 있는 원동력은 어디서부터 나온다고 생각하는지 궁금합니다","wordCount":25},"emotion":[],"intent":[]},"answer":{"raw":{"text":"저는 내성적이지는 않지만 개인 시간을 많이 보내는 것을 좋아해 혼자 있는 시간에 이것저것 많이 하며 시간을 보내는 편입니다. 개인 작업보다는 개인 공부를 많이 하는 편입니다 포도 샵이나 그림 향수 만들기 꽃꽃이 등 손으로 직접 만들고 심미적으로 아름다운 것들을 꾸미는 것을 좋아합니다. 미래에 갈 여행을 위해 여행에 필요한 문장을 외우고 공부하는 등 일상의 활력을 주는 행위를 하는 것에 기쁨을 느끼고 살아있음을 느끼는 것 같습니다. 최근에는 직무에 필요한 구글 에널리틱스와 같은 분석들을 꾸준히 공부하며 성취감과 보람을 느끼는 중입니다.","wordCount":76},"emotion":[{"text":"미래에 갈 여행을 위해 여행에 필요한 문장을 외우고 공부하는 등 일상의 활력을 주는 행위를 하는 것에 기쁨을 느끼고 살아있음을 느끼는 것 같습니다.","expression":"p-happiness","category":"positive"},{"text":"최근에는 직무에 필요한 구글 에널리틱스와 같은 분석들을 꾸준히 공부하며 성취감과 보람을 느끼는 중입니다.","expression":"p-achievement","category":"positive"}],"intent":[{"text":"","expression":"","category":"attitude"}],"summary":{"text":"저는 내성적이지는 않지만 개인 시간을 많이 보내는 것을 좋아합니다. 개인 작업보다는 개인 공부를 많이 하는 편입니다. 최근에는 직무에 필요한 분석들을 꾸준히 공부하며 성취감과 보람을 느끼고 있습니다.","wordCount":26}}},"rawDataInfo":{"question":{"fileFormat":"wav","fileSize":627918,"duration":19620,"samplingBit":16,"channelCount":1,"samplingRate":"16kHz","audioPath":"/Mock/01.Management/Female/New/ckmk_q_bm_f_n_178340.wav"},"answer":{"fileFormat":"wav","fileSize":1905358,"duration":59540,"samplingBit":16,"channelCount":1,"samplingRate":"16kHz","audioPath":"/Mock/01.Management/Female/New/ckmk_a_bm_f_n_178340.wav"}}}