{"version":"1.0","dataSet":{"info":{"date":"20230116","occupation":"BM","channel":"MOCK","place":"ONLINE","gender":"FEMALE","ageRange":"-34","experience":"NEW"},"question":{"raw":{"text":"지원자께서는 소통 능력을 키우기 위해서 어떠한 일을 할 수 있었는지 궁금합니다 생각나는 방법들을 자세하게 저에게 설명하여 말씀해 주시길 바랍니다","wordCount":19},"emotion":[],"intent":[]},"answer":{"raw":{"text":"음 상대 입장에서 생각해보는 게 가장 근본이라고 생각합니다. 그리고 그 주위 사람들에게 저 상대에 대해서 물어볼 수도 있을 것 같고 어 저 같은 경우에는 그 대화 자체에 집중을 하려고 많은 노력을 기울이고 감정에 공감하려고 다양한 표현들을 쓰는 편입니다.","wordCount":38},"emotion":[],"intent":[{"text":"","expression":"","category":"attitude"}],"summary":{"text":"상대 입장에서 생각해보는 게 가장 근본입니다. 대화 자체에 집중을 하고 감정에 공감하려고 다양한 표현들을 쓰는 편입니다..","wordCount":16}}},"rawDataInfo":{"question":{"fileFormat":"wav","fileSize":535758,"duration":16740,"samplingBit":16,"channelCount":1,"samplingRate":"16kHz","audioPath":"/Mock/01.Management/Female/New/ckmk_q_bm_f_n_171847.wav"},"answer":{"fileFormat":"wav","fileSize":1113038,"duration":34780,"samplingBit":16,"channelCount":1,"samplingRate":"16kHz","audioPath":"/Mock/01.Management/Female/New/ckmk_a_bm_f_n_171847.wav"}}}