{"version":"1.0","dataSet":{"info":{"date":"20230116","occupation":"BM","channel":"MOCK","place":"ONLINE","gender":"FEMALE","ageRange":"55-","experience":"NEW"},"question":{"raw":{"text":"지원자분께 질문 드리겠습니다 여러 부서들이 협력해 하는 프로젝트에서 부서 간의 일정을 조율하기 위한 지원자만의 노하우가 있다면 그것에 대해서 말씀해 주시면 감사하겠습니다","wordCount":21},"emotion":[],"intent":[]},"answer":{"raw":{"text":"여러 부서들이 협력해야 하는 프로젝트에서 부서간 일정을 조율하고 위 위한 본인만의 노하우가 있다면 말씀해 주시겠습니까 라고 질문하셨습니다. 거기에 대한 저의 답변을 말씀드리겠습니다. 현재 협업 솔루션을 사용하고 있는 기업들의 비중은 대략 이십 오 프로 정도로 집계되고 있어 이 솔루션에 관심이 많고 실제 도 도입 계획을 갖고 있는 곳들이 꽤 있어 협업은 중요한 부분을 차지하고 있습니다. 저는 부서간 협력을 할 때 가장 중요하게 생각하는 부분이 의사소통이라고 봅니다. 이러이러한 사항을 함께 모인 자리에서 협의하고 합의하고 공표하고 반복적으로 행하지 않으면 이 모든 것이 제 자리이기 때문입니다. 의사소통이 서로 되지 않으면 앞으로 전진을 할 수 없고 시간이 지나도 항상 제자리 걸음을 멈추을 수 없기 때문에 의사소통과 편안한 인간관계가 가장 중요하다고 봅니다. 이상 부서간 일정을 조율하기 위한 저의 생각을 말씀드렸습니다. 감사합니다.","wordCount":115},"emotion":[],"intent":[{"text":"","expression":"","category":"attitude"}],"summary":{"text":"협업 솔루션을 사용하고 있는 기업들의 비중이 꽤 있어 협업은 중요한 부분을 차지합니다. 저는 부서간 협력을 할 때 가장 중요하게 생각하는 부분이 의사소통이라고 생각합니다. 의사소통이 되지 않으면 앞으로 전진을 할 수 없고 시간이 지나도 제자리 걸음을 멈추게 되기 때문입니다.","wordCount":38}}},"rawDataInfo":{"question":{"fileFormat":"wav","fileSize":541838,"duration":16930,"samplingBit":16,"channelCount":1,"samplingRate":"16kHz","audioPath":"/Mock/01.Management/Female/New/ckmk_q_bm_f_n_185653.wav"},"answer":{"fileFormat":"wav","fileSize":2597518,"duration":81170,"samplingBit":16,"channelCount":1,"samplingRate":"16kHz","audioPath":"/Mock/01.Management/Female/New/ckmk_a_bm_f_n_185653.wav"}}}