{"version":"1.0","dataSet":{"info":{"date":"20230116","occupation":"BM","channel":"MOCK","place":"ONLINE","gender":"FEMALE","ageRange":"55-","experience":"NEW"},"question":{"raw":{"text":"지원자님께서는 협업을 할 때 어떤 것을 가장 중요하게 생각하시나요 왜 그것을 가장 중요하게 생각하시는지도 말씀해 주세요","wordCount":16},"emotion":[],"intent":[]},"answer":{"raw":{"text":"협업을 할 때 가장 중요하게 생각하는 것이 무엇입니까 왜 그것을 가장 중요하게 생각하시는지 말씀해 주세요 라고 질문하셨습니다. 거기에 대한 저의 답변을 말씀드리겠습니다. 현재 협업 솔루션을 사용하고 있는 기업들의 비중은 대략 이십 오 프로 정도로 집계되고 있어 이 솔루션에 관심이 많고 실제 도입 계획을 갖고 있는 곳들이 꽤 있어 협업은 많이 중요한 부분을 차지하고 있습니다. 저는 협업을 할 때 가장 중요하게 생각하는 부분은 의사 소통이라고 봅니다 이러이러한 사항을 함께 모임 자리에서 협의하고 합의하고 공표하고 반복적으로 행하지 않으면 모든 것이 제자리이기 때문입니다. 의사 소통이 제대로 되지 않으면 앞으로 전진을 할 수 없고 시간이 지나도 항상 제자리 걸음을 멈출 수 없기 때문에 의사 소통이 가장 중요하다고 봅니다. 이상 협업을 할 때 가장 중요하게 생각되는 저희 의견이었습니다.","wordCount":113},"emotion":[],"intent":[{"text":"저는 협업을 할 때 가장 중요하게 생각하는 부분은 의사 소통이라고 봅니다","expression":"c_cop","category":"personality"},{"text":"이러이러한 사항을 함께 모임 자리에서 협의하고 합의하고 공표하고 반복적으로 행하지 않으면 모든 것이 제자리이기 때문입니다.","expression":"c_cop","category":"personality"},{"text":"의사 소통이 제대로 되지 않으면 앞으로 전진을 할 수 없고 시간이 지나도 항상 제자리 걸음을 멈출 수 없기 때문에 의사 소통이 가장 중요하다고 봅니다.","expression":"c_value","category":"background"}],"summary":{"text":"협업 솔루션을 사용하고 있는 기업들의 비중이 꽤 있어 협업은 중요한 부분을 차지하고 있습니다. 저는 협업을 할 때 가장 중요하게 생각하는 부분은 의사 소통이라고 생각합니다. 의사 소통이 제대로 되지 않으면 앞으로 전진을 할 수 없고 시간이 지나도 제자리 걸음을 멈출 수 없기 때문입니다.","wordCount":42}}},"rawDataInfo":{"question":{"fileFormat":"wav","fileSize":407118,"duration":12720,"samplingBit":16,"channelCount":1,"samplingRate":"16kHz","audioPath":"/Mock/01.Management/Female/New/ckmk_q_bm_f_n_175123.wav"},"answer":{"fileFormat":"wav","fileSize":2263758,"duration":70740,"samplingBit":16,"channelCount":1,"samplingRate":"16kHz","audioPath":"/Mock/01.Management/Female/New/ckmk_a_bm_f_n_175123.wav"}}}