{"version":"1.0","dataSet":{"info":{"date":"20230116","occupation":"BM","channel":"MOCK","place":"ONLINE","gender":"FEMALE","ageRange":"-34","experience":"NEW"},"question":{"raw":{"text":"지원자께서 좋아하는 앱이 있으십니까","wordCount":4},"emotion":[],"intent":[]},"answer":{"raw":{"text":"저는 블림프라는 앱을 좋아합니다. 그 앱이 제공하는 건 서울 도심에 어 굉장히 감성적이고 각각의 장점이 있는 장소를 제공하는 일입니다. 식당도 있고 전시장도 있고 어떤 야외 시설물도 있고 카페도 당연히 있는데 어 인스타에서 정말 많이 유행하는 어떤 인스타 스팟 사진 찍기 좋은 스팟보다는 분위기와 감상을 어 엄선된 사람들이 제공하고 각 특징별로 분류가 돼 있다는 점에서 제가 굉장히 애용하는 앱입니다.","wordCount":58},"emotion":[],"intent":[{"text":"","expression":"","category":"attitude"}],"summary":{"text":"서울 도심에 감성적이고 각각의 장점이 있는 장소와 분위기와 감상을 엄선된 사람들이 제공하고 각 특징별로 분류가 돼 있다는 점에서 블림프라는 앱을 애용합니다.","wordCount":21}}},"rawDataInfo":{"question":{"fileFormat":"wav","fileSize":220238,"duration":6880,"samplingBit":16,"channelCount":1,"samplingRate":"16kHz","audioPath":"/Mock/01.Management/Female/New/ckmk_q_bm_f_n_172001.wav"},"answer":{"fileFormat":"wav","fileSize":1870798,"duration":58460,"samplingBit":16,"channelCount":1,"samplingRate":"16kHz","audioPath":"/Mock/01.Management/Female/New/ckmk_a_bm_f_n_172001.wav"}}}