{"version":"1.0","dataSet":{"info":{"date":"20230116","occupation":"BM","channel":"MOCK","place":"ONLINE","gender":"FEMALE","ageRange":"45-54","experience":"NEW"},"question":{"raw":{"text":"기업이 자금을 조달하는 직접적이거나 간접적인 방법을 본인이 아시는 것까지 말씀하여 주세요","wordCount":11},"emotion":[],"intent":[]},"answer":{"raw":{"text":"기업이 자금을 조달하는 방법에는 여러 가지가 있을 수 있겠는데요. 제가 아는 부분에서는 어 사업을 유치하거나 두 번째는 가지고 있는 자산을 매각해서 새롭게 시작하는 사업에 투자를 하거나 마지막으로는 투자자에게 설명회를 갖고 내가 어떤 일을 앞으로 추진할 것인데 그것에 투자할 의향이 있는지 투자자들을 설득해서 투자를 하게 끔 하는 방법이 있는 것으로 알고 있습니다. 이 세 가지 방법 모두 투자를 잘 유치할 수 있는 방법인 것 같습니다.","wordCount":64},"emotion":[],"intent":[{"text":"","expression":"","category":"attitude"}],"summary":{"text":"기업이 자금을 조달하는 방법에는 사업 유치, 자산 매각, 투자자 설득 등이 있는데 이 세 가지 방법 모두 투자를 잘 유치할 수 있는 방법인 것 같습니다.","wordCount":25}}},"rawDataInfo":{"question":{"fileFormat":"wav","fileSize":325838,"duration":10180,"samplingBit":16,"channelCount":1,"samplingRate":"16kHz","audioPath":"/Mock/01.Management/Female/New/ckmk_q_bm_f_n_173768.wav"},"answer":{"fileFormat":"wav","fileSize":1371598,"duration":42860,"samplingBit":16,"channelCount":1,"samplingRate":"16kHz","audioPath":"/Mock/01.Management/Female/New/ckmk_a_bm_f_n_173768.wav"}}}