{"version":"1.0","dataSet":{"info":{"date":"20230116","occupation":"BM","channel":"MOCK","place":"ONLINE","gender":"FEMALE","ageRange":"-34","experience":"NEW"},"question":{"raw":{"text":"어 본인은 우리 회사에 입사를 하고 하고 싶은 업무가 있으신지 궁금한데요 있으시다면 이유와 함께 자세하게 말씀을 해 주시기 바랍니다","wordCount":19},"emotion":[],"intent":[]},"answer":{"raw":{"text":"네 저는 회사에 들어가게 된다면 저는 신사업 본부에서 일을 꼭 해보고 싶습니다. 사실 업무가 지금 굉장히 이미 표준화된 상태에서 제가 더욱더 도움될 수 있는 분야가 뭘까 생각을 해봤는데 제가 창의력이 좋다 라는 이야기를 많이 들었어요. 그래서 제가 새로운 분야를 좀 개척을 해서 회사에 도움이 되고 싶고 그리고 새로운 뭐 먹거리나 제가 어떻게 하면 마케팅을 좀 더 참신하게 할 수 있을까. 그런 분야에서 제가 일을 하게 된다면 조금 더 회사에 도움이 되는 인재가 되지 않을까 싶어서 저는 신사업 본부에서 일을 꼭 하고 하고 싶고요. 그리고 거기서 생각해보면서 마케팅 쪽을 한다면 고객들이 더욱더 유치가 잘 될 수 있도록 제가 큰 도움 드릴 수 있을 것 같습니다. 그래서 저는 신사업 본부 마케팅을 해보고 싶습니다.","wordCount":111},"emotion":[],"intent":[{"text":"그리고 거기서 생각해보면서 마케팅 쪽을 한다면 고객들이   더욱더 유치가 잘 될 수 있도록 제가 큰 도움 드릴 수 있을 것 같습니다.","expression":"c_sincere_co","category":"etc"}],"summary":{"text":"업무가 표준화된 상태에서 창의력이 좋다는 말을 많이 들어서 신사업 본부에서 일을 하고 싶습니다. 새로운 분야를 개척해서 회사에 도움이 되고 싶습니다. 먹거리나 마케팅을 좀 더 참신하게 할 수 있는 그런 분야에서 일을 하게 된다면 회사에도 도움 될 것 같습니다.","wordCount":38}}},"rawDataInfo":{"question":{"fileFormat":"wav","fileSize":602318,"duration":18820,"samplingBit":16,"channelCount":1,"samplingRate":"16kHz","audioPath":"/Mock/01.Management/Female/New/ckmk_q_bm_f_n_176396.wav"},"answer":{"fileFormat":"wav","fileSize":2118158,"duration":66190,"samplingBit":16,"channelCount":1,"samplingRate":"16kHz","audioPath":"/Mock/01.Management/Female/New/ckmk_a_bm_f_n_176396.wav"}}}