{"version":"1.0","dataSet":{"info":{"date":"20230116","occupation":"BM","channel":"MOCK","place":"ONLINE","gender":"FEMALE","ageRange":"-34","experience":"NEW"},"question":{"raw":{"text":"지원자님께서 지금 읽고 계신 책이 있다면 무슨 책인지 궁금하고요 또 왜 그 책을 읽으셨는지도 편안하게 말씀해 주세요","wordCount":17},"emotion":[],"intent":[]},"answer":{"raw":{"text":"제가 지금 읽고 있는 책은 일간 이슬아 수필집 입니다. 일간 이슬아 수필집은 어 이슬아 작가님이 구독자들에게 하루 한 편의 수필을 메일로 보내던 방식으로 연재했던 글들인데요. 그거를 이제 엮은 책이고 그래서 엄청 많은 에피소드가 담겨있습니다. 어 그래서 우선적으로는 어 책이 두껍지만 그 책을 뭐 한 번에 빨리 읽어야 한다는 부담감이 없이 하루에 두 가지의 수필 세 가지 정도 두 세 가지의 글을 읽는 부분에서 어 부담이 없고 재미있는 부분이 있고요. 이슬아 작가님이 구십 년대 생이고 서울에 올라와서 혼자 살고 있는 여성이라는 점 그런 부분들이 어 저와 상황이 비슷한 것 같아서 특히나 그런 생활 에피소드 같은 것들이 많이 공감이 되어서 읽으면서 재미도 있고 공감도 되고 위로도 받고 그래서 이 책을 계속 읽게 되는 것 같습니다.","wordCount":113},"emotion":[],"intent":[{"text":"","expression":"","category":"attitude"}],"summary":{"text":"일간 이슬아 수필집은 작가님이 구독자들에게 하루 한 편의 수필을 메일로 보내던 방식으로 연재했던 글들을 엮은 책입니다. 책이 두껍지만 부담감이 없이 하루에 두 가지의 수필 세 가지의 글을 읽는 부분에서 어 부담이 없고 재미있는 부분이 있습니다.","wordCount":35}}},"rawDataInfo":{"question":{"fileFormat":"wav","fileSize":461518,"duration":14420,"samplingBit":16,"channelCount":1,"samplingRate":"16kHz","audioPath":"/Mock/01.Management/Female/New/ckmk_q_bm_f_n_172621.wav"},"answer":{"fileFormat":"wav","fileSize":2342798,"duration":73210,"samplingBit":16,"channelCount":1,"samplingRate":"16kHz","audioPath":"/Mock/01.Management/Female/New/ckmk_a_bm_f_n_172621.wav"}}}