{"version":"1.0","dataSet":{"info":{"date":"20230116","occupation":"BM","channel":"MOCK","place":"ONLINE","gender":"FEMALE","ageRange":"-34","experience":"NEW"},"question":{"raw":{"text":"어 지원자님께서는 그동안 인생에서 겪었던 갈등들 중에서 어떤 것이 가장 심각했던 갈등이었는지요 어 그중에 한 가지만 골라서 자세히 말씀해 주시겠습니까","wordCount":20},"emotion":[],"intent":[]},"answer":{"raw":{"text":"제가 인생에서 겪었던 갈등 중 가장 심각했던 갈등은 음 공모전을 위해 영상을 만 제작하던 중 촬영을 앞두고 촬영을 맡았던 팀원과 음 촬영 장비 대여의 문제로 갈등을 빚었던 것입니다. 어 당시 그 갈등이 너무 심하였고 어 특히 촬영 감독이 저와 다른 팀원들이 함께 한다면 촬영을 하지 않겠다고 선언을 해서 음 정말 촬영이 얼마 남지 않은 상황이었기 때문에 어쩔 수 없이 저희가 프로젝트에서 빠졌어야 했습니다. 물론 그 이후에 촬영감독에게 진심 어린 사과를 받았고 또 어 그 엔딩 크레딧에 저희 이름을 다시 넣어주면서 어 그 갈등을 잠재우기는 했었지만 어 정말 제가 오랜 기간 열심히 준비했던 프로젝트에 정작 촬영 때 빠지게 되어서 많이 속상했고 많이 힘들었던 경험이었습니다.","wordCount":103},"emotion":[],"intent":[{"text":"","expression":"","category":"attitude"}],"summary":{"text":"공모전을 위해 영상을 제작하던 중 촬영을 맡았던 팀원과 촬영 장비 대여의 문제로 갈등을 빚었습니다. 촬영감독에게 진심 어린 사과를 받고 엔딩 크레딧에 이름을 다시 넣어 갈등은 잠재우기는 했지만 속상했고 많이 힘들었던 경험이었습니다.","wordCount":31}}},"rawDataInfo":{"question":{"fileFormat":"wav","fileSize":493838,"duration":15430,"samplingBit":16,"channelCount":1,"samplingRate":"16kHz","audioPath":"/Mock/01.Management/Female/New/ckmk_q_bm_f_n_190217.wav"},"answer":{"fileFormat":"wav","fileSize":2475598,"duration":77360,"samplingBit":16,"channelCount":1,"samplingRate":"16kHz","audioPath":"/Mock/01.Management/Female/New/ckmk_a_bm_f_n_190217.wav"}}}