{"version":"1.0","dataSet":{"info":{"date":"20230116","occupation":"BM","channel":"MOCK","place":"ONLINE","gender":"FEMALE","ageRange":"-34","experience":"NEW"},"question":{"raw":{"text":"회사 하나를 경영하고 있다 또는 뭐 식당 하나를 경영하고 있다 이렇게 이런 흔한 말을 들을 수 있는데요 그렇다면 여기서 지원자께서 생각하는 경영이란 건 무엇이라고 생각하십니까","wordCount":25},"emotion":[],"intent":[]},"answer":{"raw":{"text":"경영이란 어떤 한 회사를 꾸려가는 것이라고 생각을 합니다. 그렇지만 경영이라고 해서 모두 다 좋은 경영이라고 할 수는 없는 것이 이 회사를 꾸려가는 것도 잘 꾸려가야 되지 않습니까. 그래서 어 꼭 말씀드려야 할 것이 이에스지 경영을 말씀드리지 않을 수 없는데요. 이에스지 경영은 환경이나 그리고 음 그런 조직 문화 이런 것들이 지속 가능할 수 있도록 유지할 수 있는 그런 기업의 마인드 라고 생각을 하는데 이렇게 기업이 자신의 이익만 생각하지 않고 자신과 연결된 어 사회와 그리고 어 근무하고 있는 근로자 그리고 그 기업이 존재하고 있는 국가 그리고 세계 이런 것들을 다 연관지어서 생각할 수 있을 때 이 기업 기업의 경영이 어 좋게 흘러가고 있다 라고 말할 수 있을 것 같습니다.","wordCount":107},"emotion":[],"intent":[{"text":"","expression":"","category":"attitude"}],"summary":{"text":"이에스지 경영이란 환경이나 조직 문화 등이 지속 가능하도록 유지할 수 있는 기업의 마인드로 자신과 연결된 사회, 근로자, 기업이 존재하는 국가, 세계를 다 연관지을 때 기업의 경영이 좋게 흘러가고 있다고 말할 수 있을 것 같습니다.","wordCount":34}}},"rawDataInfo":{"question":{"fileFormat":"wav","fileSize":542798,"duration":16960,"samplingBit":16,"channelCount":1,"samplingRate":"16kHz","audioPath":"/Mock/01.Management/Female/New/ckmk_q_bm_f_n_170406.wav"},"answer":{"fileFormat":"wav","fileSize":2213838,"duration":69180,"samplingBit":16,"channelCount":1,"samplingRate":"16kHz","audioPath":"/Mock/01.Management/Female/New/ckmk_a_bm_f_n_170406.wav"}}}