{"version":"1.0","dataSet":{"info":{"date":"20230116","occupation":"BM","channel":"MOCK","place":"ONLINE","gender":"FEMALE","ageRange":"55-","experience":"NEW"},"question":{"raw":{"text":"창의성과 팀워크 중에 더 중요한 것은 무엇이라고 생각하시나요 그리고 그렇게 생각하시는 그 근거도 함께 들어서 말씀해 주시길 바랍니다","wordCount":18},"emotion":[],"intent":[]},"answer":{"raw":{"text":"창의성과 팀워크중 더 중요한 것은 무엇이라고 생각하십니까 근거도 함께 들어서 말씀해 주세요 라고 질문하셨습니다. 창의성의 기본 요소 중 가장 중요한 것은 민감성이라 해서 팀워크의 조금은 방해가 되긴 합니다. 민감성은 오감으로 들어오는 정보를 민감하게 받아들이는 것을 말하는데 창의성을 키우기 위해서는 많은 경험과 혼자만의 독특한 독창성 세계가 있다고 봅니다. 다른 사람이 생각해내지 못하는 새로운 아이디어를 발상하는 능력을 유창성이나 독창성의 특징인 많은 아이디어 새로운 아이디어를 생각해내는 것도 필요하지만 그렇게 생각한 아이디어 중 실제 구현 가능한 것을 선택하여 다듬고 가치를 부여하는 요소도 팀워크가 잘 되어야 큰 그림이 그려지긴 합니다. 창의성과 팀워크 요소 중 어느 하나 중요하다고 꼭 찝어 얘기하기는 어렵지만 그래도 창의성 없인 큰 그림이 어려워지므로 가장 중요한 것을 창의성으로 보겠습니다. 감사합니다.","wordCount":108},"emotion":[],"intent":[{"text":"","expression":"","category":"attitude"}],"summary":{"text":"창의성의 기본 요소 중 가장 중요한 것은 민감성이라 해서 팀워크의 조금은 방해가 되긴 합니다. 민감성은 오감으로 들어오는 정보를 민감하게 받아들이는 것을 말하는데 창의성을 키우기 위해서는 많은 경험과 혼자의 독특한 독창성 세계가 필요하다고 봅니다.","wordCount":33}}},"rawDataInfo":{"question":{"fileFormat":"wav","fileSize":451918,"duration":14120,"samplingBit":16,"channelCount":1,"samplingRate":"16kHz","audioPath":"/Mock/01.Management/Female/New/ckmk_q_bm_f_n_185883.wav"},"answer":{"fileFormat":"wav","fileSize":2597838,"duration":81180,"samplingBit":16,"channelCount":1,"samplingRate":"16kHz","audioPath":"/Mock/01.Management/Female/New/ckmk_a_bm_f_n_185883.wav"}}}