{"version":"1.0","dataSet":{"info":{"date":"20230116","occupation":"BM","channel":"MOCK","place":"ONLINE","gender":"FEMALE","ageRange":"35-44","experience":"NEW"},"question":{"raw":{"text":"지원자님께서는 평소에 검색을 자주 하시는 편이신가요 주로 어떤 검색을 하시는지 왜 그런 검색을 하시는지 말씀해 주세요","wordCount":16},"emotion":[],"intent":[]},"answer":{"raw":{"text":"평소에 검색 많이 합니다. 수시로 자주 그냥 하는 것 같습니다. 어 뭐 그냥 일을 할 때는 당연히 업무하면서 그 모르는 거는 당연히 찾아보는 게 있구요. 그거 말고도 평소에 그냥 화장실에 가서도 아 내가 뭘 오늘 살려고 했지 하면서 물건 서치하는 데도 많이 검색을 해보고 이게 정말 어떤가 후기를 많이 찾아보고요. 그리고 가격 비교를 하기 위해서 많이 찾아봅니다. 또는 이제 뭐 그 그 퇴근하고 나서는 집에 와서 음식을 할 때 평소에도 내가 아는 음식이었음에도 불구하고 요즘에는 레시피를 다시 찾아보게 되더라구요. 새로운 맛 짓이 또 요즘에 많아서 또 다른 방식으로 뭔가 요리를 할 수 있는지 검색을 하기 위해서 어 많이 서치를 합니다.","wordCount":100},"emotion":[],"intent":[{"text":"","expression":"","category":"attitude"}],"summary":{"text":"업무시간에는 모르는 것을 검색하고, 화장실에서는 물건 서치, 후기, 가격 비교, 음식 재료의 검색과 새로운 요리의 검색이 많습니다.","wordCount":17}}},"rawDataInfo":{"question":{"fileFormat":"wav","fileSize":513358,"duration":16040,"samplingBit":16,"channelCount":1,"samplingRate":"16kHz","audioPath":"/Mock/01.Management/Female/New/ckmk_q_bm_f_n_181435.wav"},"answer":{"fileFormat":"wav","fileSize":2032078,"duration":63500,"samplingBit":16,"channelCount":1,"samplingRate":"16kHz","audioPath":"/Mock/01.Management/Female/New/ckmk_a_bm_f_n_181435.wav"}}}