{"version":"1.0","dataSet":{"info":{"date":"20230116","occupation":"BM","channel":"MOCK","place":"ONLINE","gender":"FEMALE","ageRange":"-34","experience":"NEW"},"question":{"raw":{"text":"커뮤니케이션을 잘할 수 있는 본인만의 스킬이 있다면 한 번 보여주세요","wordCount":10},"emotion":[],"intent":[]},"answer":{"raw":{"text":"저 같은 경우에는 눈을 정말 잘 마주칩니다. 어떤 특히 여러 사람들이랑 대화를 할 때는 집단 안에서 자신의 시선이 안정적으로 바라보는 데가 없으면 좋 어색하기 마련인데 제가 경청하는 사람의 입장일 때 그 상대의 눈을 바라보는 걸 굉장히 잘 합니다. 지금 같은 경우에도 면접관님들과 전혀 떨지 않고 눈을 잘 마주치는 걸 보실 수 있을 것 같은데 이 부분이 제가 가진 좋은 스킬이라고 생각합니다.","wordCount":61},"emotion":[],"intent":[{"text":"","expression":"","category":"attitude"}],"summary":{"text":"면접관님들과 전혀 떨지 않고 눈을 잘 마주치는 걸 보실 수 있을 것 같은데 이 부분이 제가 가진 좋은 스킬이라고 생각합니다.","wordCount":20}}},"rawDataInfo":{"question":{"fileFormat":"wav","fileSize":283278,"duration":8850,"samplingBit":16,"channelCount":1,"samplingRate":"16kHz","audioPath":"/Mock/01.Management/Female/New/ckmk_q_bm_f_n_172002.wav"},"answer":{"fileFormat":"wav","fileSize":1182158,"duration":36940,"samplingBit":16,"channelCount":1,"samplingRate":"16kHz","audioPath":"/Mock/01.Management/Female/New/ckmk_a_bm_f_n_172002.wav"}}}