{"version":"1.0","dataSet":{"info":{"date":"20230116","occupation":"BM","channel":"MOCK","place":"ONLINE","gender":"FEMALE","ageRange":"35-44","experience":"NEW"},"question":{"raw":{"text":"만약 지원자님이 상사가 회사의 이익에 반하는 행동을 직접 지원자님이 목격하셨다면 그때 지원자님은 어떻게 대응하실 건가요","wordCount":15},"emotion":[],"intent":[]},"answer":{"raw":{"text":"가장 먼저 제가 목격한 내용이 정말로 부정행위가 맞는지 다시 한 번 체크하겠습니다. 부정적이라는 판단은 지극히 제 주관적인 판단일 수 있기 때문에 우선 상사의 행동 이면에 제가 미쳐 알지 못하는 상황이 존재하는지 그리고 해당 상황을 판단할 수 있는 객관적인 규정이나 원칙이 무엇인지 따져보면서 다시 한번 확인해야 할 것 같습니다. 확인 결과 어 상사에 해당 행위가 부정한 것으로 판단된다면 일단 행위 당사자인 상사에게 제가 목격한 사실에 대해 말씀드리고 해당 행위의 이유를 여쭤볼 것 같습니다. 그래서 앞으로 이어질 상황 등에 대해서 함께 의논하는 시간을 가질 것 같습니다. 만약 상사가 자신의 행위에 행위를 부정하거나 저에게 눈감아 달라는 요청을 해 올 경우라면 저는 그 상황을 회피한 뒤 다른 멘토분께 조언을 구할 것 같습니다.","wordCount":108},"emotion":[],"intent":[{"text":"","expression":"","category":"attitude"}],"summary":{"text":"부정행위에 대한 판단은 지극히 제 주관적인 판단일 수 있기 때문에 우선 상사의 행동 이면에 제가 미쳐 알지 못하는 상황이 존재하는지 그리고 해당 상황을 판단할 수 있는 객관적인 규정이나 원칙이 무엇인지 따져보면서 다시 한번 확인해야 할 것 같습니다.","wordCount":37}}},"rawDataInfo":{"question":{"fileFormat":"wav","fileSize":540878,"duration":16900,"samplingBit":16,"channelCount":1,"samplingRate":"16kHz","audioPath":"/Mock/01.Management/Female/New/ckmk_q_bm_f_n_190153.wav"},"answer":{"fileFormat":"wav","fileSize":2019918,"duration":63120,"samplingBit":16,"channelCount":1,"samplingRate":"16kHz","audioPath":"/Mock/01.Management/Female/New/ckmk_a_bm_f_n_190153.wav"}}}