{"version":"1.0","dataSet":{"info":{"date":"20230116","occupation":"BM","channel":"MOCK","place":"ONLINE","gender":"FEMALE","ageRange":"-34","experience":"NEW"},"question":{"raw":{"text":"지원자님께서 지금 본인이 내일 죽는다는 사실을 안다면 지원자님은 당장 뭘 할 것인가요 지원자님이 이 면접을 끝까지 계속 보시겠습니까 어떻게 하실 것인지 설명 부탁드립니다","wordCount":23},"emotion":[],"intent":[]},"answer":{"raw":{"text":"지금 당장 제가 내일 죽는다는 사실을 알게 된다면 저는 면접을 그만 보고 집에 가서 제가 사랑하는 사람들과 함께 시간을 보내고 그동안에 제 삶을 정리하는 시간을 가질 것 같습니다. 왜냐하면 이 회사에는 저보다 지금 내일 당장 죽는 저보다 더 책임감 있게 더 오래 오래간 일할 사람이 필요하고 제가 그 사람의 기회를 뺏는 것일 수도 있기 때문에 그래서 저는 내일 죽는다는 사실을 안다면 이 면접을 끝까지 보지 않고 어 제 사정을 말씀드린 다음에 집으로 향할 것 같습니다.","wordCount":75},"emotion":[],"intent":[{"text":"","expression":"","category":"attitude"}],"summary":{"text":"회사에는 저보다 더 책임감 있게 더 오래 일할 사람이 필요하고 그 사람의 기회를 뺏을 수도 있기 때문에 저는 면접을 끝까지 보지 않고 집으로 향할 것 같습니다.","wordCount":26}}},"rawDataInfo":{"question":{"fileFormat":"wav","fileSize":547278,"duration":17100,"samplingBit":16,"channelCount":1,"samplingRate":"16kHz","audioPath":"/Mock/01.Management/Female/New/ckmk_q_bm_f_n_174904.wav"},"answer":{"fileFormat":"wav","fileSize":1583438,"duration":49480,"samplingBit":16,"channelCount":1,"samplingRate":"16kHz","audioPath":"/Mock/01.Management/Female/New/ckmk_a_bm_f_n_174904.wav"}}}