{"version":"1.0","dataSet":{"info":{"date":"20230116","occupation":"BM","channel":"MOCK","place":"ONLINE","gender":"FEMALE","ageRange":"55-","experience":"NEW"},"question":{"raw":{"text":"현재 시대는 물류가 굉장히 다양화되고 있는데 앞으로 물류의 미래는 어떨 것 같은지 설명해 주세요","wordCount":14},"emotion":[],"intent":[]},"answer":{"raw":{"text":"어 물 우리나라만큼 물류 환경이 어 아 잘 조성되어 있는 나라는 없다고 생각합니다. 어 사람들이 어 빠르게 에 주문을 하고 인터넷에서나 어 이런 비대면 주문을 하고 그것이 굉장히 빠른 시간에 편리하고 편리하게 우리 집 앞으로 배달이 됩니다. 또한 우리 배달 문화도 어 우리나라처럼 어 모든 걸 원하는 것을 바로 금방 얻는 것은 정말 어 너무 간편하고 편리한 시스템이라고 생각을 하고요. 어 다만 물류를 어 하면서 그 여러 가지 문제들이 발생하고 있는 것도 사실입니다. 뭐 어 돈은 입금했지만 물건을 받지 못한다거나 아니면 어 제가 원하는 물건이 도착하지 않았거나 이런 여러 가지의 문제들도 발생하고 있고 어 앞으로 모든 것이 다 이런 어 비대면에 어 어 물류 어 환경으로 다 더 많이 발전될 것 같습니다. 그 그 안에서 피해를 최소한 줄일 수 있는 그런 장치를 마련해 가는 것도 중요하다고 생각합니다.","wordCount":127},"emotion":[{"text":"어 사람들이 어 빠르게 에 주문을 하고 인터넷에서나 어 이런 비대면 주문을 하고 그것이 굉장히 빠른 시간에 편리하고 편리하게 우리 집 앞으로 배달이 됩니다.","expression":"u-fact","category":"neutral"}],"intent":[{"text":"","expression":"","category":"attitude"}],"summary":{"text":"우리나라처럼 물류 환경이 잘 조성된 나라는 없습니다. 비대면 주문이 빠르고 원하는 것을 바로 얻을 수 있어 편리합니다. 다만 입금했지만 물건을 받지 못한다거나 원하는 물건이 도착하지 않는 여러 가지 문제가 발생하고 있습니다.  피해를 줄일 수 있는 장치를 마련해 가는 것도 중요합니다.","wordCount":40}}},"rawDataInfo":{"question":{"fileFormat":"wav","fileSize":345678,"duration":10800,"samplingBit":16,"channelCount":1,"samplingRate":"16kHz","audioPath":"/Mock/01.Management/Female/New/ckmk_q_bm_f_n_174222.wav"},"answer":{"fileFormat":"wav","fileSize":2725198,"duration":85160,"samplingBit":16,"channelCount":1,"samplingRate":"16kHz","audioPath":"/Mock/01.Management/Female/New/ckmk_a_bm_f_n_174222.wav"}}}