{"version":"1.0","dataSet":{"info":{"date":"20230116","occupation":"BM","channel":"MOCK","place":"ONLINE","gender":"FEMALE","ageRange":"-34","experience":"NEW"},"question":{"raw":{"text":"본인은 의견을 주장할 때 강하게 주장하는 편인가요 의견을 주장할 때 어떤 스타일로 의견을 주장하시나요","wordCount":14},"emotion":[],"intent":[]},"answer":{"raw":{"text":"저는 의견을 주장할 때 일단 제가 의견을 낼 대상에 대해서 한번 생각을 해 봅니다. 제가 어찌됐든 의견을 주장할 때 제가 원하는 것은 제 의견을 피력하는 것이기 때문에 어떤 형태로 제가 의견을 얘기했을 때 제가 말하는 사람에게 잘 먹혀들 수 있는지를 먼저 생각하는 것 같습니다. 의견을 강하게 이야기 했을 때 그 의견이 어 설득력을 갖는 경우에는 그렇게 얘기해야겠고 제가 애둘러서 얘기해야 할 때 그 의견이 잘 먹혀든다고 생각하는 사람인 사람이라면 그렇게 이야기를 해야겠죠. 그래서 그래서 저는 대화를 나누는 사람을 관찰하고 그 사람의 성향을 고려해서 이야기를 하려고 노력하는 편인 것 같습니다.","wordCount":89},"emotion":[],"intent":[{"text":"","expression":"","category":"attitude"}],"summary":{"text":"저는 의견을 주장할 때 의견을 낼 대상에 대해 생각을 해 봅니다. 의견을 강하게 이야기 했을 때 그 의견이 설득력을 갖는 경우에는 그렇게 얘기하고, 애둘러서 얘기해야 할 때는 그 의견이 잘 먹혀든다고 생각하는 사람이라면 그렇게 이야기를 해줍니다.","wordCount":36}}},"rawDataInfo":{"question":{"fileFormat":"wav","fileSize":285198,"duration":8910,"samplingBit":16,"channelCount":1,"samplingRate":"16kHz","audioPath":"/Mock/01.Management/Female/New/ckmk_q_bm_f_n_170411.wav"},"answer":{"fileFormat":"wav","fileSize":1882958,"duration":58840,"samplingBit":16,"channelCount":1,"samplingRate":"16kHz","audioPath":"/Mock/01.Management/Female/New/ckmk_a_bm_f_n_170411.wav"}}}