{"version":"1.0","dataSet":{"info":{"date":"20230116","occupation":"BM","channel":"MOCK","place":"ONLINE","gender":"FEMALE","ageRange":"45-54","experience":"NEW"},"question":{"raw":{"text":"만약 업무를 하던 중 팀원과 불화가 생긴다면 지원자님께서는 어떻게 대처하실 건가요 그 해결책과 그렇게 행동하실 이유를 함께 말씀해 주세요","wordCount":19},"emotion":[],"intent":[]},"answer":{"raw":{"text":"어 팀원과의 불화는 표현하지 않는 불평불만 때문에 발생한다고 생각을 합니다. 그래서 우선 제가 일단 제가 막 열린 마음으로 그 사람한테 상대방에게 다가가서 그 사람의 마음을 열 수 있도록 하는 게 중요할 것 같구요. 또 심오한 대화를 통해서 그 사람이 갖고 있는 문제가 무엇인지 내가 해결해 줄 수 있는 것들이 무엇인지 어 대화를 통해서 풀어내는 것이 가장 어 현명한 방법이라고 생각을 합니다.","wordCount":61},"emotion":[],"intent":[{"text":"","expression":"","category":"attitude"}],"summary":{"text":"팀원간의 불화는 표현하지 않는 불평불만으로 인해 발생하기 때문에 마음을 열고 대화를 통해 그 사람이 갖고 있는 문제를 풀어내는 것이 현명하다고 생각합니다.","wordCount":21}}},"rawDataInfo":{"question":{"fileFormat":"wav","fileSize":496078,"duration":15500,"samplingBit":16,"channelCount":1,"samplingRate":"16kHz","audioPath":"/Mock/01.Management/Female/New/ckmk_q_bm_f_n_188207.wav"},"answer":{"fileFormat":"wav","fileSize":1075598,"duration":33610,"samplingBit":16,"channelCount":1,"samplingRate":"16kHz","audioPath":"/Mock/01.Management/Female/New/ckmk_a_bm_f_n_188207.wav"}}}