{"version":"1.0","dataSet":{"info":{"date":"20230116","occupation":"BM","channel":"MOCK","place":"ONLINE","gender":"FEMALE","ageRange":"-34","experience":"NEW"},"question":{"raw":{"text":"지원자분께서 일을 진행하시다 보면 영어로 본인의 서류를 작성해야 할 일이 굉장히 많이 생길 수 있습니다 지원자분께서는 영어로 서류를 작성하는 데 있어서 어려움이 없으신지 궁금합니다","wordCount":24},"emotion":[],"intent":[]},"answer":{"raw":{"text":"네 기본적으로 저는 영어 뿐만이 아니라 중국어도 좀 능숙하게 할 수 있는 편입니다. 아 아무래도 이제 해외 영업이나 아니면 해외 마케팅 그리고 해외 관련한 직무를 하다 보면 영어를 할 일이 굉장히 많았습니다. 그래서 제가 영어를 더 본격적으로 배우기 시작을 했는데요. 제가 기본적인 영언 할 수 있었지만 사실 비즈니스 대화에서 사용하는 용어나 언어들이 좀 다양하고 달랐기 때문에 제가 개별적으로 어 스스로 공부도 하고요. 그리고 업무를 하면서 또 배워나간 점이 많은 것 같습니다. 아 그래서 저는 이제 만약에 저한테 업무를 맡겨주신다고 하면 제가 기본적인 영어 서류 작성 뿐만이 아니라 또 커뮤니케이션이나 아니면 이메일로 소통이 가능한 상황입니다. 아 그래서 제가 만약에 입사를 하게 돼서 이런 부분들을 지원할 수 있으면 저도 또 의미가 있고 재미있게 일할 수 있을 것 같다는 생각이 들고요. 그리고 지금 제가 중국어를 할 수 있다고 말씀을 드렸는데 요즘에 또 중국 시장으로 진출하는 것도 많아지고 있습니다. 그래서 중국어 관련해 서류 작성 그리고 간단한 회화나 또 언어도 가능하기 때문에 이런 점들을 활용을 해서 입사를 하게 된다면 제 능력을 개발하고 또 앞으로 더 열심히 할 수 있는 그런 사원이 되면 좋을 것 같습니다.","wordCount":170},"emotion":[],"intent":[{"text":"","expression":"","category":"attitude"}],"summary":{"text":"해외 영업이나 해외 마케팅, 해외 관련한 직무를 하다 보면 영어를 할 일이 많아 영어를 더 본격적으로 배우기 시작했습니다. 업무 수행 시 커뮤니케이션이나 이메일로 소통이 가능합니다. 중국어 관련 서류 작성, 간단한 회화나 언어도 가능하기 때문에 이런 점들을 활용해서 입사를 하게 된다면 능력을 개발하고 열심히 할 수 있는 사원이 되면 좋겠습니다.","wordCount":49}}},"rawDataInfo":{"question":{"fileFormat":"wav","fileSize":593358,"duration":18540,"samplingBit":16,"channelCount":1,"samplingRate":"16kHz","audioPath":"/Mock/01.Management/Female/New/ckmk_q_bm_f_n_174345.wav"},"answer":{"fileFormat":"wav","fileSize":2798798,"duration":87460,"samplingBit":16,"channelCount":1,"samplingRate":"16kHz","audioPath":"/Mock/01.Management/Female/New/ckmk_a_bm_f_n_174345.wav"}}}