{"version":"1.0","dataSet":{"info":{"date":"20230116","occupation":"BM","channel":"MOCK","place":"ONLINE","gender":"FEMALE","ageRange":"-34","experience":"NEW"},"question":{"raw":{"text":"검색 엔진 네이버 다음 구글의 검색을 비교해 보시고 해당 검색 엔진들의 차이점이나 장단점이 있으시다면 설명 부탁드립니다","wordCount":16},"emotion":[],"intent":[]},"answer":{"raw":{"text":"네이버와 다음의 경우 음 블로그와 카페라는 콘텐츠가 제작되는 음 그런 기능을 함께 하고 있기 때문에 어 자사의 콘텐츠가 많이 노출된다는 점이 구글과 큰 차이가 있는 것 같습니다. 구글의 경우 구글이 직접 운용하는 운영하는 블로그나 카페 기능이 없다 보니 어 다른 곳에 산재돼 아 다른 곳에 퍼져있는 정보들을 모아서 보여 준는 역할을 한다면 네이버 다음의 경우 음 본인들이 가지고 있는 콘텐츠를 우선적으로 보여 주는 것 같습니다. 네이버의 경우 카페와 블로그 모두 굉장히 활성화되어 있고 어 많은 유저들이 있기 때문에 이를 통해서도 충분한 답변을 얻을 수 있다는 것이 큰 장점인 것 같습니다. 어 다음의 경우 어 카페 서비스 정도만 활성화되어 있기 때문에 어 네이버에 비해서는 조금 정보의 양이 부족하다고 느껴지기도 합니다.","wordCount":109},"emotion":[{"text":"구글의 경우 구글이 직접 운용하는 운영하는   블로그나 카페 기능이 없다","expression":"u-fact","category":"neutral"}],"intent":[{"text":"","expression":"","category":"attitude"}],"summary":{"text":"네이버와 다음의 경우 블로그와 카페라는 콘텐츠가 제작되는 기능을 함께 하고 있기 때문에 자사 콘텐츠가 많이 노출된다는 점이 구글과 큰 차이가 있습니다. 네이버는 카페와 블로그가 활성화되어 있고 많은 유저들이 있어 충분한 답변을 얻을 수 있는 것이 큰 장점인 것 같습니다.","wordCount":39}}},"rawDataInfo":{"question":{"fileFormat":"wav","fileSize":459278,"duration":14350,"samplingBit":16,"channelCount":1,"samplingRate":"16kHz","audioPath":"/Mock/01.Management/Female/New/ckmk_q_bm_f_n_184907.wav"},"answer":{"fileFormat":"wav","fileSize":2357198,"duration":73660,"samplingBit":16,"channelCount":1,"samplingRate":"16kHz","audioPath":"/Mock/01.Management/Female/New/ckmk_a_bm_f_n_184907.wav"}}}