{"version":"1.0","dataSet":{"info":{"date":"20230116","occupation":"BM","channel":"MOCK","place":"ONLINE","gender":"FEMALE","ageRange":"45-54","experience":"NEW"},"question":{"raw":{"text":"본인이 생각하기에 본인의 노년은 어떤 모습이었으면 좋겠나요 지원자님이 생각하시는 이상적인 노년의 모습을 말씀해 주세요","wordCount":14},"emotion":[],"intent":[]},"answer":{"raw":{"text":"어 이제 제 나이도 이제 적은 나이가 아니다 보니 그 노년의 모습을 안 그래도 잘 떠 올리고 생각을 합니다. 제가 생각하는 이상적인 노년의 모습은 일단 그 육체적으로도 좀 건강한 노년의 모습이어야 되고 정신적으로도 건강한 그러니까 우울함이나 어떤 스트레스가 없으면서 그리고 이제 소통이 잘 되는 잔소리를 하는 게 아니라 어떤 대화가 되는 젊은이들과 대화가 되는 그런 노년의 제가 되었으면 좋겠구요. 그렇다면 이제 여러 가지로 열린 마음이어야 되고 나는 안 그랬는데 이런 생각이 아니라 모든 것을 수용할 수 있는 마음 넓은 그런 노년이었으면 좋겠고 어 잔소리보다는 조언을 해줄 수 있는 또 앞날에 대해서 또 그 상담도 해줄 수 있는 젊은 사람들과 잘 소통이 되는 그런 노년의 제가 되었으면 좋겠습니다.","wordCount":107},"emotion":[],"intent":[{"text":"","expression":"","category":"attitude"}],"summary":{"text":"제가 생각하는 이상적인 노년의 모습은 육체적, 정신적 건강으로 우울함이나 스트레스가 없고 소통이 잘 되는 잔소리가 아니라 젊은이들과 대화가 되는 노년이었으면 좋겠습니다. 잔소리보다는 조언을 해주고 젊은이들과 잘 소통이 되는 그런 노년을 바랍니다.","wordCount":31}}},"rawDataInfo":{"question":{"fileFormat":"wav","fileSize":367438,"duration":11480,"samplingBit":16,"channelCount":1,"samplingRate":"16kHz","audioPath":"/Mock/01.Management/Female/New/ckmk_q_bm_f_n_175270.wav"},"answer":{"fileFormat":"wav","fileSize":2249678,"duration":70300,"samplingBit":16,"channelCount":1,"samplingRate":"16kHz","audioPath":"/Mock/01.Management/Female/New/ckmk_a_bm_f_n_175270.wav"}}}