{"version":"1.0","dataSet":{"info":{"date":"20230116","occupation":"BM","channel":"MOCK","place":"ONLINE","gender":"FEMALE","ageRange":"55-","experience":"NEW"},"question":{"raw":{"text":"지원자님께서는 이루고 싶은 인생의 목표가 있으신가요 그렇다면 왜 그것을 이루고 싶은지도 함께 말씀 부탁드리겠습니다","wordCount":14},"emotion":[],"intent":[]},"answer":{"raw":{"text":"이루고 싶은 인생의 목표가 있나요 있다면 왜 그것을 이루고 싶은지도 함께 말씀해 주세요 라고 질문하셨습니다. 거기에 대한 저의 답변입니다. 저는 어릴 때부터 꿈이었던 전 세계 여행을 하고 싶은 것이 저의 목표입니다. 여행을 좋아하는 성격이라 국내 여행은 유명 산으로 시작해서 유명 관광지 등 구석구석 안 가본 데 없이 가봤습니다. 그러나 해외 여행은 여러 가지 여건 상 몇 나라 가보지 못했습니다. 앞으로 경제적인 여건 등 시간이 허락된다면 세계 여행을 하고 싶습니다. 특히 중남미 및 남아메리카를 가보고 싶습니다. 허락된다면 세계 테마 테마 여행에 나왔던 모든 곳을 곳곳이 가보는 것이 저의 꿈입니다. 이상은 저의 인생 목표에 대한 답변이었습니다. 감사합니다.","wordCount":95},"emotion":[],"intent":[{"text":"","expression":"","category":"attitude"}],"summary":{"text":"저는 어릴 때부터 꿈이었던 전 세계 여행을 하고 싶은 것이 목표입니다. 앞으로 시간이 허락된다면 중남미 및 남아메리카를 가보고 싶습니다. 이상은 저의 인생 목표에 대한 답변이었습니다.","wordCount":25}}},"rawDataInfo":{"question":{"fileFormat":"wav","fileSize":323278,"duration":10100,"samplingBit":16,"channelCount":1,"samplingRate":"16kHz","audioPath":"/Mock/01.Management/Female/New/ckmk_q_bm_f_n_175296.wav"},"answer":{"fileFormat":"wav","fileSize":1979598,"duration":61860,"samplingBit":16,"channelCount":1,"samplingRate":"16kHz","audioPath":"/Mock/01.Management/Female/New/ckmk_a_bm_f_n_175296.wav"}}}