{"version":"1.0","dataSet":{"info":{"date":"20230116","occupation":"BM","channel":"MOCK","place":"ONLINE","gender":"FEMALE","ageRange":"55-","experience":"NEW"},"question":{"raw":{"text":"최근에 지원자님께서 인상 깊게 지켜보고 계시거나 사용해 보신 서비스가 무엇인지 말씀해 주세요","wordCount":12},"emotion":[],"intent":[]},"answer":{"raw":{"text":"최근 경험해 본 서비스들 중에 가장 인상 깊게 본 서비스는 무엇인가요 왜 인상 깊었었는지 설명해 주세요 라는 질문에 대한 저의 답변입니다. 얼마 전 제가 아르바이트 하는 곳에 청소가 필요해서 청소 업체에 의뢰했던 건이 있었습니다. 보통 일반적인 보이는 곳만 청소하는 것이 보통인데 그 업체는 우리가 생각하지 못한 곳까지 꼼꼼하게 복도 틈새마다 찌든 때와 흠집으로 인한 오염물을 미세하게 흡입되어 있어 정밀 관리가 필요했었는데 계단과 유리창 등 특별 서비스를 받아 모든 분이 만족한 서비스를 받는 기분이 들었습니다. 단순한 청소도 최선을 다하는 모습을 보고 저도 모든 일에 대충하려는 마음이 바뀌었었습니다. 어떠한 일이 주어지더라도 서비스 서비스 정신을 발휘하여 최선을 다할 것입니다. 그분의 정성 어린 본인의 일에 최선을 다하는 모습이 꽤 인상적이었습니다.","wordCount":106},"emotion":[],"intent":[{"text":"","expression":"","category":"attitude"}],"summary":{"text":"얼마 전 아르바이트 하는 곳에 청소업체가 왔는데 굉장히 디테일하고 깔끔하게 청소를 해주어 특별 서비스를 받은 기분이었습니다. 본인의 일에 최선을 다하는 모습이 인상적이었습니다.","wordCount":22}}},"rawDataInfo":{"question":{"fileFormat":"wav","fileSize":307278,"duration":9600,"samplingBit":16,"channelCount":1,"samplingRate":"16kHz","audioPath":"/Mock/01.Management/Female/New/ckmk_q_bm_f_n_169443.wav"},"answer":{"fileFormat":"wav","fileSize":2537678,"duration":79300,"samplingBit":16,"channelCount":1,"samplingRate":"16kHz","audioPath":"/Mock/01.Management/Female/New/ckmk_a_bm_f_n_169443.wav"}}}