{"version":"1.0","dataSet":{"info":{"date":"20230116","occupation":"BM","channel":"MOCK","place":"ONLINE","gender":"FEMALE","ageRange":"-34","experience":"NEW"},"question":{"raw":{"text":"동물 실험이 인간에게 주는 이익에 대해서 설명해 주시고요 또한 동물 실험에 대한 지원자님의 생각도 설명해 주시기 바랍니다","wordCount":17},"emotion":[],"intent":[]},"answer":{"raw":{"text":"저는 동물 실험으로 인해서 임상 실험이 불가능한 부분에 대해서 많은 도움을 주고 있다고 생각을 합니다. 어 사실 동물들의 희생이 안타깝기는 한데요. 하지만 인간에게 실험할 수 없는 부분들이 분명 있고 그게 이제 또 생명과 직결된 부분이라고 하면 어 동물 실험이 불가피하다고 생각을 합니다. 하지만 동물 실험이 무조건적으로 이제 반대하다기보다는 불가피하게 필요한 부분이 있을 수는 있는데요. 무분별하게 동물 실험을 하는 게 문제인 것 같습니다. 사실 동물들도 하나의 생명체이기 때문에 인간에게 도움을 주기 위해서 희생을 당하는 거라고 보구요. 그게 불가피할 경우에는 어쩔 수 없이 사용되는 측면이 있지만 어 하지만 무분별하게 그것들을 동물 실험 등을 통해서 어 희생을 하게 하면 안 된다고 생각을 합니다. 그래서 저희가 불가피하게 동물 실험이 필요하지만 그게 어떤 법적인 조치나 정책들이 있어서 아 무분별하거나 아니면 과도하게 남용되는 걸 방지해야 된다 라는 생각은 듭니다. 어 우리가 너무 많은 희생이 불가피하게 할 경우에 어쩔 수 없이 필요할 경우에만 적절하게 사용할 수 있도록 그런 점들은 보완이 돼야 할 것 같습니다.","wordCount":147},"emotion":[],"intent":[{"text":"그게 불가피할 경우에는   어쩔 수 없이 사용되는 측면이 있지만 어 하지만 무분별하게 그것들을 동물 실험   등을 통해서 어 희생을 하게 하면 안 된다고 생각을 합니다.","expression":"m_critical","category":"attitude"},{"text":"그래서 저희가 불가피하게   동물 실험이 필요하지만 그게 어떤 법적인 조치나 정책들이 있어서   아 무분별하거나 아니면 과도하게 남용되는 걸 방지해야 된다 라는 생각은 듭니다.","expression":"m_critical","category":"attitude"}],"summary":{"text":"동물실험은 인간에게 도움을 주기 위해 불가피하게 필요하지만 무분별하게 희생을 하게 하면 안 된다고 생각합니다. 법적인 조치나 정책들이 있어서 무분벌하거나 남용되는 걸 방지해야 된다고 생각하며 불가피하게 필요한 경우에만 적절하게 사용할 수 있도록 보완이 될 것 같습니다.","wordCount":35}}},"rawDataInfo":{"question":{"fileFormat":"wav","fileSize":345038,"duration":10780,"samplingBit":16,"channelCount":1,"samplingRate":"16kHz","audioPath":"/Mock/01.Management/Female/New/ckmk_q_bm_f_n_174133.wav"},"answer":{"fileFormat":"wav","fileSize":2745678,"duration":85800,"samplingBit":16,"channelCount":1,"samplingRate":"16kHz","audioPath":"/Mock/01.Management/Female/New/ckmk_a_bm_f_n_174133.wav"}}}