{"version":"1.0","dataSet":{"info":{"date":"20230116","occupation":"BM","channel":"MOCK","place":"ONLINE","gender":"FEMALE","ageRange":"-34","experience":"NEW"},"question":{"raw":{"text":"과거 프로젝트를 수행했던 경험이 있나요 있다면 프로젝트 내에서 어떤 역할을 맡으셨나요","wordCount":11},"emotion":[],"intent":[]},"answer":{"raw":{"text":"과거 프로젝트를 수행한 던 경험이 있습니다. 그 과거 프로젝트에서 저는 총괄 매니저를 맡았습니다. 그때 제가 했던 프로젝트는 필리 마켓을 서울시와 같이 진행하는 것이었는데 저는 그 총괄 매니저로서 일단 프리마켓이 어떻게 기획되고 그리고 진행할 것인지 전반적인 내용을 매니징 했습니다. 그래서 다른 업체들과 또한 어느 업체들과 일을 할 것인지 리스트 업하고 그 업체들과 협업을 하기 위해 연락해 보고 그러한 일들도 했으며 그리고 그 업체들이 참가하여 어떻게 하면 원활히 플리마켓이 진행될 수 있는지를 그러한 작전 플랜을 짜고 그리고 수행될 수 있도록 과정을 총괄하는 일을 하였습니다. 또한 마무리 작업까지 하였기 때문에 그 일이 다 마무리 되고 프로젝트가 마감된 후 우리가 했던 프로젝트가 어떤 점이 좋았고 어떤 점이 부족했는지도 분석하여 다음 프로젝트를 위한 정리와 그리고 미래를 대비할 수 있는 그러한 일들을 전반적으로 수행했습니다.","wordCount":118},"emotion":[{"text":"그 과거 프로젝트에서 저는 총괄 매니저를 맡았습니다.","expression":"u-fact","category":"neutral"},{"text":"그때 제가 했던 프로젝트는 필리 마켓을 서울시와 같이 진행하는 것이었는데 저는 그 총괄 매니저로서 일단 프리마켓이 어떻게 기획되고 그리고 진행할 것인지 전반적인 내용을 매니징 했습니다.","expression":"u-fact","category":"neutral"}],"intent":[{"text":"","expression":"","category":"attitude"}],"summary":{"text":"과거 프로젝트 수행 경험이 있는 저는 필리 마켓을 서울시와 같이 진행하는 프로젝트에서 총괄 매니저로 일했습니다. 전반적인 내용을 매니징하고 업체들과 협업을 위한 작전 플랜을 짜고 수행될 수 있도록 과정을 총괄했습니다. 프로젝트 마감 후 프로젝트의 장단점을 분석하여 미래를 대비할 수 있는 일들을 수행했습니다.","wordCount":41}}},"rawDataInfo":{"question":{"fileFormat":"wav","fileSize":306638,"duration":9580,"samplingBit":16,"channelCount":1,"samplingRate":"16kHz","audioPath":"/Mock/01.Management/Female/New/ckmk_q_bm_f_n_182668.wav"},"answer":{"fileFormat":"wav","fileSize":2602318,"duration":81320,"samplingBit":16,"channelCount":1,"samplingRate":"16kHz","audioPath":"/Mock/01.Management/Female/New/ckmk_a_bm_f_n_182668.wav"}}}