{"version":"1.0","dataSet":{"info":{"date":"20230116","occupation":"BM","channel":"MOCK","place":"ONLINE","gender":"FEMALE","ageRange":"-34","experience":"NEW"},"question":{"raw":{"text":"만약 원장님께서 해외에 파급 근무를 나갈 기회가 생긴다면 어느 나라에 나가서 근무를 하고 싶으신지 그 이유와 함께 설명해 주시기 바랍니다","wordCount":20},"emotion":[],"intent":[]},"answer":{"raw":{"text":"저는 중국에 가서 일을 해보고 싶습니다. 앞으로 점점 더 강대해지는 중국과 얽혀있는 일과 해결을 해야 할 일은 더 마 더욱 많아질 것이고 큰 땅덩어리와 많은 사람들이 가지고 있는 생각과 그곳 사람들의 가치관을 미리 경험하고 인지할 필요가 있다고 생각합니다. 예를 들어 중국에서는 음식을 다 먹으면 예의가 아니다 라는 것처럼 우리가 직접 겪어보지 않는다면 모를 그것만의 예의가 많을 것이라고 생각합니다. 미리 중국 출장을 가 일을 해보고 그곳에 문화를 습득하며 제가 앞으로 중국과 일을 할 것들을 대비하고 싶습니다. 추가로 중국 음식도 먹어보고 싶은 마음도 있습니다.","wordCount":82},"emotion":[],"intent":[{"text":"","expression":"","category":"attitude"}],"summary":{"text":"앞으로 중국과 얽혀있는 일과 해결을 해야 할 일은 더 많아질 것이고 많은 사람들이 가진 생각과 그들의 가치관을 미리 경험하고 인지할 필요가 있다고 생각합니다. 중국 출장을 가 일을 해보고 문화도 습득하고 싶습니다.","wordCount":31}}},"rawDataInfo":{"question":{"fileFormat":"wav","fileSize":416078,"duration":13000,"samplingBit":16,"channelCount":1,"samplingRate":"16kHz","audioPath":"/Mock/01.Management/Female/New/ckmk_q_bm_f_n_178337.wav"},"answer":{"fileFormat":"wav","fileSize":1873358,"duration":58540,"samplingBit":16,"channelCount":1,"samplingRate":"16kHz","audioPath":"/Mock/01.Management/Female/New/ckmk_a_bm_f_n_178337.wav"}}}