{"version":"1.0","dataSet":{"info":{"date":"20230116","occupation":"BM","channel":"MOCK","place":"ONLINE","gender":"FEMALE","ageRange":"-34","experience":"NEW"},"question":{"raw":{"text":"기획이라는 것이 어떤 것이라 생각하는지 지원자님의 기획에 대한 생각을 구체적으로 말씀해 주세요","wordCount":12},"emotion":[],"intent":[]},"answer":{"raw":{"text":"기획이란 어떤 대상에 대해서 그 대상의 변화를 가져올 목적을 확인하고 그 목적을 성취하는 데 가장 적합한 행동을 설계하는 것을 의미합니다. 어 뭐 이에 대해 계획 계획은 계획을 통한 통해 선출된 결과를 의미하고 사업 계획과 단위 사업 계획에 계획은 계획의 하위 개념으로 볼 수 있습니다. 어 어떤 목표를 달성하기 위한 일 년의 과정들을 기획이라고 할 수 있겠는데요. 이전 회사에서 저는 기획과 관련된 일을 많이 했습니다. 청소년 관련한 다양한 프로그램을 기획을 했었는데요. 기획을 할 때 가장 중요한 것은 그 대상이 가지고 있는 어 니즈와 그 대상을 어 대상이 받아들일 수 있는 난이도를 조절하는 것이었습니다. 그런 기획을 한 경험이 많기 때문에 이 회사에 입사하더라도 기획적인 면을 맡겨 주신다면 열심히 잘할 자신이 있습니다.","wordCount":109},"emotion":[],"intent":[{"text":"","expression":"","category":"attitude"}],"summary":{"text":"어떤 목표를 달성하기 위한 일 년의 과정들을 기획이라고 할 수 있겠습니다. 기획을 할 때 가장 중요한 것은 그 대상이 가지고 있는 니즈와 그 대상을 받아들일 수 있는 난이도를 조절하는 것입니다. 그 경험이 많기 때문에 이 회사에 입사하더라도 기획적인 면을 맡겨 주신다면 열심히 할 자신이 있습니다.","wordCount":45}}},"rawDataInfo":{"question":{"fileFormat":"wav","fileSize":383438,"duration":11980,"samplingBit":16,"channelCount":1,"samplingRate":"16kHz","audioPath":"/Mock/01.Management/Female/New/ckmk_q_bm_f_n_184146.wav"},"answer":{"fileFormat":"wav","fileSize":2229838,"duration":69680,"samplingBit":16,"channelCount":1,"samplingRate":"16kHz","audioPath":"/Mock/01.Management/Female/New/ckmk_a_bm_f_n_184146.wav"}}}