{"version":"1.0","dataSet":{"info":{"date":"20230116","occupation":"BM","channel":"MOCK","place":"ONLINE","gender":"FEMALE","ageRange":"45-54","experience":"NEW"},"question":{"raw":{"text":"우리 회사가 해외 무대로 진출을 한다면 어디로 진출하는 것이 좋을지 이유도 함께 말씀 부탁드리겠습니다","wordCount":14},"emotion":[],"intent":[]},"answer":{"raw":{"text":"아 우리 회사가 해외 무대로 진출하게 된다면 어 저는 우주베키스탄이 어떨까 싶습니다. 어 일단 우주베키스탄의 사람들이 우리나라에 또 많이 그 일을 하러 오는 사람들도 많구요. 그렇기 때문에 한국어도 잘 하는 사람들이 많고 또 우리나라에 대한 어떤 그 인상이나 이런 부분을 좋게 생각하기 때문에 어떤 위험 요소도 적은 것 같고 어 그래서 그 우즈베키스탄이 어떤가 여러모로 인력 그 비용도 좀 절감이 될 수가 있고 우리나라보다 여러 가지 다른 산업에 대한 비용도 그 저렴하지 않나 싶어서 저는 우즈베키스탄이 좋을 것 같다고 말씀드리겠습니다.","wordCount":80},"emotion":[],"intent":[{"text":"","expression":"","category":"attitude"}],"summary":{"text":"우리 회사가 해외 무대로 진출하게 된다면 우주베키스탄이 좋을 것 같습니다. 그 이유는 한국에 대한 인상을 좋게 생각하기 때문에 위험 요소도 적고 인력 비용도 절감될 수 있기 때문입니다.","wordCount":27}}},"rawDataInfo":{"question":{"fileFormat":"wav","fileSize":340238,"duration":10630,"samplingBit":16,"channelCount":1,"samplingRate":"16kHz","audioPath":"/Mock/01.Management/Female/New/ckmk_q_bm_f_n_175271.wav"},"answer":{"fileFormat":"wav","fileSize":1958478,"duration":61200,"samplingBit":16,"channelCount":1,"samplingRate":"16kHz","audioPath":"/Mock/01.Management/Female/New/ckmk_a_bm_f_n_175271.wav"}}}