{"version":"1.0","dataSet":{"info":{"date":"20230116","occupation":"BM","channel":"MOCK","place":"ONLINE","gender":"FEMALE","ageRange":"45-54","experience":"NEW"},"question":{"raw":{"text":"만약 지원자님께서 지금 지원하신 직무가 아닌 다른 부서에 배치된다면 어떻게 하시겠습니까","wordCount":11},"emotion":[],"intent":[]},"answer":{"raw":{"text":"아 네 제가 지금 이 직무에 지원을 하긴 했지만 합격이 된다 하더라도 저의 생각은 이 직무 제가 지원한 직무에 업무를 하게 된다면 뭐 하는 거고 어 또 그렇지 않을 수도 있다고 생각하고 있습니다. 제가 하고 싶은 일만 할 수 없는 거고 인생사가 그렇고 회사 업무 자체가 저 혼자만의 제 회사가 아니기 때문에 여러 사람들이 일하다 보면 꼭 내가 원하는 직무가 아닌 직무도 해야 될 때가 있고 또 내가 원하는 직무를 하게 될 수도 있을 겁니다. 그 원치 않은 일이더라도 또 재미있게 새롭게 하면 되구요. 근데 정 나한테 맞지 않는 일이다 하면 내가 잘 할 수 있는 직무에 좀 더 역량을 키워서 어 저 사람이 적격이다 내가 말을 하지 않아도 다른 사람들이 알아줄 수 있게 노력하는 것도 필요하다고 생각합니다.","wordCount":118},"emotion":[],"intent":[{"text":"","expression":"","category":"attitude"}],"summary":{"text":"회사 업무 자체가 저 혼자의 회사이기 때문에 제가 원하는 직무가 아닌 직무도 해야 될 때가 있고 또 원하는 직무를 하게 될 수도 있을 것입니다. 근데 나한테 맞지 않는 일이라면 제가 잘 할 수 있는 직무에 역량을 키워 다른 사람들이 알아줄 수 있게 노력해야 합니다.","wordCount":44}}},"rawDataInfo":{"question":{"fileFormat":"wav","fileSize":343118,"duration":10720,"samplingBit":16,"channelCount":1,"samplingRate":"16kHz","audioPath":"/Mock/01.Management/Female/New/ckmk_q_bm_f_n_175015.wav"},"answer":{"fileFormat":"wav","fileSize":2170318,"duration":67820,"samplingBit":16,"channelCount":1,"samplingRate":"16kHz","audioPath":"/Mock/01.Management/Female/New/ckmk_a_bm_f_n_175015.wav"}}}