{"version":"1.0","dataSet":{"info":{"date":"20230116","occupation":"BM","channel":"MOCK","place":"ONLINE","gender":"FEMALE","ageRange":"35-44","experience":"NEW"},"question":{"raw":{"text":"기차가 운행 시에 산사태로 삼십 분 동안 정차되었다고 가정해 볼게요 이때 만약 지원자님이 관리 책임자라면 어떻게 조치하실 건가요","wordCount":18},"emotion":[],"intent":[]},"answer":{"raw":{"text":"어 기차가 삼십 분 정차 됐다는 건 삼십 분이 어찌보면 절대 길지 않은 시간이거든요. 그런데 그 기차를 타고 가는 사람들의 기차 자체가 단거리가 아닌 장거리 위주입니다. 지역을 옮겨가는 그런 거리가 긴 지역을 옮겨갈 때 저희가 이동 수단으로 쓰는 건데 그 승객들한테는 굉장히 타격이 큰 삼십 분입니다. 기차 타고 또 내려서 뭔가 걸어가든 버스를 타든 지하철을 타든 뭔가 또 다른 이동 수단이 있어야 되고 그런 시간이 필요한데 어 거기서 삼십 분을 뺏었다는 건 굉장히 큰 어 그 시간적 소모가 되는 거거든요. 그래서 제가 이제 관리 책임이 있다면 일단 꼭 승객들에게 정중하게 진심을 다해서 사과를 드릴 것 같습니다. 그리고 어 기차가 뭐 크게 이상이 있어서 뭐 운행이 중지된 거다 이런 거는 아니라고 어 좀 마음의 안정을 취해 드리고 싶고요. 그리고 하 일 분 일 초라도 빨리 그 기차가 다시 운행될 수 있도록 어 빨리 이제 직원들에게 뭔가 정비를 해서 움직일 수 있도록 지시를 할 것 같습니다.","wordCount":144},"emotion":[],"intent":[{"text":"","expression":"","category":"attitude"}],"summary":{"text":"기차가 삼십 분 정차됐다는 것은 결코 길지 않은 시간이지만, 기차 자체가 장거리 위주이기 때문에 승객들에게는 굉장히 타격이 큽니다. 그래서 제가 관리 책임이 있다면 승객들에게 정중하게 사과를 드리고, 직원들의 정비를 해서 움직일 수 있도록 지시를 할 것 같습니다.","wordCount":37}}},"rawDataInfo":{"question":{"fileFormat":"wav","fileSize":602318,"duration":18820,"samplingBit":16,"channelCount":1,"samplingRate":"16kHz","audioPath":"/Mock/01.Management/Female/New/ckmk_q_bm_f_n_181562.wav"},"answer":{"fileFormat":"wav","fileSize":2572878,"duration":80400,"samplingBit":16,"channelCount":1,"samplingRate":"16kHz","audioPath":"/Mock/01.Management/Female/New/ckmk_a_bm_f_n_181562.wav"}}}