{"version":"1.0","dataSet":{"info":{"date":"20230116","occupation":"BM","channel":"MOCK","place":"ONLINE","gender":"FEMALE","ageRange":"35-44","experience":"NEW"},"question":{"raw":{"text":"지원자께서는 만약 회사에 입사하게 되어 선배를 만나게 된다면 어떤 모습의 선배를 만나고 싶으십니까 그 이유를 함께 설명하여 말씀해 주시길 바랍니다","wordCount":20},"emotion":[],"intent":[]},"answer":{"raw":{"text":"제가 회사에 들어오게 된다 라면은 저는 저에게 맞는 업무 경험들을 쉐어링 해줄 의지가 있는 그런 선배를 원할 것 같습니다. 제가 과거에 어떤 회사에서 인턴을 했었던 경험이 있는데요. 당시에 제 바로 위에 사수 분이 직접 옆에 실무를 알려 주시면서 어 인턴인 제가 할 수 있는 일의 범위를 벗어난 조금 더 어려운 업무들을 한번 저한테 해 볼 것을 권해 주시고 또 옆에서 직접 해보도록 어 일대일로 한 번 가이드 해 주셨던 적이 있었습니다. 백문이 불여일견이라고 계속해서 사수분이 일을 하는 것을 눈으로 보기보다는 저 역시도 한 번 직접 프로그램으로 다뤄 보고 또 실수도 해 보고 하는 과정들을 통해서 저는 실무에 적합한 그런 인재로 거듭날 수 있었던 좋은 경험이라고 지금도 생각하고 있습니다.","wordCount":108},"emotion":[],"intent":[{"text":"","expression":"","category":"attitude"}],"summary":{"text":"저는 제 업무 경험들을 쉐어링 해 줄 선배를 원할 것 같습니다. 예전에 제 바로 위에 사수분이 인턴인 제가 할 수 있는 일의 범위를 벗어나 조금 더 어려운 업무들을 한번 저한테 해 볼 것을 권유해 주셨던 경험이 있습니다. 실무에 적합한 인재로 거듭날 수 있었던 경험이었습니다.","wordCount":44}}},"rawDataInfo":{"question":{"fileFormat":"wav","fileSize":527438,"duration":16480,"samplingBit":16,"channelCount":1,"samplingRate":"16kHz","audioPath":"/Mock/01.Management/Female/New/ckmk_q_bm_f_n_184567.wav"},"answer":{"fileFormat":"wav","fileSize":2514638,"duration":78580,"samplingBit":16,"channelCount":1,"samplingRate":"16kHz","audioPath":"/Mock/01.Management/Female/New/ckmk_a_bm_f_n_184567.wav"}}}