{"version":"1.0","dataSet":{"info":{"date":"20230116","occupation":"BM","channel":"MOCK","place":"ONLINE","gender":"FEMALE","ageRange":"-34","experience":"NEW"},"question":{"raw":{"text":"씨에스란 무엇이라고 생각하시는지 그 정의와 그 정의를 내리게 된 배경은 무엇인지 설명해 주시기 바랍니다","wordCount":14},"emotion":[],"intent":[]},"answer":{"raw":{"text":"요즘에는 커스터머 서비스 씨에스에 대한 관심이 높아졌고요. 그리고 굉장히 씨에스의 중요성에 대해서 많이들 인지하는 것 같습니다. 어 씨에스는 사실 경영자 측면에서 단순히 지금 수익을 창출하는 것 뿐만이 아니라 앞으로 미래 지향적으로 봤을 때도 반드시 해야 되는 일이라고 생각을 합니다. 특히 이제 비 투 씨 같이 소비자들을 대상으로 하는 저희 기업 같은 경우에 특히 이 업무가 중요한데요. 소비자들의 의견을 받아들이고 그리고 그것들을 좀 잘 처리해 가는 과정 그리고 요즘에는 민원을 어떻게 처리하고 대처하냐도 중요할 것 같습니다. 어 기업을 운영하다 보면 여러 가지 문제점이나 아니면 어려운 점은 발생할 수 있는데요. 다만 요즘에는 그것들을 어떻게 처리하고 빨리 신속하게 소비자들의 관점에서 가져가느냐가 훨씬 더 중요한 요소라고 생각을 합니다. 왜냐하면 소비자들은 문제가 발생할 수 있다는 건 인지를 해도 적절한 조치를 받지 못하면 굉장히 그 기업에 대해서 실망감이 크고 신뢰도가 떨어지기 때문인데요. 그래서 앞으로 씨에스는 늘 그렇지만 소비자 그리고 우리가 원하는 사람들에 맞춰서 그 입장에서 서비스가 진행이 돼야 될 것 같고요. 좀 즉각적으로 해결할 수 있는 능력이 중요하다고 생각합니다.","wordCount":153},"emotion":[],"intent":[{"text":"","expression":"","category":"attitude"}],"summary":{"text":"최근 커스터머 서비스 씨에스에 대한 관심이 높아졌습니다. 씨에스는 경영자 측면에서 수익 창출뿐만 아니라 미래 지향적으로도 꼭 해야 되는 일이며, 특히 소비자들을 대상으로 하는 우리 기업 입장에서 중요합니다. 소비자들의 의견을 받아들이고 민원을 처리하며 신속히 소비자들의 관점에서 가져가야 하기 때문입니다. 소비자의 입장에서 서비스가 진행되어야 하며, 즉각적인 해결이 중요합니다.","wordCount":46}}},"rawDataInfo":{"question":{"fileFormat":"wav","fileSize":332878,"duration":10400,"samplingBit":16,"channelCount":1,"samplingRate":"16kHz","audioPath":"/Mock/01.Management/Female/New/ckmk_q_bm_f_n_174346.wav"},"answer":{"fileFormat":"wav","fileSize":2870158,"duration":89690,"samplingBit":16,"channelCount":1,"samplingRate":"16kHz","audioPath":"/Mock/01.Management/Female/New/ckmk_a_bm_f_n_174346.wav"}}}