{"version":"1.0","dataSet":{"info":{"date":"20230116","occupation":"BM","channel":"MOCK","place":"ONLINE","gender":"FEMALE","ageRange":"-34","experience":"NEW"},"question":{"raw":{"text":"과거에 에 직면한 어려운 문제를 해결하기 위해서 어떤 아이디어를 제안하셨는지 궁금하구요 또 그런 해결 과정에서 어떤 일을 하셨는지도 함께 말씀해 주시면 좋겠습니다","wordCount":22},"emotion":[],"intent":[]},"answer":{"raw":{"text":"어 문제를 해결하기 위해 가장 필요한 건 언제나 그 문제가 뭔지 분석하는 일이라고 생각합니다. 어 제가 수 수능을 치고 나서 어떤 과로 결심 진학을 해야 될지 고민했던 적이 있습니다. 어 제가 그런 고민을 할 수 밖에 없었던 이유는 기존에 있던 목표 어 사학과를 가고 싶다. 이후에 공연예술학과를 가고 싶다는 목표가 변했기 때문이었습니다. 그러면 그때 제가 고민했던 거는 그러면 너는 앞으로 어떤 목표를 갖고 있니 였습니다. 제 답은 안정적인 생활을 하고 싶다 그러나 저의 자유도가 높은 직업을 선택하고 싶다 그리고 이후의 진로 변경이 가능한 과에 진학하고 싶다 였습니다. 그래서 자율 전공 학부를 진학을 했고 주 전공으로 컴퓨터 공학을 선택해 공부하고 있습니다.","wordCount":100},"emotion":[{"text":"그래서 자율 전공 학부를 진학을 했고 주 전공으로 컴퓨터 공학을 선택해 공부하고 있습니다.","expression":"u-fact","category":"neutral"}],"intent":[{"text":"","expression":"","category":"attitude"}],"summary":{"text":"문제 해결을 위해 가장 필요한 건 문제 원인을 분석하는 것입니다. 수능 이후 사학과, 공연예술학과, 자유도가 높은 직업, 진로 변경이 가능한 과의 진학을 고민했습니다. 그래서 자율 전공 학부를 진학했고 주 전공으로 컴퓨터 공학을 공부하고 있습니다.","wordCount":34}}},"rawDataInfo":{"question":{"fileFormat":"wav","fileSize":514958,"duration":16090,"samplingBit":16,"channelCount":1,"samplingRate":"16kHz","audioPath":"/Mock/01.Management/Female/New/ckmk_q_bm_f_n_171995.wav"},"answer":{"fileFormat":"wav","fileSize":2851278,"duration":89100,"samplingBit":16,"channelCount":1,"samplingRate":"16kHz","audioPath":"/Mock/01.Management/Female/New/ckmk_a_bm_f_n_171995.wav"}}}