{"version":"1.0","dataSet":{"info":{"date":"20230116","occupation":"BM","channel":"MOCK","place":"ONLINE","gender":"FEMALE","ageRange":"35-44","experience":"NEW"},"question":{"raw":{"text":"지원자님께서는 이전 직장을 그만둔 특별한 이유가 있으셨나요 그리고 현 직장도 혹시 같은 이유로 그만둘 가능성이 있을까요 말씀 한번 해 주시기 바랍니다","wordCount":21},"emotion":[],"intent":[]},"answer":{"raw":{"text":"제가 이전 직장을 그만뒀었던 이유는 자기 시간이 사실 너무 없었기 때문인데요. 제가 육 개월 동안 근무를 하면서 실제로 처음에 계약 조건과는 다르게 어 주말에 한 여덟 번 정도 밖에 못 쉬었었습니다. 제가 충분한 휴식 시간을 갖지 못하자 업무에서 받는 스트레스들 관리하기가 조금 힘들었었고 저는 저의 자기 회복 탄력성을 위해서는 현 직장보다는 조금 더 스트레스를 잘 관리할 수 있는 곳으로 이동하는 게 좋겠다 라는 생각이 들었었습니다. 그래서 현 직장에 지금 현재 신입으로 지원을 하게 되었고 저는 과거에 정말 열심히 일에 집중하고 또 몰입했었던 경험들이 있기 때문에 현 직장에서도 충분히 기존의 경험들을 활용해서 성과를 낼 수 있다 라고 생각합니다.","wordCount":97},"emotion":[],"intent":[{"text":"","expression":"","category":"attitude"}],"summary":{"text":"저는 충분한 휴식 시간을 갖지 못하자 업무에서 받는 스트레스들 관리하기가 조금 힘들었어서 현 직장에 신입으로 지원을 하게 되었고 과거에 열심히 일에 집중하고 또 몰입했던 경험들이 있기 때문에 현 직장에서도 충분히 성과를 낼 수 있다 라고 생각합니다.","wordCount":36}}},"rawDataInfo":{"question":{"fileFormat":"wav","fileSize":586638,"duration":18330,"samplingBit":16,"channelCount":1,"samplingRate":"16kHz","audioPath":"/Mock/01.Management/Female/New/ckmk_q_bm_f_n_184572.wav"},"answer":{"fileFormat":"wav","fileSize":2386638,"duration":74580,"samplingBit":16,"channelCount":1,"samplingRate":"16kHz","audioPath":"/Mock/01.Management/Female/New/ckmk_a_bm_f_n_184572.wav"}}}