{"version":"1.0","dataSet":{"info":{"date":"20230116","occupation":"BM","channel":"MOCK","place":"ONLINE","gender":"FEMALE","ageRange":"-34","experience":"NEW"},"question":{"raw":{"text":"대학 생활을 하면서 가장 힘들었던 경험이 어떤 것이에요 그리고 그것은 어떻게 극복하셨나요","wordCount":12},"emotion":[],"intent":[]},"answer":{"raw":{"text":"대학 생활에서 가장 어려웠던 점은 제가 술을 잘 못 마시는 체질이기 때문에 때문에 그 체질로 인해서 친 친한 친구들과 뭐 어 더욱 어 술자리를 함께 하지 못한다는 점에서 음 서로 소통할 수 있는 주제가 없어진 그런 점이 가장 힘들었던 경험입니다. 하지만 저는 제가 좋아하지 않고 또 몸에서 받지 않는 술을 가까이 하기보다 그 시간에 다른 친구들 그리고 경험을 하는 것을 그것으로 그 시간을 쓰기로 결정을 했고 어 거기에 대한 그 그런 경험과 그리고 사회적 관계를 넓혀가면서 거기서 오는 만족감이 있었기 때문에 학교 친구들과도 문제 없이 지낼 수도 있었고 그리고 더불어서 더 많은 경험과 친구들을 얻을 수 있었습니다. 제가 좋아하지 않는 일이라고 해서 거기에 무작정 적응하려고 하는 게 아니라 더 많은 경험 그리고 저에게 더 좋은 방향은 어떤 것인가에 대해서 고민하고 시행하는 사람입니다.","wordCount":122},"emotion":[{"text":"하지만 저는 제가 좋아하지 않고 또 몸에서 받지 않는 술을 가까이 하기보다 그 시간에 다른 친구들 그리고 경험을 하는 것을 그것으로 그 시간을 쓰기로 결정을 했고 어 거기에 대한 그 그런 경험과 그리고 사회적 관계를 넓혀가면서 거기서 오는 만족감이 있었기 때문에 학교 친구들과도 문제 없이 지낼 수도 있었고 그리고 더불어서 더 많은 경험과 친구들을 얻을 수 있었습니다.","expression":"p-achievement","category":"positive"}],"intent":[{"text":"제가 좋아하지 않는 일이라고 해서 거기에 무작정 적응하려고 하는 게 아니라 더 많은 경험 그리고 저에게 더 좋은 방향은 어떤 것인가에 대해서 고민하고 시행하는 사람입니다.","expression":"m_critical","category":"attitude"}],"summary":{"text":"대학 생활에서 가장 어려웠던 점은 술을 잘 못 마시는 체질이기 때문에 친한 친구들과 술자리를 함께 할 수 없다는 점이었습니다. 하지만 그 시간에 다른 친구들 그리고 경험을 하는 것으로 시간을 쓰기로 결정을 했고 거기서 오는 만족감으로 학교 친구들과도 문제없이 지낼 수 있었습니다.","wordCount":41}}},"rawDataInfo":{"question":{"fileFormat":"wav","fileSize":270158,"duration":8440,"samplingBit":16,"channelCount":1,"samplingRate":"16kHz","audioPath":"/Mock/01.Management/Female/New/ckmk_q_bm_f_n_178056.wav"},"answer":{"fileFormat":"wav","fileSize":2405198,"duration":75160,"samplingBit":16,"channelCount":1,"samplingRate":"16kHz","audioPath":"/Mock/01.Management/Female/New/ckmk_a_bm_f_n_178056.wav"}}}