{"version":"1.0","dataSet":{"info":{"date":"20230116","occupation":"BM","channel":"MOCK","place":"ONLINE","gender":"FEMALE","ageRange":"35-44","experience":"NEW"},"question":{"raw":{"text":"지원자님께서 입사 후에 기존에 원하던 일을 못 하게 되셨을 수 있습니다 어 그렇다면은 어떻게 대처를 하실 겁니까 그리고 그렇게 하시는 이유도 함께 말씀해 주시길 바랍니다","wordCount":25},"emotion":[],"intent":[]},"answer":{"raw":{"text":"기존에 원하던 일을 못 하게 된다는 게 어 아예 제가 일하는 분야가 바뀐다는 건지 그러니까 그러니깐 이 회사에 들어와서 제가 지금 지원하는 부서는 이건데 아예 다른 부서로 배치를 하시겠다는 건지 혹은 그런 경우가 자주 있는 건지 그거에 따라서 조금 달라질 것 같아요 대처법이. 일단은 만약에 저를 이렇게 뽑았는데 갑자기 뽑아 놓고 나서 다른 데로 이동을 시킨다면 저는 조금 곤란할 것 같구요. 근데 이 원하던 일이라는 게 어쨌든 그 부서에는 배정이 됐으나 그 업무에서 맡게 되는 일에서 조금씩 다른 일을 하게 되는 경우라면은 그거는 사실 상관은 없을 것 같습니다. 제가 원하던 일 자체만 진행하는 게 회사는 아니니깐 하다보면은 제가 모르던 일도 할 수도 있고 제가 몰랐던 분야를 알게 될 수도 있는 부분이 있어서 그런 점들은 사실 크게 상관없는데 아예 제가 지금 하려고 하는 이 분야와 아예 상관이 없는 아예 무관한 곳으로 이동을 할 때는 어 저도 좀 고민을 해 봐야 될 부분인 것 같습니다.","wordCount":143},"emotion":[],"intent":[{"text":"","expression":"","category":"attitude"}],"summary":{"text":"저는 원래 원하던 일을 하지 못하고 다른 부서로 이동을 시킨다면 조금 곤란할 것 같습니다. 원하던 일만 진행하는게 회사는 아니지만, 아예 무관한 곳으로 이동을 할 때는 저는 좀 고민을 해 봐야 될 부분입니다.","wordCount":32}}},"rawDataInfo":{"question":{"fileFormat":"wav","fileSize":514958,"duration":16090,"samplingBit":16,"channelCount":1,"samplingRate":"16kHz","audioPath":"/Mock/01.Management/Female/New/ckmk_q_bm_f_n_181772.wav"},"answer":{"fileFormat":"wav","fileSize":2826958,"duration":88340,"samplingBit":16,"channelCount":1,"samplingRate":"16kHz","audioPath":"/Mock/01.Management/Female/New/ckmk_a_bm_f_n_181772.wav"}}}