{"version":"1.0","dataSet":{"info":{"date":"20230116","occupation":"BM","channel":"MOCK","place":"ONLINE","gender":"FEMALE","ageRange":"-34","experience":"NEW"},"question":{"raw":{"text":"지원자님께서 조 생각하시는 좋은 회사란 어떤 회사라고 생각하세요 그 이유도 함께 설명 부탁드립니다","wordCount":13},"emotion":[],"intent":[]},"answer":{"raw":{"text":"제가 생각하는 좋은 회사는 비전이 있는 회사입니다. 회사의 비전이 없다면 그 회사에서 근무하는 사람들도 어 목적 의식을 쉽게 가질 수 없게 됩니다. 음 제가 말하는 비전은 그냥 형식적인 회사 홈페이지에 나와있는 비전이 아니라 어 회사를 구성하고 있는 조직 구성원들이 모두 동의하고 어 함께 지향하고 바라보는 그런 비전이 있어야 한다고 생각합니다. 그러한 비전이 있을 때 어 그 함께 공 함께 일을 하는 직원들도 어 정말 주인의식을 가지고 일을 할 수 있다고 생각을 하고 모두 함께 하나의 비전을 가지고 업무를 진행해 나갈 때에 음 그 효율성과 그 효율성과 어 보여주는 성과가 더 높을 것이라고 생각을 합니다.","wordCount":94},"emotion":[{"text":"음 제가 말하는 비전은 그냥 형식적인 회사 홈페이지에 나와있는 비전이 아니라 어 회사를 구성하고 있는 조직 구성원들이 모두 동의하고 어 함께 지향하고   바라보는 그런 비전이 있어야 한다고 생각합니다.","expression":"u-belief","category":"neutral"}],"intent":[{"text":"","expression":"","category":"attitude"}],"summary":{"text":"좋은 회사는 조직 구성원들이 모두 동의하고 함께 지향하고 바라보는 비전이 있는 회사입니다. 모두가 함께 하나의 비전을 가지고 업무를 진행해 나갈 때 효율성과 그 성과가 더 높을 것이라고 생각합니다.","wordCount":28}}},"rawDataInfo":{"question":{"fileFormat":"wav","fileSize":293198,"duration":9160,"samplingBit":16,"channelCount":1,"samplingRate":"16kHz","audioPath":"/Mock/01.Management/Female/New/ckmk_q_bm_f_n_190150.wav"},"answer":{"fileFormat":"wav","fileSize":2005198,"duration":62660,"samplingBit":16,"channelCount":1,"samplingRate":"16kHz","audioPath":"/Mock/01.Management/Female/New/ckmk_a_bm_f_n_190150.wav"}}}