{"version":"1.0","dataSet":{"info":{"date":"20230116","occupation":"BM","channel":"MOCK","place":"ONLINE","gender":"FEMALE","ageRange":"-34","experience":"NEW"},"question":{"raw":{"text":"최근에 가장 재미있게 하고 있는 일이 무엇인가요 그리고 그 일이 왜 재미있는지도 이유까지 함께 설명해 주세요","wordCount":16},"emotion":[],"intent":[]},"answer":{"raw":{"text":"최근에 제가 가장 재미있게 하고 있는 일은 운동인데요. 어 제가 얼마 전부터 크로스핏 이라는 운동을 시작했습니다. 크로스핏 이라는 운동은 제가 가족들과 가족 여행을 갔는데 사진에 찍힌 제 모습이 너무 부하게 느껴져서 처음에 시작하게 된 계기는 그러하고요. 하지만 어 직접 가서 해보니까 땀을 흘리는 운동은 기분이 나쁘고 또 힘들기만 할 것이라고 생각했던 그런 생각을 완전히 바꿔줄 수 있는 그런 운동이었습니다. 하루하루 정해진 운동을 다 수행하고 나면 하 제가 하루를 정말 열심히 살았구나 하는 그런 뿌듯함 그리고 보람이 있구요. 그리고 운동을 하고 나서 체력도 많이 좋아져서 하길 잘했다 라고 생각하는 운동이고 또 최근에 가장 재미있는 그런 활동이 아닐까 생각을 합니다.","wordCount":98},"emotion":[{"text":"최근에 제가 가장 재미있게 하고 있는 일은 운동인데요.","expression":"p-interest","category":"positive"},{"text":"하루하루   정해진 운동을 다 수행하고 나면 하 제가 하루를 정말 열심히 살았구나   하는 그런 뿌듯함 그리고 보람이 있구요.","expression":"p-achievement","category":"positive"},{"text":"라고 생각하는 운동이고    또 최근에 가장 재미있는 그런 활동이 아닐까 생각을 합니다.","expression":"p-happiness","category":"positive"}],"intent":[{"text":"어 제가   얼마 전부터 크로스핏 이라는 운동을 시작했습니다.","expression":"c_private","category":"background"},{"text":"크로스핏 이라는 운동은   제가 가족들과 가족 여행을 갔는데 사진에 찍힌 제 모습이    너무 부하게 느껴져서 처음에 시작하게 된 계기는 그러하고요.","expression":"c_private","category":"background"}],"summary":{"text":"최근 제가 가장 재미있게 하고 있는 운동은 크로스핏이라는 운동인데, 사진을 찍어 부하게 느껴져서 시작하게 된 운동입니다. 운동을 하고 나서 체력도 많이 좋아져서 하길 잘했다고 생각하는 운동이며 최근에 가장 재미있는 활동이 아닐까 생각합니다.","wordCount":32}}},"rawDataInfo":{"question":{"fileFormat":"wav","fileSize":436558,"duration":13640,"samplingBit":16,"channelCount":1,"samplingRate":"16kHz","audioPath":"/Mock/01.Management/Female/New/ckmk_q_bm_f_n_170405.wav"},"answer":{"fileFormat":"wav","fileSize":2205518,"duration":68920,"samplingBit":16,"channelCount":1,"samplingRate":"16kHz","audioPath":"/Mock/01.Management/Female/New/ckmk_a_bm_f_n_170405.wav"}}}