{"version":"1.0","dataSet":{"info":{"date":"20230116","occupation":"BM","channel":"MOCK","place":"ONLINE","gender":"FEMALE","ageRange":"-34","experience":"NEW"},"question":{"raw":{"text":"시험 시간 시험 기간이 촉박할 때 어떻게 시간을 관리하십니까 지원자님의 시간 관리 방법이 궁금합니다","wordCount":14},"emotion":[],"intent":[]},"answer":{"raw":{"text":"저는 일단 굉장히 계획적인 사람이기 때문에 시간이 촉박한 걸 정말 절대 참지 못하고요. 하지만 시험 기간이나 그런 경우에는 아무리 시간을 세세하고 촘촘하게 짜도 결국에는 촉박해지더라구요. 그럴 때 저는 어떻게 시간을 관리하냐면 일단 더 더 짧게 짧게 시간을 짭니다. 정말 타이트하게 시간을 짜서 제가 그 시간 동안 그러니까 정말 세분화에서 일을 완료하는 작업을 합니다. 그러니까 일 일 의 일도 영 점 일 영 점 일 영 점 일로 나눠서 제가 무엇을 하고 무엇을 하지 않았고 조금 더 구체적으로 체크하는 방법을 통해서 시간을 효율적으로 관리합니다.","wordCount":83},"emotion":[],"intent":[{"text":"","expression":"","category":"attitude"}],"summary":{"text":"시험 기간이 촉박할 때 저는 더 짧게, 세분화에서 일을 완료하는 작업을 합니다. 즉, 무엇을 하고 무엇을 하지 않았고 조금 더 구체적으로 체크하는 방법을 통해서 시간을 효율적으로 관리합니다.","wordCount":27}}},"rawDataInfo":{"question":{"fileFormat":"wav","fileSize":453198,"duration":14160,"samplingBit":16,"channelCount":1,"samplingRate":"16kHz","audioPath":"/Mock/01.Management/Female/New/ckmk_q_bm_f_n_178528.wav"},"answer":{"fileFormat":"wav","fileSize":1783118,"duration":55720,"samplingBit":16,"channelCount":1,"samplingRate":"16kHz","audioPath":"/Mock/01.Management/Female/New/ckmk_a_bm_f_n_178528.wav"}}}