{"version":"1.0","dataSet":{"info":{"date":"20230116","occupation":"BM","channel":"MOCK","place":"ONLINE","gender":"FEMALE","ageRange":"-34","experience":"NEW"},"question":{"raw":{"text":"만약 이직을 생각하는 동료를 만나게 된다면 지원자님께선 뭐라고 말씀하시겠습니까 왜 그렇게 말씀하실지도 설명 부탁드리겠습니다","wordCount":14},"emotion":[],"intent":[]},"answer":{"raw":{"text":"만약 이직을 생각하는 동료를 만나게 된다면 저는 질문을 먼저 할 것 같습니다. 어 상 어떤 상황에서 이 일을 그만두게 될 생각을 하게 됐는지를 먼저 물어볼 것 같습니다. 어 피치 못할 사정이나 아니면 이 일에 대한 흥미도가 떨어져서 다시는 이 일을 하 하고 싶지 않고 다른 일에 도전하고 싶다고 하는 동료가 있다면 저는 그 꿈을 밀어줘야 한다고 생각하고 어 만약에 돈이나 아니면 명예 그 직급 때문에 이직을 하게 하려고 하는 분이 계신다면 설득을 통해서 여기서 오랜 오랜 기간 업무를 진행 업무를 했을 때 그것은 따라오는 결과라고 설득을 할 것 같습니다.","wordCount":89},"emotion":[],"intent":[{"text":"","expression":"","category":"attitude"}],"summary":{"text":"이직하는 동료를 만날 경우, 이직의 이유를 먼저 물어볼 것 같습니다. 피치 못할 사정이나 흥미도가 떨어지는 동료가 있다면 꿈을 밀어줘야 한다고 생각하고, 돈이나 명예로 이직하려는 분에게는 설득을 할 것입니다.","wordCount":28}}},"rawDataInfo":{"question":{"fileFormat":"wav","fileSize":471758,"duration":14740,"samplingBit":16,"channelCount":1,"samplingRate":"16kHz","audioPath":"/Mock/01.Management/Female/New/ckmk_q_bm_f_n_184224.wav"},"answer":{"fileFormat":"wav","fileSize":1947278,"duration":60850,"samplingBit":16,"channelCount":1,"samplingRate":"16kHz","audioPath":"/Mock/01.Management/Female/New/ckmk_a_bm_f_n_184224.wav"}}}