{"version":"1.0","dataSet":{"info":{"date":"20230116","occupation":"BM","channel":"MOCK","place":"ONLINE","gender":"FEMALE","ageRange":"-34","experience":"NEW"},"question":{"raw":{"text":"어 지원자님께서 어떤 상황에 부딪치게 되는 경우에 어 혼자 해결하는 편이신가요 아니면은 이것을 여러 사람들에게 이야기를 해서 해결책을 구하는 편인가요","wordCount":20},"emotion":[],"intent":[]},"answer":{"raw":{"text":"어떤 문제에 부딪쳤을 때 혼자 해결하기보다는 여러 사람에게 충고나 조언을 듣는 편입니다. 문제에 부딪쳤을 때 부딪친 이유는 제가 그 문제에 대한 해결 방법을 잘 모르고 있기 때문입니다. 하지만 여러 사람에게 물어본다면 그 해결 방법을 알고 있는 사람은 분명히 있을 겁니다. 따라서 혼자서 잘못 제가 해결할 수 없는 문제에 대해서 끙끙대며 앓기보다는 여러 사람을 통해 그 문제 해결 방법을 찾도록 노력하는 법입니다. 사람들이 제 고민을 많이 알고 있을수록 제가 어떤 제 고민에 대한 해결 방법을 아는 사람도 많아질 확률이 높습니다. 따라서 많은 사람에게 고민에 대해 묻는 거는 해결 방법을 찾는 길이라고 생각합니다. 해결 방법을 찾기 위해서 제가 갖고 있는 고민을 다른 사람에게 거리낌 없이 말할 수 있는 태도가 중요하다 중요합니다. 그래서 저는 문제에 부딪쳤을 때 우선은 제가 할 수 있는 일인지 파악하여야 하지만 그 해결 방법을 알고 있는 사람을 찾아서 해결 방법에 해결까지 걸리는 시간을 줄이는 것도 중요하다고 생각합니다. 그래서 저는 문제에 부딪쳤을 때 사람들의 조언을 듣는 편입니다.","wordCount":147},"emotion":[],"intent":[{"text":"","expression":"","category":"attitude"}],"summary":{"text":"저는 어떤 문제에 부딪쳤을 때 혼자 해결하기보다는 여러 사람에게 충고나 조언을 듣는 편입니다. 해결 방법을 찾기 위해서는 제 고민을 다른 사람에게 거리낌 없이 말할 수 있는 태도가 중요합니다. 그래서 해결 방법을 알고 있는 사람을 찾아서 해결 방법에 해결까지 걸리는 시간을 줄이는 것도 중요하다고 생각합니다.","wordCount":44}}},"rawDataInfo":{"question":{"fileFormat":"wav","fileSize":488718,"duration":15270,"samplingBit":16,"channelCount":1,"samplingRate":"16kHz","audioPath":"/Mock/01.Management/Female/New/ckmk_q_bm_f_n_180868.wav"},"answer":{"fileFormat":"wav","fileSize":2698958,"duration":84340,"samplingBit":16,"channelCount":1,"samplingRate":"16kHz","audioPath":"/Mock/01.Management/Female/New/ckmk_a_bm_f_n_180868.wav"}}}