{"version":"1.0","dataSet":{"info":{"date":"20230116","occupation":"BM","channel":"MOCK","place":"ONLINE","gender":"FEMALE","ageRange":"-34","experience":"NEW"},"question":{"raw":{"text":"지원자님께서는 본인이 현재 가지고 있는 위치보다 더 어려운 목표를 달성해 낸 경험이 있는지 궁금합니다 구체적으로 답변 부탁드리겠습니다","wordCount":17},"emotion":[],"intent":[]},"answer":{"raw":{"text":"제가 현재 가지고 있는 위치보다 어려운 목표를 달성한 적이 있습니다. 이전 회사에서 청소년 관련된 일을 했었는데요. 청소년들을 어 데리고 해외에 나가는 일이 저에게는 제 위치보다 어려운 목표였다고 생각합니다. 친구들을 데리고 다니면서 그들의 안전을 제가 책임질 수 있을지도 걱정이 되었고 그리고 어 올바른 가치관을 심어주고 그 많은 이야기를 통해서 그 아이들이 이 해외 여행에서 역량을 발전시키고 견문을 넓혔으면 했습니다. 그래서 걱정을 많이 했었는데 그 걱정이 곧 책임감으로 바뀌어서 그 나라에 대한 어 청소년들에게 들려줄 수 있는 이야기나 또 문화 그리고 안전을 위해서 챙겨야 할 여러 가지 것들에 대해서 신경을 많이 썼고 결국에는 그 목표를 달성을 했다고 생각합니다. 그렇기 때문에 이 회사에서도 어려운 일이 있더라도 열심히 한 번 임해보겠습니다.","wordCount":107},"emotion":[],"intent":[{"text":"","expression":"","category":"attitude"}],"summary":{"text":"청소년들을 데리고 해외로 나가는 일이 제 위치보다 어려운 목표를 달성한 적이 있습니다. 청소년들에게 들려주줄 수 있는 이야기나 문화 그리고 안전을 위해서 챙겨야 할 여러 가지 것들에 대해서 신경을 많이 썼고 결국에는 그 목표를 달성했다고 생각합니다.","wordCount":35}}},"rawDataInfo":{"question":{"fileFormat":"wav","fileSize":459598,"duration":14360,"samplingBit":16,"channelCount":1,"samplingRate":"16kHz","audioPath":"/Mock/01.Management/Female/New/ckmk_q_bm_f_n_178054.wav"},"answer":{"fileFormat":"wav","fileSize":2396238,"duration":74880,"samplingBit":16,"channelCount":1,"samplingRate":"16kHz","audioPath":"/Mock/01.Management/Female/New/ckmk_a_bm_f_n_178054.wav"}}}