{"version":"1.0","dataSet":{"info":{"date":"20230116","occupation":"BM","channel":"MOCK","place":"ONLINE","gender":"FEMALE","ageRange":"-34","experience":"NEW"},"question":{"raw":{"text":"지원자분 본인이 스스로 아이디어를 내서 창의적으로 어떠한 문제를 해결해 보신 경험이 있으시다고 한다면 그 과정과 결과에 대해서 최대한 자세하게 나눠 주시면 좋겠습니다","wordCount":22},"emotion":[],"intent":[]},"answer":{"raw":{"text":"제가 가장 힘들었던 경험에서 가장 창의적으로 문제를 해결한 경험이 있는데요. 정말 친한 모인 사람들과의 제주도 여행이었습니다. 힘든 알바를 같이 하며 매일 일을 하고 밥을 먹고 놀고 가족 분들보다 더 많이 붙어있어서 기쁘고 힘든 일을 함께 나누고 서로의 성격을 누구보다 잘 안다고 생각했지만 어 확신에 차면서 떠나 제주도 여행이 정말 계획을 세우는 것부터 여행을 하는 모든 것이 다 맞지 않고 정말 힘든 커뮤니케이션이었습니다. 이 때 너무 저희 모두 다 강한 주장을 펼쳤고 이것을 타파하기 위해서 짝수와 홀수 시간을 나눠서 서로의 의견을 말하지 않고 정말 단순하게 들어주기로 한 사람의 의견을 낼 수 있도록 문제를 해결하여 좋게 여행을 끝낸 경험이 있습니다.","wordCount":98},"emotion":[],"intent":[{"text":"이 때 너무 저희 모두 다 강한 주장을 펼쳤고 이것을 타파하기 위해서 짝수와 홀수 시간을 나눠서 서로의 의견을 말하지 않고 정말 단순하게 들어주기로 한 사람의 의견을 낼 수 있도록 문제를 해결하여 좋게 여행을 끝낸 경험이 있습니다.","expression":"c_confl_mg","category":"personality"}],"summary":{"text":"창의적으로 문제를 해결한 경험은 친한 사람들과의 제주도 여행이었습니다. 서로의 성격을 누구보다 잘 안다고 생각했지만 모든 것이 다 맞지 않고 힘들었습니다. 이 때 모두 다 강한 주장을 펼쳤고 이를 타파하기 위해 시간을 나눠서 문제를 해결했습니다.","wordCount":34}}},"rawDataInfo":{"question":{"fileFormat":"wav","fileSize":603598,"duration":18860,"samplingBit":16,"channelCount":1,"samplingRate":"16kHz","audioPath":"/Mock/01.Management/Female/New/ckmk_q_bm_f_n_178198.wav"},"answer":{"fileFormat":"wav","fileSize":2076238,"duration":64879,"samplingBit":16,"channelCount":1,"samplingRate":"16kHz","audioPath":"/Mock/01.Management/Female/New/ckmk_a_bm_f_n_178198.wav"}}}