{"version":"1.0","dataSet":{"info":{"date":"20230116","occupation":"BM","channel":"MOCK","place":"ONLINE","gender":"FEMALE","ageRange":"-34","experience":"NEW"},"question":{"raw":{"text":"만약 지원자님께서 이 면접에서 최종 탈락을 하시게 된다면 어떤 점이 부족해서 탈락했다고 생각하실지 한 번 편하게 말씀해 주시기 바랍니다","wordCount":19},"emotion":[],"intent":[]},"answer":{"raw":{"text":"만약 이 면접에서 제가 최종 탈락한다면 저보다 더 이 회사에 어울린다고 생각하는 그리고 이 회사가 필요로 하는 사람이 이 분명히 있었을 것이라고 생각을 할 것이고 또 저는 다음에 어 이 회사에서 인력을 보충하고 또 필요한 사람을 뽑을 때 또 지원을 할 것 같습니다. 제가 어떤 점이 딱히 부족해서 탈락을 했다고 생각하지는 않을 것 같구요. 저는 이 면접에서 제가 보여드릴 수 있는 것을 많이 보여드렸고 그 이렇게 보여드린 부분이 이 회사에서 임원 분들이 생각하셨을 때 맞지 않는다고 생각하고 어 조금 부족하다고 생각하셨기 때문에 그렇게 탈락을 한 것이지 제가 부족해서 탈락한 것은 아니라고 생각합니다.","wordCount":92},"emotion":[],"intent":[{"text":"","expression":"","category":"attitude"}],"summary":{"text":"회사에 어울리고 회사가 필요로 하는 사람이 분명히 있었을 것이라고 생각합니다. 회사 임원 분들이 생각하셨을 때 맞지 않는다고 생각하고 조금 부족하다고 생각하셨기 때문에 그렇게 탈락한 것이지 제가 부족해서 탈락한 것은 아니라고 생각합니다.","wordCount":31}}},"rawDataInfo":{"question":{"fileFormat":"wav","fileSize":434318,"duration":13570,"samplingBit":16,"channelCount":1,"samplingRate":"16kHz","audioPath":"/Mock/01.Management/Female/New/ckmk_q_bm_f_n_174907.wav"},"answer":{"fileFormat":"wav","fileSize":1900878,"duration":59400,"samplingBit":16,"channelCount":1,"samplingRate":"16kHz","audioPath":"/Mock/01.Management/Female/New/ckmk_a_bm_f_n_174907.wav"}}}