{"version":"1.0","dataSet":{"info":{"date":"20230116","occupation":"BM","channel":"MOCK","place":"ONLINE","gender":"FEMALE","ageRange":"-34","experience":"NEW"},"question":{"raw":{"text":"최근에 나온 새로운 앱 서비스 중에서 가장 관심을 가지고 있는 것은 무엇인가요","wordCount":12},"emotion":[],"intent":[]},"answer":{"raw":{"text":"어 새로 나온 앱이나 서비스 중에서 제가 가장 관심을 갖고 있는 것은 새로운 앱이라고 하기는 뭐하지만 요즘 굉장히 많이 일파만파로 펴지고 퍼지고 있는 종류 앱인데요. 그것은 친구 매칭 어플리케이션입니다. 어 뭐 단순히 근처에 있는 친구를 찾아 준다거나 아니면 원하는 이상향을 만든하게 해주겠다거나 그것에 일정 금액을 내고 매칭을 성사시켜 주는 그런 어플리케이션인데요. 어 일단 요즘 사회적인 트렌드에도 정말 잘 맞는 그 요즘 사회를 정말 잘 나타내주는 어플리케이션이기도 하고 굉장히 시간에 쫓겨 사는 현대인들에게 효율적으로 어플리케이 효율적인 어플리케이션을 생각합니다. 하지만 어 가지고 있는 개인정보라든가 여러 가지 문제점이 많기 때문에 그런 여러 가지 사항들을 따지고 보면서 가장 큰 관심을 갖고 있는 어플리케이션입니다.","wordCount":99},"emotion":[{"text":"하지만 어 가지고 있는 개인정보라든가 여러 가지 문제점이 많기 때문에 그런 여러 가지 사항들을 따지고 보면서 가장 큰 관심을 갖고 있는 어플리케이션입니다.","expression":"p-interest","category":"positive"}],"intent":[{"text":"","expression":"","category":"attitude"}],"summary":{"text":"친구 매칭 어플리케이션은 요즘 트렌드에 맞는, 시간에 쫓겨 사는 현대인들에게 유용한 앱이지만, 개인정보나 여러 가지 문제점 때문에 가장 큰 관심을 갖고 있는 앱은 아닙니다.","wordCount":24}}},"rawDataInfo":{"question":{"fileFormat":"wav","fileSize":307278,"duration":9600,"samplingBit":16,"channelCount":1,"samplingRate":"16kHz","audioPath":"/Mock/01.Management/Female/New/ckmk_q_bm_f_n_178705.wav"},"answer":{"fileFormat":"wav","fileSize":2365838,"duration":73930,"samplingBit":16,"channelCount":1,"samplingRate":"16kHz","audioPath":"/Mock/01.Management/Female/New/ckmk_a_bm_f_n_178705.wav"}}}