{"version":"1.0","dataSet":{"info":{"date":"20230116","occupation":"BM","channel":"MOCK","place":"ONLINE","gender":"FEMALE","ageRange":"-34","experience":"NEW"},"question":{"raw":{"text":"만약 상사가 업무와 무관한 일을 시켰어요 이럴 때 어떻게 대처할지 궁금합니다 잘 수행할 자신이 있나요 아니면 수행하지 않을 건지도 궁금합니다","wordCount":20},"emotion":[],"intent":[]},"answer":{"raw":{"text":"만약에 상사가 업무와 무관한 일을 시킨다면 어 어떤 일 인가에 따라서 제가 다를 것 같은데요. 어 완전히 개인적인 일을 시키신다면 저는 우선의 이 일을 해야 하는 이유를 찾을 것 같습니다. 제가 이 회사에 취직을 한다는 것은 회사를 위해 일하는 것이지 상사를 위해서 일을 하는 것은 아니기 때문에 개인적인 그런 일에 제가 쓰여야 한다면 제가 납득할 만한 상황이면 그것을 열심히 도와드리겠지만 납득할 수 없고 또 저를 아랫사람으로 여기시고 아무 일이나 시키는 신다고 한다면 그것은 명확히 끊어내야 하는 것이라고 생각이 듭니다. 어 넵.","wordCount":81},"emotion":[],"intent":[{"text":"","expression":"","category":"attitude"}],"summary":{"text":"상사가 업무와 무관한 일을 시킨다면 저는 일을 해야 하는 이유를 찾을 것 같습니다. 제가 이 회사에 취직한다는 것은 회사를 위해 일하는 것이지 상사를 위해서 일하는 것은 아니기 때문입니다.","wordCount":28}}},"rawDataInfo":{"question":{"fileFormat":"wav","fileSize":391118,"duration":12220,"samplingBit":16,"channelCount":1,"samplingRate":"16kHz","audioPath":"/Mock/01.Management/Female/New/ckmk_q_bm_f_n_170088.wav"},"answer":{"fileFormat":"wav","fileSize":1790158,"duration":55940,"samplingBit":16,"channelCount":1,"samplingRate":"16kHz","audioPath":"/Mock/01.Management/Female/New/ckmk_a_bm_f_n_170088.wav"}}}