{"version":"1.0","dataSet":{"info":{"date":"20230116","occupation":"BM","channel":"MOCK","place":"ONLINE","gender":"FEMALE","ageRange":"35-44","experience":"NEW"},"question":{"raw":{"text":"과학 기술의 발전으로 과거에는 있었지만 현재 없어진 직업들이 많이 있습니다 지원자님이 생각할 때 현대 사회에서 없어서는 안 될 가장 중요하다고 생각하시는 직업을 한 가지 골라 설명해 주시기 바랍니다","wordCount":28},"emotion":[],"intent":[]},"answer":{"raw":{"text":"현대사회에서 없어서는 안 될 가장 중요하다고 생각하는 직업은 지금 제가 딱 떠오르는 직업은 바로 학교 선생님입니다. 그 제가 강사로 학교에 수업을 몇 번 나가 본 적이 있었는데 초등학교도 가봤고 중학교도 가봤고 고등학교도 가봤는데 사실 학교라는 것 자체가 어 이제는 아이들에게 정말 무엇을 중심으로 교육을 해야 하는지를 고민해야 한다고 생각을 합니다. 어 일단 공교육 자체가 사교육에 비해서 많이 위축되어 있는 거는 오래된 어떤 사실이기도 하고 학교에서 보면은 굳이 공부를 열심히 안 하는 거죠 거기서는. 어차피 학원에 가서 공부를 할 테니까 하지만 그럼에도 우리가 학교가 존재해야 하는 이유는 변함이 없을 것 같거든요. 기본적으로 사회성을 기를 수 있는 곳이고 함께 살아가는 것에 대해서 생각해볼 수 있는 곳이라고 생각하는데 그렇게 그런 의미로 저는 선생님이 꼭 필요하다고 생각이 듭니다. 그 과목의 전문성도 좀 보완되어야겠지만","wordCount":119},"emotion":[],"intent":[{"text":"기본적으로 사회성을 기를 수 있는 곳이고 함께 살아가는 것에 대해서 생각해볼 수 있는 곳이라고 생각하는데   그렇게 그런 의미로 저는 선생님이 꼭 필요하다고 생각이 듭니다.","expression":"c_value","category":"background"}],"summary":{"text":"현대사회에서 가장 중요하다고 생각하는 직업은 학교 선생님입니다. 학교는 기본적으로 사회성을 기를 수 있고 함께 살아가는 것에 대해서 생각해볼 수 있는 곳이라고 생각하는데 그런 의미로 선생님이 꼭 필요하다고 생각합니다.","wordCount":28}}},"rawDataInfo":{"question":{"fileFormat":"wav","fileSize":640718,"duration":20020,"samplingBit":16,"channelCount":1,"samplingRate":"16kHz","audioPath":"/Mock/01.Management/Female/New/ckmk_q_bm_f_n_181767.wav"},"answer":{"fileFormat":"wav","fileSize":2860878,"duration":89400,"samplingBit":16,"channelCount":1,"samplingRate":"16kHz","audioPath":"/Mock/01.Management/Female/New/ckmk_a_bm_f_n_181767.wav"}}}