{"version":"1.0","dataSet":{"info":{"date":"20230116","occupation":"BM","channel":"MOCK","place":"ONLINE","gender":"FEMALE","ageRange":"-34","experience":"NEW"},"question":{"raw":{"text":"지원자분께서 무언가 달성하시기 위해서 본인만의 목표를 설정하신 뒤에 이 년 혹은 삼 년 정도 동안 열심히 노력하셔서 그러한 목표를 이루신 적이 있으신지 궁금합니다","wordCount":23},"emotion":[],"intent":[]},"answer":{"raw":{"text":"저는 스리랑카로 국제자원봉사를 어 장기간 가고 싶어서 그 쓰리랑카 아이들에게 필요한 것이 무엇인지 조사를 해 보다가 한국어에 대한 니즈가 있다는 것을 파악하고 한국어 교원 자격증을 다 따기 위해서 취득하기 위해서 이 년간 열심히 노력을 해서 목표를 달성했습니다. 한국인이 한국어를 배우는 것이 이상 하게느끼실 수도 있는데요. 한국어의 학문적인 학문적인 접근으로 어 취득하는 자격증이고 또 어떻게 하면 이것을 외국인에게 효과적으로 가르칠 수 있는지에 대한 그런 자격증입니다. 그래서 어 제가 한국인의 한국인임에도 불구하고 그런 공부를 하는 데 있어서 생소한 것도 많고 또 어려운 점도 많았지만 결국에는 그 자격증을 취득해서 어 쓰리랑카로 장기간 국제 자원봉사를 떠날 수 있었고 그 경험이 제 인생에서 정말 중요하고 무엇인지 무엇이든지 할 수 있겠다 라는 자신감을 주는 경험으로 작용하게 되었습니다.","wordCount":111},"emotion":[{"text":"그래서 어 제가 한국인의 한국인임에도 불구하고 그런 공부를    하는 데 있어서 생소한 것도 많고 또 어려운 점도 많았지만 결국에는    그 자격증을 취득해서 어 쓰리랑카로 장기간 국제 자원봉사를 떠날 수    있었고 그 경험이 제 인생에서 정말 중요하고 무엇인지   무엇이든지 할 수 있겠다 라는 자신감을 주는 경험으로 작용하게 되었습니다.","expression":"p-achievement","category":"positive"}],"intent":[{"text":"저는 스리랑카로 국제자원봉사를 어 장기간 가고 싶어서   그 쓰리랑카 아이들에게 필요한 것이 무엇인지 조사를 해 보다가    한국어에 대한 니즈가 있다는 것을 파악하고 한국어 교원 자격증을    다 따기 위해서 취득하기 위해서 이 년간 열심히 노력을    해서 목표를 달성했습니다.","expression":"c_chl","category":"personality"},{"text":"그래서 어 제가 한국인의 한국인임에도 불구하고 그런 공부를    하는 데 있어서 생소한 것도 많고 또 어려운 점도 많았지만 결국에는    그 자격증을 취득해서 어 쓰리랑카로 장기간 국제 자원봉사를 떠날 수    있었고 그 경험이 제 인생에서 정말 중요하고 무엇인지   무엇이든지 할 수 있겠다 라는 자신감을 주는 경험으로 작용하게 되었습니다.","expression":"c_chl","category":"personality"}],"summary":{"text":"저는 스리랑카로 국제자원봉사를 가기 위해 한국어 교원 자격증을 취득하기 위해 이 년간 열심히 했습니다. 한국어의 학문적인 학문적인 접근으로 취득하는 자격증이고, 어떻게 하면 외국인에게 효과적으로 가르칠 수 있는지에 대한 자격증입니다. 그 경험이 제 인생에서 자신감으로 작용하게 되었습니다.","wordCount":36}}},"rawDataInfo":{"question":{"fileFormat":"wav","fileSize":529998,"duration":16560,"samplingBit":16,"channelCount":1,"samplingRate":"16kHz","audioPath":"/Mock/01.Management/Female/New/ckmk_q_bm_f_n_170404.wav"},"answer":{"fileFormat":"wav","fileSize":2555918,"duration":79870,"samplingBit":16,"channelCount":1,"samplingRate":"16kHz","audioPath":"/Mock/01.Management/Female/New/ckmk_a_bm_f_n_170404.wav"}}}