{"version":"1.0","dataSet":{"info":{"date":"20230116","occupation":"BM","channel":"MOCK","place":"ONLINE","gender":"FEMALE","ageRange":"45-54","experience":"NEW"},"question":{"raw":{"text":"오늘 면접을 준비하느라 정말 많은 고생을 하셨을 텐데요 지원자님은 어떤 방식으로 이 면접을 준비해 오셨는지 구체적으로 말씀해 주실 수 있을까요","wordCount":20},"emotion":[],"intent":[]},"answer":{"raw":{"text":"아 네 사실 이제 제가 이렇게 처음 보는 사람들 앞에서 얘기를 한다거나 또 어떤 얘기를 할지도 모르기 때문에 이제 많이 긴장되고 걱정도 많았는데요. 그렇기 때문에 이제 여러 가지로 어 뉴스도 많이 보고 어 상식적인 부분에 대한 공부를 많이 했구요. 이제 말하는 연습 이런 부분을 위해서 어 좀 제가 말하는 것을 좀 찍어 보고 또 그것을 좀 보면서 아 이렇구나 표정이나 이런 걸 어떻게 해야 되겠구나 그리고 이제 유튜브 강의라든지 이런 부분 많이 있거든요. 그래서 고런 걸 좀 보면서 준비를 해 왔습니다.","wordCount":81},"emotion":[],"intent":[{"text":"","expression":"","category":"attitude"}],"summary":{"text":"처음 보는 사람들이라 많이 긴장되고 걱정했습니다. 그래서 뉴스와 상식에 대한 공부를 많이 했습니다. 말하는 연습을 위해 말하는 것을 찍어보고 유튜브 강의도 보면서 준비를 해 왔습니다.","wordCount":25}}},"rawDataInfo":{"question":{"fileFormat":"wav","fileSize":583758,"duration":18240,"samplingBit":16,"channelCount":1,"samplingRate":"16kHz","audioPath":"/Mock/01.Management/Female/New/ckmk_q_bm_f_n_182168.wav"},"answer":{"fileFormat":"wav","fileSize":1598798,"duration":49960,"samplingBit":16,"channelCount":1,"samplingRate":"16kHz","audioPath":"/Mock/01.Management/Female/New/ckmk_a_bm_f_n_182168.wav"}}}