{"version":"1.0","dataSet":{"info":{"date":"20230116","occupation":"BM","channel":"MOCK","place":"ONLINE","gender":"FEMALE","ageRange":"45-54","experience":"NEW"},"question":{"raw":{"text":"혹시 회사 업무를 하다가 가장 힘들었던 점은 어떤 것들이 있는지 궁금하구요 그리고 그 점들을 극복해 내기 위해서 본인만에 노력이 있다면 소개를 해주시죠","wordCount":22},"emotion":[],"intent":[]},"answer":{"raw":{"text":"살면서 가장 힘들었던 점은 저에게 알 수 없는 병이 찾아왔을 때입니다. 이유 없이 몸이 좀 피곤했고 의욕이 없었고 그리고 너무 어지럽고 처음에는 일상생활의 변화가 좀 있어서 나타나는 이 신체적인 증상인가 생각했지만 이 기간이 너무 길었습니다. 그래서 병원을 찾아다니면 제 병명을 알고자 했지만 알 수 없었고 그런 기간들이 이 년 년 동안 지속되었습니다. 그래서 저는 다니던 직장도 그만두고 집에서 생활하면서 제 병의 병명을 알기 위해 노력 했고 그러다가 우연히 찾아낸 기립성 빈맥 증후군이라는 그런 질병으로 확인되어서 어 치료를 하려고 굉장히 노력했는데 쉽게 낫지 않았습니다. 그래서 치료에 매달린 시간도 일 년 정도. 그 뒤로 한 시간이 한 삼 년 정도 지나자 제 상태는 조금씩 호전되었고 운동을 게을리하지 않은 덕분에 지금은 많이 좋아진 상태입니다. 그때 당시에 가장 힘들었던 시기였는데 제가 제 스스로를 놓지 않았기 때문에 지금은 다시 활기를 되찾고 일상생활을 할 수 있는 상황이 되었습니다. 뭐든지 끈기 있게 포기하지 않는 그것이 좋다고 생각합니다.","wordCount":140},"emotion":[],"intent":[{"text":"","expression":"","category":"attitude"}],"summary":{"text":"제가 살면서 가장 힘들었던 점은 알 수 없는 병이 찾아왔을 때입니다. 병원을 찾아다니면 병명을 알 수 없었고 이런 기간들이 이 년 동안 지속되었습니다. 그래서 직장도 그만두고 집에서 생활하면서 제 병의 병명을 알기 위해 노력했지만 쉽게 낫지 않았습니다. 그래서 치료에 매달린 시간도 일 년 정도 되었고 지금은 많이 좋아진 상태입니다. 무슨 일이 있어도 끈기 있게 하는 것이 좋다고 생각합니다.","wordCount":58}}},"rawDataInfo":{"question":{"fileFormat":"wav","fileSize":514958,"duration":16090,"samplingBit":16,"channelCount":1,"samplingRate":"16kHz","audioPath":"/Mock/01.Management/Female/New/ckmk_q_bm_f_n_173772.wav"},"answer":{"fileFormat":"wav","fileSize":2705358,"duration":84540,"samplingBit":16,"channelCount":1,"samplingRate":"16kHz","audioPath":"/Mock/01.Management/Female/New/ckmk_a_bm_f_n_173772.wav"}}}