{"version":"1.0","dataSet":{"info":{"date":"20230116","occupation":"BM","channel":"MOCK","place":"ONLINE","gender":"FEMALE","ageRange":"35-44","experience":"NEW"},"question":{"raw":{"text":"이력서를 보니 문서 작업 등 뭐 행정 업무에 경험이 있는 거로 나왔는데 있는데요 어 문서 작업 행정업무에 관한 경험이 경험을 사례와 함께 설명해 주시기 바랍니다","wordCount":25},"emotion":[],"intent":[]},"answer":{"raw":{"text":"전에 제가 대학교 졸업하고 잠시 취업이 안 될 때 그때 당시에 공공 근로라는 게 있었습니다. 이제 그 지자체에서 어 뭐 아이엠에프 터지면서 취업이 잘 안되고 하니까 젊은 청춘 인력들을 젊은 청년들을 어 취업을 그까 아르바이트죠. 음 공공직에 대한 아르바이트라고 생각을 하면 되는데 그러므로써 일 자기가 할 수 있는 일 안에서 어 뭔가 계속 쉬지 않고 배움도 할 수 있고 어 뭔가 실무 경험도 할 수 있는 그런 그런 사업이 있었습니다. 그래서 제가 전공을 살 그까 전공에는 딱히 취업을 할 건 아니었는데 마침 어 시 조경에서 그 조경이 원래 흔치가 않으니까 시 조경을 위해서 관련된 직원을 이제 공공 근로 인원을 뽑고 있어서 거기에서 같이 어 사무 보조를 하면서 어 한 일 년 넘게 근무를 했었던 적이 있습니다. 그래서 그때 나무 심기 서울 숲을 만드는 과정이었거든요. 서울 숲을 만들기 위해 나무 심는 기증 프로그램이 있었는데 그 프로젝트에 인제 같이 어 조인이 돼서 어 나무 심는 기증자들의 정리 어 기증 목록을 정리하고 했었습니다.","wordCount":150},"emotion":[{"text":"그래서 제가 전공을 살 그까 전공에는 딱히 취업을 할 건 아니었는데 마침 어 시 조경에서 그 조경이 원래 흔치가 않으니까 시 조경을 위해서 관련된 직원을 이제 공공 근로 인원을 뽑고 있어서 거기에서 같이 어 사무 보조를 하면서 어 한 일 년 넘게 근무를 했었던 적이 있습니다.","expression":"u-fact","category":"neutral"}],"intent":[{"text":"그래서 제가 전공을 살 그까 전공에는 딱히 취업을 할 건 아니었는데 마침 어 시 조경에서 그 조경이 원래 흔치가 않으니까 시 조경을 위해서 관련된 직원을 이제 공공 근로 인원을 뽑고 있어서 거기에서 같이 어 사무 보조를 하면서 어 한 일 년 넘게 근무를 했었던 적이 있습니다.","expression":"m_admin","category":"technology"},{"text":"서울 숲을 만들기 위해 나무 심는 기증 프로그램이 있었는데 그 프로젝트에 인제 같이 어 조인이 돼서 어 나무 심는 기증자들의 정리 어 기증 목록을 정리하고 했었습니다.","expression":"m_admin","category":"technology"}],"summary":{"text":"공공 근로라는 게 청년들이 할 수 있는 일 안에서 배움도 하고 어 실무 경험도 하는 사업이었습니다. 그래서 시 조경에서 관련된 직원을 공공 근로로 사무 보조 근무를 했었습니다. 서울 숲을 만들기 위해 나무를 심는 기증 프로그램에 기증 목록을 정리했습니다.","wordCount":38}}},"rawDataInfo":{"question":{"fileFormat":"wav","fileSize":618638,"duration":19330,"samplingBit":16,"channelCount":1,"samplingRate":"16kHz","audioPath":"/Mock/01.Management/Female/New/ckmk_q_bm_f_n_181438.wav"},"answer":{"fileFormat":"wav","fileSize":2874318,"duration":89820,"samplingBit":16,"channelCount":1,"samplingRate":"16kHz","audioPath":"/Mock/01.Management/Female/New/ckmk_a_bm_f_n_181438.wav"}}}