{"version":"1.0","dataSet":{"info":{"date":"20230116","occupation":"BM","channel":"MOCK","place":"ONLINE","gender":"FEMALE","ageRange":"35-44","experience":"NEW"},"question":{"raw":{"text":"지원자님께서는 평소에 창의성과 팀워크 중 무엇이 더 중요하다고 생각을 하셨습니까 왜 그것을 더 중요하게 생각하시는지 근거를 들어서 함께 말씀해 주세요","wordCount":20},"emotion":[],"intent":[]},"answer":{"raw":{"text":"창의성과 팀 워크 중에서 어떤 것이 더 중요한 것이라고 둘 다 다 있으면 좋은데요. 일단 이게 팀 작업이라면 저는 당연히 팀워크가 우선이라고 봅니다. 이게 개인적인 문제라면 개인이 개인적인 그냥 프로젝트라면 창의성이 더 우선이 될 것 같은데요. 팀 작업이라면 팀 워크가 당연히 더 중요하다고 봅니다. 어 팀워크가 전반적인 팀이 잘 이게 의견이 맞고 생각이 잘 마음이 잘 맞으면 창의성은 당연히 따라온다고 보거든요. 이게 사람이 기분이 좋으면 그냥 뭐 쪼끔 힘들어도 이게 다 좀 너그러이 넘어갈 수도 있고 용서가 되는 거랑 똑같다고 봐요. 그래서 그냥 우리 팀이 잘 합이 잘 맞는다 이럴 때는 그냥 이 사람의 의견도 또 수용할 수 있고 저 사람의 의견도 수용할 수 있고 그 안에서 또 새로운 해답이 또 나오기도 하고 그렇기 때문에 저는 어 팀워크가 더 우선이 된다고 봅니다.","wordCount":122},"emotion":[],"intent":[{"text":"그래서 그냥 우리 팀이 잘 합이 잘 맞는다 이럴 때는 그냥 이 사람의 의견도 또 수용할 수 있고 저 사람의 의견도 수용할 수 있고 그 안에서 또 새로운 해답이 또 나오기도 하고 그렇기 때문에 저는 어 팀워크가 더 우선이 된다고 봅니다.","expression":"c_cop","category":"personality"}],"summary":{"text":"창의성과 팀워크 중 어떤 것이 더 중요한 것이라고 둘 다 있으면 좋은데, 개인적으로 개인적 프로젝트라면 창의성이 더 우선이 될 것 같은데, 전체적인 팀 의견이 맞고 마음이 잘 맞으면 창의성은 당연히 따라온다고 봅니다.","wordCount":32}}},"rawDataInfo":{"question":{"fileFormat":"wav","fileSize":576718,"duration":18020,"samplingBit":16,"channelCount":1,"samplingRate":"16kHz","audioPath":"/Mock/01.Management/Female/New/ckmk_q_bm_f_n_181441.wav"},"answer":{"fileFormat":"wav","fileSize":2201038,"duration":68780,"samplingBit":16,"channelCount":1,"samplingRate":"16kHz","audioPath":"/Mock/01.Management/Female/New/ckmk_a_bm_f_n_181441.wav"}}}