{"version":"1.0","dataSet":{"info":{"date":"20230116","occupation":"BM","channel":"MOCK","place":"ONLINE","gender":"FEMALE","ageRange":"-34","experience":"NEW"},"question":{"raw":{"text":"네 지원자님께서 일을 하시다 보면 다른 지역에서 업무를 수행하게 될 수도 있는데요 타 지역 근무도 가능하실지 무리 없이 좀 문제 없이 좀 가능하신 부분인지 말씀을 좀 부탁드리고 싶습니다","wordCount":28},"emotion":[],"intent":[]},"answer":{"raw":{"text":"네 다른 지역에서 업무를 수행하는 것도 충분히 가능합니다. 전혀 문제 없을 것 같습니다. 어 원래 본가가 아니고 대학생 때 서울에 올라와서 자취를 하게 된 만큼 이제 혼자 지내는 것에도 익숙하고 어 타 지역에서 적응하는 것도 익숙해 졌습니다. 그래서 다른 지역에 가서 근무를 하게 되더라도 그 지역에 금방 적응할 수 있고 또 지내는 것 또한 괜찮을 것 같습니다.","wordCount":57},"emotion":[],"intent":[{"text":"","expression":"","category":"attitude"}],"summary":{"text":"대학생 때 서울에 올라와서 혼자 지내도 익숙하고 타 지역에서 적응하는 것도 익숙해져 다른 지역에서 근무를 하게 되더라도 적응할 수 있을 것 같습니다.","wordCount":22}}},"rawDataInfo":{"question":{"fileFormat":"wav","fileSize":654158,"duration":20440,"samplingBit":16,"channelCount":1,"samplingRate":"16kHz","audioPath":"/Mock/01.Management/Female/New/ckmk_q_bm_f_n_172618.wav"},"answer":{"fileFormat":"wav","fileSize":1320398,"duration":41260,"samplingBit":16,"channelCount":1,"samplingRate":"16kHz","audioPath":"/Mock/01.Management/Female/New/ckmk_a_bm_f_n_172618.wav"}}}