{"version":"1.0","dataSet":{"info":{"date":"20230116","occupation":"BM","channel":"MOCK","place":"ONLINE","gender":"FEMALE","ageRange":"-34","experience":"NEW"},"question":{"raw":{"text":"그동안의 경험을 바탕으로 여러 관계자와 협력하여서 성공적으로 일정을 수행해 본 경험에 대해서 있으시다면 한번 설명해 주시겠습니까","wordCount":16},"emotion":[],"intent":[]},"answer":{"raw":{"text":"네 여러 관계자와 협력을 해서 네 성공적으로 일정을 수행해 본 적이 있었고요. 아무래도 사람이 많다 보니까 저의 생각을 먼저 고수하는 것보다는 그들의 의견을 먼저 듣는 것에서 부터 시작했습니다. 아무래도 서로가 뭐라고 해야 될까요. 각자 보이는 생각이 다 맞다고 우기면은 거기서 더 잘 나아갈 수가 없더라고요. 그래서 들어봤을 때 이 사람의 이야기를 먼저 듣고 만약에 이게 아니다 라는 느낌이 들었을 때는 제가 이 사람 말에 우선 이해와 공감을 먼저 했습니다. 이러한 상황에서 당신의 말은 이렇군요 저도 그럴 것 같습니다 하지만 저희는 이런 결과물로 내야 되는데 여기에서 이 상황만 생각하면 조금은 어려울 것 같아요. 그래서 우리가 이런 비 상황도 함께 고려해서 좋게 결과를 만들어 봅시다 라는 식으로 조금은 애둘러서 하지만 강하게 말을 했었고 그로 인해서 협력이 잘 되었던 기억이 납니다. 네 그런 식으로 진행을 해서 굉장히 잘 수행되었다고 말씀드릴 수 있을 것 같습니다.","wordCount":131},"emotion":[],"intent":[{"text":"","expression":"","category":"attitude"}],"summary":{"text":"여러 관계자와 협력을 해서 성공적으로 일정을 수행해 본 적이 있습니다. 각자 보이는 생각이 다 맞다고 우기면 더 나아갈 수가 없어서 제 생각을 먼저 고수하는 것보다는 그들의 의견을 먼저 듣는 것에서 부터 시작했습니다. 그렇게 진행을 해서 굉장히 잘 수행되었다고 말씀을 할 수 있을 것 같습니다.","wordCount":44}}},"rawDataInfo":{"question":{"fileFormat":"wav","fileSize":427598,"duration":13360,"samplingBit":16,"channelCount":1,"samplingRate":"16kHz","audioPath":"/Mock/01.Management/Female/New/ckmk_q_bm_f_n_169088.wav"},"answer":{"fileFormat":"wav","fileSize":2238158,"duration":69940,"samplingBit":16,"channelCount":1,"samplingRate":"16kHz","audioPath":"/Mock/01.Management/Female/New/ckmk_a_bm_f_n_169088.wav"}}}