{"version":"1.0","dataSet":{"info":{"date":"20230116","occupation":"BM","channel":"MOCK","place":"ONLINE","gender":"FEMALE","ageRange":"35-44","experience":"NEW"},"question":{"raw":{"text":"지금 현재 지원자님은 따로 읽고 계신 책이 있으신가요 만약 있으시다면 그게 무슨 책인지 궁금합니다 또한 왜 그 책을 읽으시는지도 함께 말씀해 주세요","wordCount":22},"emotion":[],"intent":[]},"answer":{"raw":{"text":"지금 제가 읽고 있는 책은 내 인생의 결정적 순간이라는 책입니다. 다양한 분야의 전문인들 즉 성공한 사람들의 결정적 순간에 관한 에세이를 모은 책입니다. 가장 인상적이었던 글을 하나 소개하자면 옥수수 박사 김순권 박사님의 이야기입니다. 항상 학교나 연구 분야 등에서 당시 최고가 아닌 차선의 자리에 있었지만 차선인 옥수수를 끝까지 파고 들어 옥수수에 관한 한 최고의 전문가가 될 수 있었다는 이야기입니다. 그들의 공통점을 찾아보면 대부분 어려운 형편과 극복하기 어려운 장애물을 넘어서 성공을 이룰 수 있었다는 이야기이지만 중요한 것은 위기를 기회로 활용한다는 사실과 항상 열정을 가지고 살았다는 것입니다. 언제 기회가 찾아와도 그 기회를 내 것으로 만들 수 있는 준비가 되어 있기에 각 분야에서 이름을 알릴 수 있었던 것 같습니다. 저 역시 항상 열정을 가지고 제 인생의 결정적인 순간에 귀사와 함께 도약할 수 있는 인재가 되겠습니다.","wordCount":120},"emotion":[],"intent":[{"text":"","expression":"","category":"attitude"}],"summary":{"text":"성공한 사람들의 결정적 순간에 관한 에세이 중 옥수수 박사 김순권 박사님의 이야기는 위기를 기회로 활용한다는 사실과 항상 열정을 가지고 살았다는 것입니다. 저 역시 열정을 가지고 제 인생의 결정적인 순간에 귀사와 함께 도약할 수 있는 인재가 되겠습니다.","wordCount":36}}},"rawDataInfo":{"question":{"fileFormat":"wav","fileSize":684238,"duration":21380,"samplingBit":16,"channelCount":1,"samplingRate":"16kHz","audioPath":"/Mock/01.Management/Female/New/ckmk_q_bm_f_n_187558.wav"},"answer":{"fileFormat":"wav","fileSize":2464718,"duration":77020,"samplingBit":16,"channelCount":1,"samplingRate":"16kHz","audioPath":"/Mock/01.Management/Female/New/ckmk_a_bm_f_n_187558.wav"}}}