{"version":"1.0","dataSet":{"info":{"date":"20230116","occupation":"BM","channel":"MOCK","place":"ONLINE","gender":"FEMALE","ageRange":"-34","experience":"NEW"},"question":{"raw":{"text":"저희 일이 특성상 야근이나 잔업이나 외근 등이 어 많아질 수도 있습니다 어 그래도 괜찮으실지 어 말씀 부탁드립니다","wordCount":17},"emotion":[],"intent":[]},"answer":{"raw":{"text":"일의 특성상 야근이나 잔업 외근이 많을 수도 있다고 하셨는데요. 어 야근이나 잔업은 제가 주어진 시간에 열심히 시간을 배분해서 일을 한다면 어 줄일 수 있는 부분이라고 생각합니다. 하지만 회사에 회사에서 꼭 야근이나 잔업이 필요한 날이 있지 않습니까. 그때는 제가 얼마든지 마음을 내서 야근이나 잔업을 할 수 있는 마음가짐은 되어 있습니다. 어 제가 만약에 집안에 부득이한 일이 있거나 아니면 개인적인 일로 인해서 야근이나 잔업에 빠지게 된다면 그 이유에 대해서는 선배님이나 어 선임 스 선임 분들께 설득을 통해서 이해하실 수 있도록 할 수 있을 것 같구요. 외근 같은 경우에는 제가 외부에서 일하는 것은 겁내하지 않는 마음가짐을 가지고 있기 때문에 괜찮을 것 같습니다.","wordCount":99},"emotion":[],"intent":[{"text":"","expression":"","category":"attitude"}],"summary":{"text":"일의 특성상 야근이나 잔업 외근이 많을 수 있다고 하셨는데 그 이유는 제가 열심히 시간을 배분해서 일을 한다면 줄일 수 있는 부분이라 생각합니다. 하지만 꼭 야근, 잔업이 필요한 날이 있다면 충분히 할 수 있는 마음가짐은 되어 있습니다.","wordCount":36}}},"rawDataInfo":{"question":{"fileFormat":"wav","fileSize":565198,"duration":17660,"samplingBit":16,"channelCount":1,"samplingRate":"16kHz","audioPath":"/Mock/01.Management/Female/New/ckmk_q_bm_f_n_184227.wav"},"answer":{"fileFormat":"wav","fileSize":2327758,"duration":72740,"samplingBit":16,"channelCount":1,"samplingRate":"16kHz","audioPath":"/Mock/01.Management/Female/New/ckmk_a_bm_f_n_184227.wav"}}}