{"version":"1.0","dataSet":{"info":{"date":"20230116","occupation":"BM","channel":"MOCK","place":"ONLINE","gender":"FEMALE","ageRange":"55-","experience":"NEW"},"question":{"raw":{"text":"문서 작업을 할 때 실수나 오탈자 등을 방지하기 위한 본인만의 비결을 있다면 설명해 주시겠습니까","wordCount":14},"emotion":[],"intent":[]},"answer":{"raw":{"text":"문서 작업 시 실수나 오탈자 등을 발 방지하기 위한 자신만의 비결이 있다면 설명해 주시겠습니까 라고 질문하셨습니다. 거기에 대한 저의 답변입니다. 저는 평소 독서하는 습관을 통해 어휘력을 늘리고 있습니다. 어휘력이 좋으면 문서 작성 시 같은 뜻을 표현할 때 동일한 단어가 중복되지 않도록 하여 좋은 문장을 만들 수 있습니다. 또한 한글 및 워드 프로그램으로 문서 작성 후 일 차적으로 맞춤법 기능을 이용하여 오탈자를 확인하고 그 다음 두 번째 세 번째 반복해서 읽으면서 수정해 나갑니다. 때로는 지인한테 메일 등으로 송부하여 교정을 부탁하기도 합니다. 이상 문서 작성 시 실수나 오탈자 방지 방안에 대한 저의 답변이었습니다. 감사합니다.","wordCount":92},"emotion":[],"intent":[{"text":"","expression":"","category":"attitude"}],"summary":{"text":"서하는 습관을 통해 어휘력을 늘리고 있습니다. 어휘력이 좋으면 문서 작성 시 같은 뜻을 표현할 때 동일한 단어가 중복되지 않도록 하여 좋은 문장을 만들 수 있습니다.","wordCount":25}}},"rawDataInfo":{"question":{"fileFormat":"wav","fileSize":409678,"duration":12800,"samplingBit":16,"channelCount":1,"samplingRate":"16kHz","audioPath":"/Mock/01.Management/Female/New/ckmk_q_bm_f_n_175297.wav"},"answer":{"fileFormat":"wav","fileSize":2388238,"duration":74630,"samplingBit":16,"channelCount":1,"samplingRate":"16kHz","audioPath":"/Mock/01.Management/Female/New/ckmk_a_bm_f_n_175297.wav"}}}