{"version":"1.0","dataSet":{"info":{"date":"20230116","occupation":"BM","channel":"MOCK","place":"ONLINE","gender":"FEMALE","ageRange":"45-54","experience":"NEW"},"question":{"raw":{"text":"지원자님께서 그동안 인생에서 겪었던 갈등들 중에서 가장 심각했던 갈등은 무엇이었나요 한 가지만 골라서 말씀 부탁드리겠습니다","wordCount":15},"emotion":[],"intent":[]},"answer":{"raw":{"text":"인생은 계속 갈등의 연속의 생활이 아닌가 싶긴 한데 가장 심각했던 지금 생각나는 거는 어 바로 전 직장에서 어 퇴사를 고려했을 때 그런 그 할까 말까에 대한 갈등이 좀 많이 심했었던 것 같습니다. 사실 뭐 업무적으로 힘들었거나 저한테 안 맞았거나 이런 것이 아니였었기 때문에 어 그 이제 인간관계 상사와의 관계 때문에 그렇다 보니 그런 부분이 좀 많이 심각했었던 것 같구요. 그치만 심사숙고해서 결정을 내린 일이기 때문에 후회는 없다고 말씀드리겠습니다.","wordCount":68},"emotion":[],"intent":[{"text":"","expression":"","category":"attitude"}],"summary":{"text":"갈등의 연속이었던 전 직장의 퇴사를 고려할때 인간관계 상사와의 관계로 인해 갈등이 심했었던 것 같으나 심사숙고해서 결정을 내린 일이기 때문에 후회는 없습니다.","wordCount":21}}},"rawDataInfo":{"question":{"fileFormat":"wav","fileSize":475278,"duration":14850,"samplingBit":16,"channelCount":1,"samplingRate":"16kHz","audioPath":"/Mock/01.Management/Female/New/ckmk_q_bm_f_n_182038.wav"},"answer":{"fileFormat":"wav","fileSize":1665358,"duration":52040,"samplingBit":16,"channelCount":1,"samplingRate":"16kHz","audioPath":"/Mock/01.Management/Female/New/ckmk_a_bm_f_n_182038.wav"}}}