{"version":"1.0","dataSet":{"info":{"date":"20230116","occupation":"BM","channel":"MOCK","place":"ONLINE","gender":"FEMALE","ageRange":"-34","experience":"NEW"},"question":{"raw":{"text":"여러 사람들과 함께 일을 하다 보면 어 구성원들과 갈등이 생길 일이 있을 텐데요 이럴 때 어떻게 해결하실지 말씀 부탁드립니다","wordCount":19},"emotion":[],"intent":[]},"answer":{"raw":{"text":"여러 사람들과 함께 일을 하다 보면 구성원들과 갈등이 생길 수 밖에 없습니다. 저도 그러한 생각이 많았는데요. 구성원들과 갈등이 많아진다면 저는 해결 방법이 여러 가지가 있었는데 그 갈등 상황일 때 저는 일단은 직설적인 표현보다는 조금 돌려서 이야기를 하면서 각자의 의견을 절충하려고 노력했던 것 같습니다. 사실 의견이 굉장히 강하거나 뭐 화가 많이 났거나 약간 감정적으로 자신의 의사를 표현을 많이 하시는 분들이 있었는데 저 같은 경우는 갈등이 생길 때는 더욱 더 차분하게 그 일을 처리를 했고 그 사람들에게 어떤케 하면 좀 더 발전된 방향으로 갈 수 있을까 를 생각을 해서 저는 좀 침착 해졌던 것 같습니다. 그래서 이렇게 침착하게 일을 수행하다 보니까 구성원들과 갈등보다는 조금 더 서로 대화를 통해서 풀었던 일이 많았고 그리고 갈등이 그렇게까지 크게 이루어지지 않았던 것 같습니다. 그래서 이런 방법으로 제가 해결을 많이 했던 것 같고 일을 하다 보면 구성원들과 조금 더 마찰보다는 대화를 통해서 그 일을 해결했던 것 같습니다.","wordCount":140},"emotion":[],"intent":[{"text":"구성원들과 갈등이 많아진다면 저는 해결 방법이 여러 가지가 있었는데   그 갈등 상황일 때 저는 일단은 직설적인 표현보다는 조금 돌려서 이야기를 하면서 각자의 의견을 절충하려고 노력했던 것 같습니다.","expression":"c_confl_mg","category":"personality"},{"text":"사실 의견이 굉장히 강하거나 뭐 화가 많이 났거나 약간 감정적으로 자신의 의사를 표현을   많이 하시는 분들이 있었는데 저 같은 경우는 갈등이 생길 때는 더욱 더 차분하게 그 일을 처리를 했고 그 사람들에게   어떤케 하면 좀 더 발전된 방향으로 갈 수 있을까 를 생각을 해서 저는 좀 침착   해졌던 것 같습니다.","expression":"c_confl_mg","category":"personality"},{"text":"그래서 이렇게 침착하게 일을 수행하다 보니까 구성원들과 갈등보다는 조금 더 서로   대화를 통해서 풀었던 일이 많았고 그리고 갈등이 그렇게까지 크게 이루어지지 않았던 것 같습니다.","expression":"c_confl_mg","category":"personality"}],"summary":{"text":"여러 사람들과 함께 일하다 보면 갈등이 생길 수 밖에 없습니다. 갈등 상황일 때 저는 직설적인 표현보다는 이야기를 하면서 각자의 의견을 절충하려 노력했습니다. 그래서 좀 더 차분하게 일을 처리하다보니 갈등보다는 대화를 통해서 풀었던 일이 많았고 갈등도 그리 크게 이루어지지 않았습니다. 그래서 대화를 통해서 일을 해결했던 것 같습니다.","wordCount":46}}},"rawDataInfo":{"question":{"fileFormat":"wav","fileSize":513358,"duration":16040,"samplingBit":16,"channelCount":1,"samplingRate":"16kHz","audioPath":"/Mock/01.Management/Female/New/ckmk_q_bm_f_n_175200.wav"},"answer":{"fileFormat":"wav","fileSize":2611918,"duration":81620,"samplingBit":16,"channelCount":1,"samplingRate":"16kHz","audioPath":"/Mock/01.Management/Female/New/ckmk_a_bm_f_n_175200.wav"}}}