{"version":"1.0","dataSet":{"info":{"date":"20230116","occupation":"BM","channel":"MOCK","place":"ONLINE","gender":"FEMALE","ageRange":"-34","experience":"NEW"},"question":{"raw":{"text":"귀하께서는 경리 부서에 지원을 해 주셨는데 대차대조표에 대해서 알고 계시나요 대차대조표에 대해서 말씀해 주세요","wordCount":14},"emotion":[],"intent":[]},"answer":{"raw":{"text":"대차대조표란 경영 활동을 파악하는 데 있어서 큰 지표가 되는 것입니다. 경영의 흐름이 어떻게 가고 있고 지금 현황을 보아 앞으로는 어떤 방식으로의 운영이 필요할지를 계획할 수 있습니다. 이렇게 대차대조표를 통해 앞으 기존의 경영 활동을 돌이켜보고 앞으로의 경영활동은 어떤 방식으로 이어나가야 할지 파악할 수 있는 지표가 됩니다. 저는 대학에서 경영학과 수업을 들으면서 이런 대차대조표를 이용한 여러 팀 프로젝트를 진행하였고 관련 강의도 여러 차례 수강하며 에이 플러스를 받을 수 있었습니다. 이러한 전문 지식을 통해 향후 관련 업무를 하게 된다면 제가 대학에서 배웠던 내용들을 활용하여 좀 더 효율적으로 업무를 처리할 수 있을 것이라고 생각합니다.","wordCount":90},"emotion":[{"text":"저는 대학에서 경영학과 수업을 들으면서 이런 대차대조표를 이용한 여러 팀 프로젝트를 진행하였고 관련   강의도 여러 차례 수강하며 에이 플러스를 받을 수 있었습니다.","expression":"u-fact","category":"neutral"}],"intent":[{"text":"","expression":"","category":"attitude"}],"summary":{"text":"대차 대조표는 경영 활동 파악의 큰 지표로, 경영 흐름의 방향과 앞으로의 운영 방향을 알 수 있습니다. 대학 경영학과 수업에서 대차 대조표를 활용한 프로젝트를 여러 차례 수강하며 플러스를 받았는데, 이런 지식으로 업무 처리 효율성을 높일 수 있을 것입니다.","wordCount":37}}},"rawDataInfo":{"question":{"fileFormat":"wav","fileSize":446798,"duration":13960,"samplingBit":16,"channelCount":1,"samplingRate":"16kHz","audioPath":"/Mock/01.Management/Female/New/ckmk_q_bm_f_n_178386.wav"},"answer":{"fileFormat":"wav","fileSize":2554638,"duration":79830,"samplingBit":16,"channelCount":1,"samplingRate":"16kHz","audioPath":"/Mock/01.Management/Female/New/ckmk_a_bm_f_n_178386.wav"}}}