{"version":"1.0","dataSet":{"info":{"date":"20230116","occupation":"BM","channel":"MOCK","place":"ONLINE","gender":"FEMALE","ageRange":"35-44","experience":"NEW"},"question":{"raw":{"text":"지원자님께서는 본인만의 스트레스 해소법이 있는지요 어 있다면 어떤 해소법인지 그리고 또 왜 그런 방법으로 스트레스를 해소하는지도 함께 말씀해 주시기 바랍니다","wordCount":20},"emotion":[],"intent":[]},"answer":{"raw":{"text":"저는 원래 굉장히 좀 성격이 불같고 화가 많다고 해야 되나 그래서 좀 크게 지르는 쪽으로 해소를 많이 했었는데요. 그렇게 해소를 하면은 음 저 자신에게도 그렇게 좋지 않다라는 그런 인식을 한 적이 있었던 것 같애요. 몸이 좀 더 피곤하게 되고 정신적으로도 부정적인 어떤 생각에 사로잡히게 되고 쉽게 제 삶을 좀 산뜻하게 유지할 수가 없다 라고 느껴가지고 어떤 제 생활의 전반적인 그 방식 자체를 변화를 줬던 시기가 있는데요. 그때 제가 한 것 중의 하나가 아침에 일찍 기상을 하는 습관을 가지면서 항상 명상을 하는 습관을 들이기 시작했었습니다. 처음에는 뭐 유튜브나 명상에 관련된 어플이 있어요. 그래서 그런 어플을 사용하면서 도움을 받으면서 명상을 진행을 했고요. 어 최근 들어서는 이제 그거 없이도 저 혼자 스스로 진행을 할 수 있을 정도로 하고 있습니다. 스트레스가 꽤 많이 풀리는 방법 중의 하나입니다.","wordCount":123},"emotion":[],"intent":[{"text":"","expression":"","category":"attitude"}],"summary":{"text":"성격이 불같던 저는 크게 지르는 쪽으로 해소를 많이 했었는데, 그렇게 해소를 하면 저 자신에게도 좋지 않다는 인식을 한 적이 있었습니다. 기상 습관을 가지면서 명상을 하는 습관을 들이기 시작했고, 최근에는 혼자 진행을 할 수 있을 정도로 스트레스 해소를 하고 있습니다.","wordCount":39}}},"rawDataInfo":{"question":{"fileFormat":"wav","fileSize":501518,"duration":15670,"samplingBit":16,"channelCount":1,"samplingRate":"16kHz","audioPath":"/Mock/01.Management/Female/New/ckmk_q_bm_f_n_181763.wav"},"answer":{"fileFormat":"wav","fileSize":2779598,"duration":86860,"samplingBit":16,"channelCount":1,"samplingRate":"16kHz","audioPath":"/Mock/01.Management/Female/New/ckmk_a_bm_f_n_181763.wav"}}}