{"version":"1.0","dataSet":{"info":{"date":"20230116","occupation":"BM","channel":"MOCK","place":"ONLINE","gender":"FEMALE","ageRange":"-34","experience":"NEW"},"question":{"raw":{"text":"같은 상품이고 조건이 다 같다 라는 상황 가정 하에 다른 지점에서 상품 가격을 낮춘다면 어떻게 하실 건가요","wordCount":17},"emotion":[],"intent":[]},"answer":{"raw":{"text":"만약 같은 상품이고 조건이 다 같은데 다른 지점에서 상품 가격을 낮춰서 판매하고 있는 것을 알게 된다면 우선 저 어 저희의 제품에도 그만큼 가격을 낮췄을 때 마진을 한번 생각해볼 것 같습니다. 그런 고려 없이 어 시장 가격에 따라 가격을 낮췄을 때 그 지점과 그리고 저희 지점 둘 다 도산하게 될 수 있는 위험이 있기 때문에 그렇게 먼 조치를 할 것 같고요. 어 지점이라고 하면 저희 지점과 그 지점 지점 지점만 다르고 자회사가 같다고 한다면 자회사에서 그런 그렇게 금액을 책정할 수 있도록 허락을 했는지에 대해서도 한번 확인을 할 것 같습니다. 자체적으로 판단을 해서 자회사의 물건을 상품 가격을 낮춰서 판매한다면 그것은 자회사에게 손해가 가는 부분이기 때문에 확인을 해 꼭 해 봐야 하는 부분이라고 생각합니다.","wordCount":111},"emotion":[],"intent":[{"text":"","expression":"","category":"attitude"}],"summary":{"text":"가격을 낮췄을 때 마진을 생각해볼 것 같습니다. 자체 판단을 해서 자회사의 물건을 상품 가격을 낮춰서 판매하면 자회사에게 손해가 가기 때문에 확인을 꼭 해 봐야 하는 부분이라고 생각합니다.","wordCount":27}}},"rawDataInfo":{"question":{"fileFormat":"wav","fileSize":367758,"duration":11490,"samplingBit":16,"channelCount":1,"samplingRate":"16kHz","audioPath":"/Mock/01.Management/Female/New/ckmk_q_bm_f_n_174755.wav"},"answer":{"fileFormat":"wav","fileSize":2228558,"duration":69640,"samplingBit":16,"channelCount":1,"samplingRate":"16kHz","audioPath":"/Mock/01.Management/Female/New/ckmk_a_bm_f_n_174755.wav"}}}