{"version":"1.0","dataSet":{"info":{"date":"20230116","occupation":"BM","channel":"MOCK","place":"ONLINE","gender":"FEMALE","ageRange":"35-44","experience":"NEW"},"question":{"raw":{"text":"본인이 지금까지 살면서 이룬 성과 중에 가장 큰 성과는 무엇인가요 자랑 한번만 해 보시겠어요","wordCount":14},"emotion":[],"intent":[]},"answer":{"raw":{"text":"저는 내성적인 성격으로 내성적인 성격을 극복하고 자신감을 키우기 위해서 꿈 발표 대회 나갔던 경험이 있습니다. 평소에 내성적인 성격이라서 이를 극복하기 위해 많은 노력을 했습니다. 친구들과의 관계에서도 적극적으로 나서서 이야기해보고 자신감 있게 발표도 하려고 노력했습니다. 또한 학교에서 꿈 발표 대회가 있었습니다. 그때도 저의 이런 소극적인 성적보다는 적극적으로 나서서 전교생 앞에서 꿈 발표대회를 했던 경험이 있습니다. 처음엔 처음에 연습을 할 때는 어떻게 해야 할지 몰랐지만 스크립트를 소리 내서 매일 소리 내서 읽으며 매일 연습을 하고 부모님과 친구들 앞에서도 일주일 동안 발표 연습을 했습니다. 그 결과 꿈 발표 대회에서 장려상이라는 결과로 이어질 수 있었습니다. 제가 앞으로 입사하게 된다면 끝까지 도전해서 좋은 성과를 낼 수 있는 사람이 되겠습니다.","wordCount":104},"emotion":[],"intent":[{"text":"처음엔 처음에 연습을 할 때는 어떻게 해야 할지 몰랐지만 스크립트를 소리 내서 매일 소리 내서 읽으며 매일 연습을 하고 부모님과 친구들 앞에서도 일주일 동안 발표 연습을 했습니다.","expression":"c_private","category":"background"}],"summary":{"text":"내성적인 성격을 극복하기 위해 꿈 발표 대회에 나갔던 경험이 있습니다. 적극적으로 나서서 전교생 앞에서 꿈 발표대회를 했습니다. 그 결과 꿈 발표 대회에서 장려상이라는 결과로 이어질 수 있었습니다. 앞으로 입사하게 된다면 좋은 성과를 낼 수 있는 사람이 되겠습니다.","wordCount":37}}},"rawDataInfo":{"question":{"fileFormat":"wav","fileSize":364238,"duration":11380,"samplingBit":16,"channelCount":1,"samplingRate":"16kHz","audioPath":"/Mock/01.Management/Female/New/ckmk_q_bm_f_n_184963.wav"},"answer":{"fileFormat":"wav","fileSize":2027598,"duration":63360,"samplingBit":16,"channelCount":1,"samplingRate":"16kHz","audioPath":"/Mock/01.Management/Female/New/ckmk_a_bm_f_n_184963.wav"}}}