{"version":"1.0","dataSet":{"info":{"date":"20230116","occupation":"BM","channel":"MOCK","place":"ONLINE","gender":"FEMALE","ageRange":"-34","experience":"NEW"},"question":{"raw":{"text":"전략적인 경영을 위한 신사업 아이디어가 있으시다면 설명해 주시겠습니까","wordCount":8},"emotion":[],"intent":[]},"answer":{"raw":{"text":"제가 경영을 책임질 수 있는 위치 가게 된다면 전략적 경험 경영을 위한 신사업 아이디어로는 노인복지 서비스 산업을 진행해 보고 싶습니다. 노인 기대 수명과 비율이 급진적으로 늘어나는 이 시대에 많은 부를 축적하고 그에 맞는 서비스를 받고 싶어하는 노인들의 수는 많아질 것으로 예상됩니다. 이 미래의 잠재 고객들을 타겟팅하여 이동케어 등 신체적 정신적으로 노화되어 떨어지는 기능을 프리미엄 단계에 맞춰 서비스 해주고 케어해주는 산업을 진행하면 좋을 것 같습니다. 백화점의 매출을 대다수 책임지고 있는 것이 상위 십 프로의 고객인 것과 같은 원리라고 생각합니다.","wordCount":78},"emotion":[{"text":"제가 경영을 책임질 수 있는 위치 가게 된다면 전략적 경험 경영을 위한 신사업 아이디어로는 노인복지 서비스 산업을 진행해 보고 싶습니다.","expression":"p-interest","category":"positive"}],"intent":[{"text":"","expression":"","category":"attitude"}],"summary":{"text":"신사업 아이디어로 노인 복지 서비스 산업을 진행해 보고 싶습니다. 미래의 잠재 고객들을 타겟팅하여 신체적, 정신적 노화 기능을 프리미엄 단계에 맞춰 케어해주는 산업을 진행하면 좋겠습니다.","wordCount":24}}},"rawDataInfo":{"question":{"fileFormat":"wav","fileSize":299278,"duration":9350,"samplingBit":16,"channelCount":1,"samplingRate":"16kHz","audioPath":"/Mock/01.Management/Female/New/ckmk_q_bm_f_n_178338.wav"},"answer":{"fileFormat":"wav","fileSize":1842638,"duration":57580,"samplingBit":16,"channelCount":1,"samplingRate":"16kHz","audioPath":"/Mock/01.Management/Female/New/ckmk_a_bm_f_n_178338.wav"}}}