{"version":"1.0","dataSet":{"info":{"date":"20230116","occupation":"BM","channel":"MOCK","place":"ONLINE","gender":"FEMALE","ageRange":"-34","experience":"NEW"},"question":{"raw":{"text":"지원자님께서 지금까지 살아오시면서 새로운 환경에서 전혀 몰랐었던 일을 맡아서 한 경험이 있으신가요 지원자님이 있다면 소개해 주시겠습니까","wordCount":16},"emotion":[],"intent":[]},"answer":{"raw":{"text":"제가 지금까지 살아오면서 어 전혀 몰랐던 일을 맡아서 한 경험이 경험은요. 어 바로 네팔에 히말라야를 등반한 그런 경험인데요. 저는 히말라야를 책에서만 보고 방송으로만 접했지 제가 그 히말라야를 올라갈 것이라는 생각은 전혀 하지 않고 살았습니다. 어 그런데 네팔 국제자원봉사 이후에 히말라야를 탐방을 통해서 올라가게 되었을 때 정말 새로운 음 힘듦과 그리고 놀라운 풍경을 보게 되었습니다. 처음에 그 선을 어 원래 하루 만에 올라갔다 오는 등산이 아닌 어 삼 일에 걸쳐서 올라가는 산을 타다 보니까 아주 생소하고 또 처음 느껴본 고통 어 을 느끼게 되었는데요. 어 결국에는 그 산을 모두 등반해서 아름다운 풍경을 보고 나니까 앞으로 제가 어떤 일이든 해낼 수 있겠다는 자신감이 생겼고 어 그리고 앞으로의 미래에 대한 두려움도 많이 사라지게 되었습니다.","wordCount":111},"emotion":[{"text":"어 그런데 네팔 국제자원봉사 이후에 히말라야를 탐방을 통해서 올라가게 되었을 때 정말 새로운 음 힘듦과 그리고 놀라운 풍경을 보게 되었습니다.","expression":"u-fact","category":"neutral"},{"text":"처음에 그 선을 어 원래 하루 만에 올라갔다 오는 등산이 아닌 어 삼 일에 걸쳐서 올라가는 산을 타다 보니까 아주 생소하고 또 처음 느껴본 고통 어 을 느끼게 되었는데요.","expression":"n-distress","category":"negative"}],"intent":[{"text":"어 바로 네팔에 히말라야를 등반한 그런 경험인데요.","expression":"c_private","category":"background"}],"summary":{"text":"저는 히말라야를 책으로만 보고 방송으로만 접했습니다. 그런데 네팔 국제자원봉사 이후 히말라야 탐방을 통해 올라가면서 새로운 힘듦과 놀라운 풍경을 보고 어떤 일이든 해낼 수 있겠다는 자신감이 생겼고 미래에 대한 두려움도 사라졌습니다.","wordCount":30}}},"rawDataInfo":{"question":{"fileFormat":"wav","fileSize":451918,"duration":14120,"samplingBit":16,"channelCount":1,"samplingRate":"16kHz","audioPath":"/Mock/01.Management/Female/New/ckmk_q_bm_f_n_183618.wav"},"answer":{"fileFormat":"wav","fileSize":2434638,"duration":76080,"samplingBit":16,"channelCount":1,"samplingRate":"16kHz","audioPath":"/Mock/01.Management/Female/New/ckmk_a_bm_f_n_183618.wav"}}}