{"version":"1.0","dataSet":{"info":{"date":"20230116","occupation":"BM","channel":"MOCK","place":"ONLINE","gender":"FEMALE","ageRange":"-34","experience":"NEW"},"question":{"raw":{"text":"직무를 하다 보면 협업을 하는 경우들이 많이 있습니다 지원자님께서는 이러한 협업을 할 때 사교성이 좋은 편이라고 생각을 하십니까 또 이러한 사교성을 키우기 위해 어떤 노력을 해 왔는지 궁금합니다","wordCount":28},"emotion":[],"intent":[]},"answer":{"raw":{"text":"저는 협업을 할 때 사교성이 좋은 편이라고 어 주변 사람들에게 그런 말을 그런 평가를 많이 받아왔습니다. 사교성을 키우기 위해서 어떤 노력을 하지는 않았구요. 제가 기본적으로 다른 사람들과 이야기할 때 상대방을 편하게 해주고 또 공감 능력이 좋다 보니까 어 대학교 시절 그리고 학창시절부터 친구들이 저에게 고민을 많이 이야기하는 편이었습니다. 그래서 저는 그런 편이기 때문에 사교성에 대해서는 많이 생각을 하지 않으면서 살아왔음에도 불편하지 않았던 것 같구요. 협업을 할 때 제가 어 저는 인간관계를 할 때 친절함이 저의 무기라고 생각하기 때문에 협업을 할 때 어떤 어려움은 크게 없을 것이라고 생각합니다.","wordCount":87},"emotion":[],"intent":[{"text":"","expression":"","category":"attitude"}],"summary":{"text":"사교성이 좋은 편이고 친절함이 저의 무기라고 생각하기 때문에 협업할 때 어려움은 없을 것이라고 생각합니다.","wordCount":14}}},"rawDataInfo":{"question":{"fileFormat":"wav","fileSize":617358,"duration":19290,"samplingBit":16,"channelCount":1,"samplingRate":"16kHz","audioPath":"/Mock/01.Management/Female/New/ckmk_q_bm_f_n_174967.wav"},"answer":{"fileFormat":"wav","fileSize":1985678,"duration":62050,"samplingBit":16,"channelCount":1,"samplingRate":"16kHz","audioPath":"/Mock/01.Management/Female/New/ckmk_a_bm_f_n_174967.wav"}}}