{"version":"1.0","dataSet":{"info":{"date":"20230116","occupation":"BM","channel":"MOCK","place":"ONLINE","gender":"FEMALE","ageRange":"35-44","experience":"NEW"},"question":{"raw":{"text":"저희 회사에 들어오게 되면 기존과는 업무 스타일에 있어서 많이 달라질 수도 있습니다 이와 같은 다른 업무 스타일에 있어서 본인이 잘 적응할 수 있다고 생각하시는지 궁금합니다","wordCount":25},"emotion":[],"intent":[]},"answer":{"raw":{"text":"네 뭐 잘 적응할 수 있습니다. 환경 적응하는 데에는 웬만한 데는 다 적응할 수 있는 좀 친화력 어 에 있어서 뭐 적응하는 것에는 문제가 없을 것 같습니다. 단지 업무 스타일이 다른데 이제 실제로 업무를 이제 받았을 때 이 업무 스타일이 다른 건지 아니면 업무가 할 수 있는 역량이 내가 정말 할 수 있는 건지가 이제 중요하거든요. 그래서 제가 할 수 있는 안에서는 업무 스타일이 바뀌는 거는 뭐 크게 어려울 것 같지는 않습니다. 단지 그냥 단지 저 제가 할 수 있는 능력 안에서의 업무가 주어지기를 바랄 뿐입니다.","wordCount":86},"emotion":[],"intent":[{"text":"","expression":"","category":"attitude"}],"summary":{"text":"환경 적응에는 문제가 없을 것 같습니다. 업무를 받았을 때 내가 할 수 있는 역량인지가 중요합니다. 단지 업무 스타일이 바뀌는 거는 크게 어려울 것 같지는 않습니다.","wordCount":25}}},"rawDataInfo":{"question":{"fileFormat":"wav","fileSize":535118,"duration":16720,"samplingBit":16,"channelCount":1,"samplingRate":"16kHz","audioPath":"/Mock/01.Management/Female/New/ckmk_q_bm_f_n_181433.wav"},"answer":{"fileFormat":"wav","fileSize":1738958,"duration":54340,"samplingBit":16,"channelCount":1,"samplingRate":"16kHz","audioPath":"/Mock/01.Management/Female/New/ckmk_a_bm_f_n_181433.wav"}}}