{"version":"1.0","dataSet":{"info":{"date":"20230116","occupation":"BM","channel":"MOCK","place":"ONLINE","gender":"FEMALE","ageRange":"45-54","experience":"NEW"},"question":{"raw":{"text":"지원자님 생각하시기에 우리 회사가 해외 무대로 진출할 수 있다면 어느 쪽으로 진 진출하는 것이 좋을까요 네 해외 무대 진출에 대해서 지원자님이 생각하시는 방안 어 그런 국가에 대해서 그리고 그 이유도 함께 말씀을 좀 부탁드리고 싶습니다","wordCount":35},"emotion":[],"intent":[]},"answer":{"raw":{"text":"어 우리 회사가 해외 무대로 진출하게 된다면 어 저는 일단 이제 중국 쪽은 이미 많이 진출을 하고 있는 것 같구요. 어 저는 인도가 어떨까 예 말씀드리고 싶은데요. 어 인도는 땅도 넓고 일단 기본적인 인구가 많기 때문에 그리고 개발이나 이런 부분도 아직 덜 되었기 때문에 어떤 그 회사가 진출을 해서 할 수 있는 영역이 무궁무진하다고 보구요. 그렇기 때문에 어 인도 쪽에 뭐 물품이던 서비스던 여러 가지 제공을 하기 위해서는 네 일단 인원이 많아야 예 조금이라도 가능성이 높아지지 않을까 싶어서 인도 쪽이라고 말씀드리고 싶습니다.","wordCount":82},"emotion":[],"intent":[{"text":"","expression":"","category":"attitude"}],"summary":{"text":"우리 회사가 해외 무대로 진출하게 된다면 어 중국 쪽은 이미 많이 진출을 하고 있는 것 같고 인도는 땅도 넓고 인구가 많기 때문에 회사가 진출할 수 있는 영역이 무궁무진합니다. 조금이라도 가능성이 높아지는 인도를 말씀드리고 싶습니다.","wordCount":34}}},"rawDataInfo":{"question":{"fileFormat":"wav","fileSize":624718,"duration":19520,"samplingBit":16,"channelCount":1,"samplingRate":"16kHz","audioPath":"/Mock/01.Management/Female/New/ckmk_q_bm_f_n_175013.wav"},"answer":{"fileFormat":"wav","fileSize":1822158,"duration":56940,"samplingBit":16,"channelCount":1,"samplingRate":"16kHz","audioPath":"/Mock/01.Management/Female/New/ckmk_a_bm_f_n_175013.wav"}}}