{"version":"1.0","dataSet":{"info":{"date":"20230116","occupation":"BM","channel":"MOCK","place":"ONLINE","gender":"FEMALE","ageRange":"-34","experience":"NEW"},"question":{"raw":{"text":"대한민국의 금융 전 정책 기관으로 신용 보증 기금이 있는데요 어 우리나라 신용 보증 기금이 어떤 역할을 해야 하는지 그 업무 영역은 어떤 것인지에 대해서 아시는 것이 있으면 대답해 주세요","wordCount":29},"emotion":[],"intent":[]},"answer":{"raw":{"text":"신용보증기금이 하는 일은 어 신청 기업의 요청에 의해서 기업이 부담하는 각종 채무를 보증함으로써 성장 유망한 기업을 지원하는 것이라고 생각합니다. 어 저희 신용보증기금을 이용을 한다면 담보 문제에서 부족한 담보를 보충 받을 수 있고 은행 신용 보증서 대출에 대해서 우대 금리를 적용 받아서 비용을 절감할 수 있고 우수 기업에게 선별적으로 지원을 할 수 있는 대외 신용도 어 그 보증 받은 기업의 신용도 제고가 올라간다는 것이 장점입니다. 그리고 아무래도 연대 보증 면제가 되기 때문에 기업 경영 부담에 완화가 됩니다. 이런 네 가지 영역에서 신용보증기금이 대한민국의 금융 정책 기관으로서의 역할을 한다고 생각하고 저도 여기에 발 맞춰서 도움이 될 수 있는 직원이 될 수 있도록 하겠습니다.","wordCount":101},"emotion":[],"intent":[{"text":"","expression":"","category":"attitude"}],"summary":{"text":"신용보증기금은 신청 기업의 요청에 의해 기업이 부담하는 각종 채무를 보증함으로써 성장 유망한 기업을 지원하는 것이라고 생각합니다. 보증 받은 기업의 신용도 제고가 올라가고 연대 보증 면제가 되기 때문에 기업 경영 부담에 완화가 됩니다.","wordCount":32}}},"rawDataInfo":{"question":{"fileFormat":"wav","fileSize":596558,"duration":18640,"samplingBit":16,"channelCount":1,"samplingRate":"16kHz","audioPath":"/Mock/01.Management/Female/New/ckmk_q_bm_f_n_174754.wav"},"answer":{"fileFormat":"wav","fileSize":2039758,"duration":63740,"samplingBit":16,"channelCount":1,"samplingRate":"16kHz","audioPath":"/Mock/01.Management/Female/New/ckmk_a_bm_f_n_174754.wav"}}}