{"version":"1.0","dataSet":{"info":{"date":"20230116","occupation":"BM","channel":"MOCK","place":"ONLINE","gender":"FEMALE","ageRange":"-34","experience":"NEW"},"question":{"raw":{"text":"저희 일의 특성상 야근이나 잔업 외근을 많이 할 수도 있습니다 그래도 괜찮으시겠습니까","wordCount":12},"emotion":[],"intent":[]},"answer":{"raw":{"text":"일의 특성상 야근이나 잔업 외근이 많아질 수 있다고 하셨는데요. 어 야근이나 잔업이 얼마나 많아질지는 알 수 없지만 제가 저는 일과 그리고 삶에 밸런스를 잘 맞추는 것이 중요하다고 생각합니다. 그렇기 때문에 제가 일을 주어진 시간에 일 할 수 있는 효율성을 최대화 시켜서 야근이나 잔업을 최대한 없도록 제가 노력해 볼 예정이구요. 음 만약에 회사에서 부득이하게 야근이나 잔업을 해야 한다면 당연히 저를 희생해서 어 일을 할 그런 마음까지는 되어 있습니다. 하지만 만약에 제가 집안 사정이나 어떤 건강상의 문제로 인해서 이 일이 어렵게 된다면 상사와 선배님과의 이야기를 통해서 조율을 하고 설득을 할 것 같습니다. 외근 같은 경우에는 제가 밖에서 일하는 것도 좋아하기 때문에 크게 문제될 것은 없다고 생각합니다.","wordCount":104},"emotion":[],"intent":[{"text":"","expression":"","category":"attitude"}],"summary":{"text":"일과 삶의 밸런스를 잘 맞추는 것이 중요하다고 생각하기 때문에 주어진 시간에 효율성을 최대화 해서 야근이나 잔업을 최대한 없도록 노력해 볼 예정입니다.","wordCount":21}}},"rawDataInfo":{"question":{"fileFormat":"wav","fileSize":475598,"duration":14860,"samplingBit":16,"channelCount":1,"samplingRate":"16kHz","audioPath":"/Mock/01.Management/Female/New/ckmk_q_bm_f_n_174974.wav"},"answer":{"fileFormat":"wav","fileSize":2256078,"duration":70500,"samplingBit":16,"channelCount":1,"samplingRate":"16kHz","audioPath":"/Mock/01.Management/Female/New/ckmk_a_bm_f_n_174974.wav"}}}