{"version":"1.0","dataSet":{"info":{"date":"20230116","occupation":"BM","channel":"MOCK","place":"ONLINE","gender":"FEMALE","ageRange":"-34","experience":"NEW"},"question":{"raw":{"text":"지원자님을 살면서 다양한 커뮤니케이션을 경험해 보셨죠 그중에서 가장 어려웠던 경험 한 가지만 저희 저희에게 설명해 주시겠습니까","wordCount":16},"emotion":[],"intent":[]},"answer":{"raw":{"text":"제가 살면서 경험한 커뮤니케이션 중 가장 힘들었던 것은 정말 친한 모임 사람들과의 제주도 여행이었습니다. 힘든 알바를 하며 매일 일을 하고 밥을 먹고 놀고 가족들보다도 더 많이 붙어있고 기쁘고 힘든 일은 함께 나누고 서로의 성격을 누구보다 잘한다고 생각했지만 그리고 잘 만든다고 생각하여 확신은 차 떠난 여행이었지만 여행 계획을 세우고 여행을 하며 정말 다 제각기 사람들이구나 라는 생각이 들었습니다. 저 하나의 행복보다는 다수의 행복과 좋은 기억을 위해 많이 참고 물러난 여행이었지만 또 다른 면모를 발견하고 더 깊은 대화를 나눌 수 있어 나름 뜻깊은 시간이었던 것 같습니다.","wordCount":84},"emotion":[],"intent":[{"text":"","expression":"","category":"attitude"}],"summary":{"text":"친한 모임 사람들과의 제주도 여행은 저 하나의 행복보다는 다수의 행복과 좋은 기억을 위해 많이 참고 물러난 여행이었지만 또 다른 면모를 발견하고 더 깊은 대화를 나눌 수 있어 뜻깊은 시간이었습니다.","wordCount":29}}},"rawDataInfo":{"question":{"fileFormat":"wav","fileSize":511118,"duration":15970,"samplingBit":16,"channelCount":1,"samplingRate":"16kHz","audioPath":"/Mock/01.Management/Female/New/ckmk_q_bm_f_n_178336.wav"},"answer":{"fileFormat":"wav","fileSize":1797198,"duration":56160,"samplingBit":16,"channelCount":1,"samplingRate":"16kHz","audioPath":"/Mock/01.Management/Female/New/ckmk_a_bm_f_n_178336.wav"}}}