{"version":"1.0","dataSet":{"info":{"date":"20230116","occupation":"BM","channel":"MOCK","place":"ONLINE","gender":"FEMALE","ageRange":"-34","experience":"NEW"},"question":{"raw":{"text":"지금 본인이 내일 죽는다는 사실을 알게 된다면 당장 무얼 하실 건가요 이 면접을 끝까지 계속 보실 건가요","wordCount":17},"emotion":[],"intent":[]},"answer":{"raw":{"text":"제가 지금 당장 내일 죽는 사실을 죽는다는 사실을 알게 된다면 저는 집에 돌아가서 가족들과 함께 시간을 보내고 그리고 제가 살아왔던 삶을 정리하는 그런 시간을 가질 것 같습니다. 왜냐하면 이 면접을 끝까지 계속 본다면 어 봐서 만약에 제가 이 면접에 합격을 하게 된다면 어 저보다 더 오래 이 회사에 다닐 수 있는 사람의 기회를 뺏는 것이라고 생각하기 때문입니다. 그렇기 때문에 저는 그 기회를 저보다 더 좋은 사람에게 양보하고 저는 제 시간을 더 정리하고 그리고 다른 사람들과 함께 보내는 시간으로 채우겠습니다.","wordCount":79},"emotion":[],"intent":[{"text":"","expression":"","category":"attitude"}],"summary":{"text":"면접에 합격한다면 저보다 더 오래 회사에 다닐 수 있는 사람의 기회를 뺏는 것이라고 생각하기 때문에 저는 그 기회를 더 좋은 사람에게 양보하고 제 시간을 더 정리하고 다른 사람들과 함께 시간을 보내겠습니다.","wordCount":31}}},"rawDataInfo":{"question":{"fileFormat":"wav","fileSize":588238,"duration":18380,"samplingBit":16,"channelCount":1,"samplingRate":"16kHz","audioPath":"/Mock/01.Management/Female/New/ckmk_q_bm_f_n_184143.wav"},"answer":{"fileFormat":"wav","fileSize":1688078,"duration":52750,"samplingBit":16,"channelCount":1,"samplingRate":"16kHz","audioPath":"/Mock/01.Management/Female/New/ckmk_a_bm_f_n_184143.wav"}}}