{"version":"1.0","dataSet":{"info":{"date":"20230116","occupation":"BM","channel":"MOCK","place":"ONLINE","gender":"FEMALE","ageRange":"-34","experience":"NEW"},"question":{"raw":{"text":"아이패드와 같이 시장에서 관심을 받는 제품들의 특징을 말해주세요","wordCount":8},"emotion":[],"intent":[]},"answer":{"raw":{"text":"음 기존의 시장에 있는 것들과는 다른 무언가를 제공하기 때문이라고 생각합니다. 아이패드 같은 경우에는 어 변화한 시대의 흐름에 맞춰서 오티티 서비스를 보기에도 적합하고 애플의 감성을 느끼기에도 적합하고 펜슬과의 조합을 통해서 다양한 일상에서 활용이 가능했고 맥북 또한 특정 카페에서의 입장권이라고 불릴 만큼 어떤 감성의 측면에서 굉장히 시 어 시장의 마음을 사로잡았다고 생각합니다. 어 에어팟은 어 기존에 있는 애플 제품과 연동성도 굉장히 뛰어나고 제트플립은 어 기존의 시장에 소비자들의 니즈에 맞춰서 니즈를 충족시킨 제품이 없었는데 접는 핸드폰에 대체 유행을 제트플립이 그 니즈를 맞추면서 성공시켰다고 생각합니다.","wordCount":81},"emotion":[],"intent":[{"text":"","expression":"","category":"attitude"}],"summary":{"text":"기존 시장에 있는 것들과는 다른 무언가를 제공하기 때문이라고 생각합니다. 에어팟은 기존에 있는 애플 제품과 연동성도 굉장히 뛰어나고 제트플립은 접는 핸드폰에 대체 유행을 성공시켰다고 생각합니다.","wordCount":24}}},"rawDataInfo":{"question":{"fileFormat":"wav","fileSize":221518,"duration":6920,"samplingBit":16,"channelCount":1,"samplingRate":"16kHz","audioPath":"/Mock/01.Management/Female/New/ckmk_q_bm_f_n_171759.wav"},"answer":{"fileFormat":"wav","fileSize":2858958,"duration":89340,"samplingBit":16,"channelCount":1,"samplingRate":"16kHz","audioPath":"/Mock/01.Management/Female/New/ckmk_a_bm_f_n_171759.wav"}}}