{"version":"1.0","dataSet":{"info":{"date":"20230116","occupation":"BM","channel":"MOCK","place":"ONLINE","gender":"FEMALE","ageRange":"-34","experience":"NEW"},"question":{"raw":{"text":"사람들과 협업을 하면서 가장 어려웠던 점은 어떤 것이었나요 그리고 그 어려웠던 점을 어떤 방법으로 극복했는지도 말씀해 주세요","wordCount":17},"emotion":[],"intent":[]},"answer":{"raw":{"text":"사람들과 협업을 하면서 가장 어려웠던 점은 서로 다른 의견을 서로 강하게 주장한다는 점입니다. 여러 사람이 모여있는 환경 속에서 많은 사람들이 자신만에 주장을 주장한다면 하나의 해결책을 도출하기가 굉장히 어렵다고 생각합니다. 대학 시절 팀 프로젝트를 할 당시에 이런 경험이 있었었고 서로 자기 주장만을 주장하다 보니 다음 진도를 나아가기가 버거웠습니다. 그래서 저는 이 과정에서 제일 나은 선택지를 도출하기 위해 각각 자신이 주장하는 마에 장 강점인 강점과 약점을 언급할 수 있도록 했습니다. 이 모든 과정을 듣고 난 후에 자신들이 생각하는 좋은 해결책을 고르고 그에 대한 이유도 함께 토론했습니다. 이를 통해 우리 팀에게 더 적합한 해결책을 찾아낼 수 있었습니다.","wordCount":94},"emotion":[],"intent":[{"text":"","expression":"","category":"attitude"}],"summary":{"text":"협업을 하면서 가장 어려웠던 점은 서로 다른 의견을 서로 강하게 주장한다는 점이었습니다. 그래서 가장 나은 선택지를 도출하기 위해 각각 자신이 주장하는 강점인 강점과 약점을 언급할 수 있도록 했습니다. 이를 통해 우리 팀에게 더 적합한 해결책을 찾아낼 수 있었습니다.","wordCount":38}}},"rawDataInfo":{"question":{"fileFormat":"wav","fileSize":339598,"duration":10610,"samplingBit":16,"channelCount":1,"samplingRate":"16kHz","audioPath":"/Mock/01.Management/Female/New/ckmk_q_bm_f_n_178392.wav"},"answer":{"fileFormat":"wav","fileSize":2622798,"duration":81960,"samplingBit":16,"channelCount":1,"samplingRate":"16kHz","audioPath":"/Mock/01.Management/Female/New/ckmk_a_bm_f_n_178392.wav"}}}