{"version":"1.0","dataSet":{"info":{"date":"20230116","occupation":"BM","channel":"MOCK","place":"ONLINE","gender":"FEMALE","ageRange":"55-","experience":"NEW"},"question":{"raw":{"text":"애플 제품과 같이 시장에서 지속적인 관심을 받고 있는 제품들의 특징을 한번 설명해 보세요","wordCount":13},"emotion":[],"intent":[]},"answer":{"raw":{"text":"아이패드 맥북 에어팟 지플립 등과 같이 시장에서 관심을 받는 제품들의 특징은 무엇일지 설명해 주세요 라는 질문에 대한 제 생각을 말해 보겠습니다. 저는 아이패드의 제품에 대하여 특징을 말해 보겠습니다. 아이패드는 컬러 감과 디자인이 독보적으로 다른 제품과 비교됨에 그것을 선호하고 있습니다. 크기도 노트북보다는 작고 핸드폰보다는 보기 좋을 정도의 크기가 적당해서 사용하기 좋다고 생각됩니다. 디자인 면에서도 장점이 있지만 실용적인 면에서도 상당히 좋은 모습을 보여주곤 합니다. 사십 오 도 각도로 세워 놓고 사용하는 것인 가능하다 보니 타이핑을 비롯한 문서 작업에서 효율성까지 갖추었습니다. 넷플릭스 애플 티비와 같은 오티티 플랫폼에서 영상을 간편하게 감상하기에도 좋습니다. 이상 아이패드의 제품 특징에 대하여 제 생각을 말해 보았습니다. 감사합니다.","wordCount":98},"emotion":[],"intent":[{"text":"","expression":"","category":"attitude"}],"summary":{"text":"태블릿을 선호하고 있습니다. 크기도 작고 보기 좋을 정도가 적당해서 사용하기 좋다고 생각됩니다. 디자인 면에서도 장점도 있지만 실용적인 면에도 상당히 좋은 모습을 보여주곤 합니다.","wordCount":23}}},"rawDataInfo":{"question":{"fileFormat":"wav","fileSize":276238,"duration":8630,"samplingBit":16,"channelCount":1,"samplingRate":"16kHz","audioPath":"/Mock/01.Management/Female/New/ckmk_q_bm_f_n_175298.wav"},"answer":{"fileFormat":"wav","fileSize":2697678,"duration":84300,"samplingBit":16,"channelCount":1,"samplingRate":"16kHz","audioPath":"/Mock/01.Management/Female/New/ckmk_a_bm_f_n_175298.wav"}}}