{"version":"1.0","dataSet":{"info":{"date":"20230116","occupation":"BM","channel":"MOCK","place":"ONLINE","gender":"FEMALE","ageRange":"-34","experience":"NEW"},"question":{"raw":{"text":"우리 회사가 만약 해외 무대로 진출하게 된다면 어디로 진출하는 것이 좋을지 진출하면 좋은 나라와 그 이유도 같이 말씀해 주세요","wordCount":19},"emotion":[],"intent":[]},"answer":{"raw":{"text":"어 어 홍콩이나 마카오가 어떨까 어 마카오가 가장 좋을 거 같습니다. 저는 회사가 해외로 진출하게 된다면 경제적으로 활발하고 인구 밀도가 높고 어 자본금은 필요한 자본금은 받고 그러나 국제적으로 많은 영향력이 있는 경 그런 나라를 꼽을 것 같은데 그게 마카오라고 생각합니다.","wordCount":40},"emotion":[],"intent":[{"text":"","expression":"","category":"attitude"}],"summary":{"text":"홍콩이나 마카오가 가장 좋을 것 같습니다. 해외 진출 시, 경제적으로 활발하고 인구 밀도가 높고 국제적 영향력이 큰 나라를 꼽을 것 같기 때문입니다.","wordCount":22}}},"rawDataInfo":{"question":{"fileFormat":"wav","fileSize":381198,"duration":11910,"samplingBit":16,"channelCount":1,"samplingRate":"16kHz","audioPath":"/Mock/01.Management/Female/New/ckmk_q_bm_f_n_171843.wav"},"answer":{"fileFormat":"wav","fileSize":1863118,"duration":58220,"samplingBit":16,"channelCount":1,"samplingRate":"16kHz","audioPath":"/Mock/01.Management/Female/New/ckmk_a_bm_f_n_171843.wav"}}}