{"version":"1.0","dataSet":{"info":{"date":"20230116","occupation":"BM","channel":"MOCK","place":"ONLINE","gender":"FEMALE","ageRange":"-34","experience":"NEW"},"question":{"raw":{"text":"지원자님의 십 년 후 미래는 어떨 것 같습니까 어 저희 회사에 계속 다니고 계실 것 같은지도 궁금합니다","wordCount":17},"emotion":[],"intent":[]},"answer":{"raw":{"text":"네 십 년 후에 이 회사에서 저를 계속 써주고 계신다면 저는 계속 다니고 있을 것 같고요. 아무래도 저는 그때쯤 되면은 몸에 근육이 굉장히 많이 있을 것 같습니다. 제가 틈틈이 시간 날 때마다 홈트레이닝을 하거든요. 눈에는 바로 보여지지 않아도 그래도 이것들이 쌓이면서 몸에 라인이 잡히고 내가 더 건강해진다는 느낌이 들어서 아무래도 저는 계속해서 운동을 하고 있을 것 같거든요. 그래서 조금 더 건강하고 근육이 많은 제가 되어 있을 것 같고 그리고 현재 다닌 회사에서는 어느 정도의 위치 위치 안정된 위치에 있지 않을까 라는 생각이 듭니다. 그리고 그 위치에 되면 제 밑으로 들어 오는 다른 분들을 위해서 많은 이야기들도 해주고 그리고 너무 나 때에 만의 이야기 하지 않는 소위 꼰대 같지 않는 그런 상사로 남아서 있을 것 같다는 생각이 듭니다.","wordCount":117},"emotion":[],"intent":[{"text":"","expression":"","category":"attitude"}],"summary":{"text":"저는 계속 다니고 있을 것 같습니다. 틈틈이 홈트레이닝을 하는데 몸에 근육이 쌓이면서 더 건강해진다는 느낌이 들어서 계속 운동을 하고 있습니다. 그 위치에 되면 다른 분들을 위해서 많은 이야기들도 해주고 소위 기성세대 같지 않는 상사로 남게 될 것 같다는 생각이 듭니다.","wordCount":40}}},"rawDataInfo":{"question":{"fileFormat":"wav","fileSize":326798,"duration":10210,"samplingBit":16,"channelCount":1,"samplingRate":"16kHz","audioPath":"/Mock/01.Management/Female/New/ckmk_q_bm_f_n_169513.wav"},"answer":{"fileFormat":"wav","fileSize":1786958,"duration":55840,"samplingBit":16,"channelCount":1,"samplingRate":"16kHz","audioPath":"/Mock/01.Management/Female/New/ckmk_a_bm_f_n_169513.wav"}}}