{"version":"1.0","dataSet":{"info":{"date":"20230116","occupation":"BM","channel":"MOCK","place":"ONLINE","gender":"FEMALE","ageRange":"45-54","experience":"NEW"},"question":{"raw":{"text":"이전 직장 혹은 대학에서 협업을 할 때 어려운 점은 없으셨나요","wordCount":10},"emotion":[],"intent":[]},"answer":{"raw":{"text":"아 네 뭐 협업 자체가 뭐 회사에 근무하는 게 기본적인 협업이고 어 여러 가지 프로젝트에 따라서 협업을 많이 하는데요. 어 제가 뭐 직장에서 대학에서든 그렇게 일을 할 때 어려웠었던 점은 어떤 프로젝트에 대해서 생각이 다 사람마다 생각이나 의견이 다를 수 있습니다. 그 다를 수 있어서 제 의견에 대한 어떤 반대 의견을 내는 거 충분히 그럴 수 있습니다. 그러면서 더 좋은 결과를 도출할 수 있는 그런 토론의 장이 될 텐데요. 그런데 이제 반대 의견만 제시하고 다른 어떤 대안이 없는 그런 사람들이 있을 때 많이 힘들었습니다. 어 그까 반대는 할 수 있지요. 그러면 더 많이 생각을 해서 자기의 그 반대를 반대 의견에 대한 어떤 반론이라든지 대안이 있어야 되는데 그런 게 없을 때 많이 힘들었었던 것 같습니다.","wordCount":114},"emotion":[],"intent":[{"text":"","expression":"","category":"attitude"}],"summary":{"text":"어떤 프로젝트에 대해 사람마다 생각이 다를 수 있어서 제 의견에 대한 반대 의견을 내는 건 충분히 할 수 있습니다. 그러면서 더 좋은 결과를 도출할 수 있는 토론의 장이 될 수 있는데 반대 의견만 제시하고 대안이 없는 사람들이 있을 때 많이 힘들었습니다.","wordCount":41}}},"rawDataInfo":{"question":{"fileFormat":"wav","fileSize":243278,"duration":7600,"samplingBit":16,"channelCount":1,"samplingRate":"16kHz","audioPath":"/Mock/01.Management/Female/New/ckmk_q_bm_f_n_182042.wav"},"answer":{"fileFormat":"wav","fileSize":2215118,"duration":69220,"samplingBit":16,"channelCount":1,"samplingRate":"16kHz","audioPath":"/Mock/01.Management/Female/New/ckmk_a_bm_f_n_182042.wav"}}}