{"version":"1.0","dataSet":{"info":{"date":"20230116","occupation":"BM","channel":"MOCK","place":"ONLINE","gender":"FEMALE","ageRange":"-34","experience":"NEW"},"question":{"raw":{"text":"요즘 읽고 계신 책이 있나요 있다면 어떤 책인지 궁금합니다 그리고 왜 그 책을 읽으시는지도 같이 말씀해 주세요","wordCount":17},"emotion":[],"intent":[]},"answer":{"raw":{"text":"네 저는 지금 백지연이 지은 크리티컬 매스 라는 책을 요즘 읽고 있는데요. 제가 백지연을 예전에는 제가 굉장히 존경하기도 했었는데 소통 능력이 굉장히 뛰어나다 라는 생각이 많이 들었었고 그리고 다양한 사람들과 인터뷰 경력이 있으시잖아요. 그래서 타인을 이해할 수 있는 폭이 넓지 않을까 라는 생각에서 이 책을 읽게 되었고 그리고 이 책에서 느낀 게 제가 정말 남들이 감동시킬 만한 노력을 한다면 그것은 타인들이 다 알아줄 것이다 라는 이야기가 있어요. 그래서 정말 노력을 해서 어떤 재능이든 개발할 수 있겠구나 라는 생각이 들었고 여기에 많은 분들을 인터뷰한 그런 내용이 있습니다. 그래서 저도 예전에 다 다양한 사람들의 이야기를 들으면서 저도 많이 발전이 됐었는데 타인의 이야기에서 제 장점을 또 끌어내고 그것을 할 수 있는 그런 깨달음을 제가 얻게 되어서 이 책을 굉장히 감명 깊게 읽고 있고요. 그리고 이 책을 읽으면서 인터뷰를 하고 다른 사람의 이야기를 듣는 법에 대해서도 깨닫게 된 것 같습니다.","wordCount":136},"emotion":[{"text":"그래서 저도   예전에 다 다양한 사람들의 이야기를 들으면서 저도 많이 발전이 됐었는데 타인의 이야기에서   제 장점을 또 끌어내고 그것을 할 수 있는 그런   깨달음을 제가 얻게 되어서 이 책을 굉장히 감명 깊게 읽고 있고요.","expression":"p-gratitude","category":"positive"}],"intent":[{"text":"","expression":"","category":"attitude"}],"summary":{"text":"백지연의 크리티컬 매스 라는 책을 요즘 읽고 있는데, 소통 능력이 굉장히 뛰어나고 다양한 사람들과 인터뷰 경력이 있잖아요. 그래서 타인을 이해할 수 있는 폭이 넓지 않을까 라는 생각을 했습니다. 이 책을 읽으면서 인터뷰를 하고 다른 사람의 이야기를 듣는 법에 대해서도 깨달은 것 같습니다.","wordCount":42}}},"rawDataInfo":{"question":{"fileFormat":"wav","fileSize":368078,"duration":11500,"samplingBit":16,"channelCount":1,"samplingRate":"16kHz","audioPath":"/Mock/01.Management/Female/New/ckmk_q_bm_f_n_175923.wav"},"answer":{"fileFormat":"wav","fileSize":2521998,"duration":78810,"samplingBit":16,"channelCount":1,"samplingRate":"16kHz","audioPath":"/Mock/01.Management/Female/New/ckmk_a_bm_f_n_175923.wav"}}}