{"version":"1.0","dataSet":{"info":{"date":"20230116","occupation":"BM","channel":"MOCK","place":"ONLINE","gender":"FEMALE","ageRange":"35-44","experience":"NEW"},"question":{"raw":{"text":"지원자님께서 특별히 가고 싶은 회사가 있으실 텐데요 그런 회사가 있으시다면 어떤 점을 중점적으로 보시는지 특정 도메인인지 해당 회사의 분위기인지 그것들을 설명해 주시길 바랍니다","wordCount":23},"emotion":[],"intent":[]},"answer":{"raw":{"text":"네 뭐 가고 싶은 특별히 꼭 나는 이 회사를 꼭 가야 된다. 이런 물론 어 뭐 그런 마음이 있기는 하지만 그걸 뭐 또 한편으로는 꼭 가야 되나 이런 생각이 들 때도 있습니다. 솔직히 말하면 근데 이제 이거는 제가 지금 지원하는 우리 회사와는 쪼끔 관련이 없는 직종이기는 한데 그냥 어릴 때부터 어 하고 싶고 지금까지도 한 번도 도전하지 못했던 것에 대한 미련 미련이라고 할까요. 미련이 남아서인지 그냥 항상 마음속에 꿈꾸는 다시 태어난다면 다음번에는 꼭 한번 도전을 해보고 싶은 그런 회사는 있습니다. 근데 이제 그것은 제가 지금은 이제 현생에서는 어 도전할 수도 없고 이제 그 도전하게 시기도 놓쳤고 그래서 그냥 음 별로 그냥 마음 속에만 묻어두고 싶은 회사여서 일반 제가 지금 지원하는 직 어 업무에서는 뭐 꼭 가야 되는 회사가 있다 이런 것은 아닙니다.","wordCount":122},"emotion":[],"intent":[{"text":"","expression":"","category":"attitude"}],"summary":{"text":"한 번도 도전하지 못했던 미련이 남아서 다시 태어난다면 다음번에는 꼭 한번 도전을 해보고 싶은 회사는 있습니다. 지금은 도전하는 시기도 놓쳤고 마음 속에만 묻어두고 지금 꼭 가야 되는 회사가 있는 것은 아닙니다.","wordCount":31}}},"rawDataInfo":{"question":{"fileFormat":"wav","fileSize":537678,"duration":16800,"samplingBit":16,"channelCount":1,"samplingRate":"16kHz","audioPath":"/Mock/01.Management/Female/New/ckmk_q_bm_f_n_181439.wav"},"answer":{"fileFormat":"wav","fileSize":2303758,"duration":71990,"samplingBit":16,"channelCount":1,"samplingRate":"16kHz","audioPath":"/Mock/01.Management/Female/New/ckmk_a_bm_f_n_181439.wav"}}}