{"version":"1.0","dataSet":{"info":{"date":"20230116","occupation":"BM","channel":"MOCK","place":"ONLINE","gender":"FEMALE","ageRange":"35-44","experience":"NEW"},"question":{"raw":{"text":"귀하는 우리 회사의 성격을 고려해서 새로운 서비스 또는 제품을 제안해 보세요","wordCount":11},"emotion":[],"intent":[]},"answer":{"raw":{"text":"내년 일 분기부터는 한국에서 한국에도 스타링크 위성 인터넷 서비스를 이용할 수 있게 되었다는 소식이 있습니다. 이 스타링크 위성 인터넷 서비스를 제안하고 싶습니다. 일론 머스크가 설립한 민간 우주기업 스페이스 엑스에서 제공하는 스타링크는 앞으로 총 사만 이천 개에 달하는 인공위성을 발사해 세계에 위성 인터넷을 보급하는 사업입니다. 스타링크의 장점은 광통신 인터넷보다 훨씬 빠르다는 겁니다. 인터넷 이용자들은 언제 어디서든 지금보다 지금보다 삼십 에서 백 배 더 빠른 속도로 인터넷을 할 수 있습니다. 또한 재난 극복 효과가 있습니다. 이천 이십 년에 미국 서부 산불로 인해 큰 피해를 입고 있던 상황에서 스페이스 엑스가 스타링크 기지국을 설치해 인터넷을 구축하여 산불 진화에 도움을 주기도 하였습니다.","wordCount":97},"emotion":[],"intent":[{"text":"","expression":"","category":"attitude"}],"summary":{"text":"일론 머스크의 민간 우주기업 스페이스 엑스에서 제공하는 스타링크는 앞으로 총 사만 이천 개에 달하는 인공위성을 발사해 세계에 위성 인터넷을 보급하는 사업입니다. 광통신 인터넷보다 훨씬 빠른 속도와 재난 극복 효과가 있습니다.","wordCount":30}}},"rawDataInfo":{"question":{"fileFormat":"wav","fileSize":317518,"duration":9920,"samplingBit":16,"channelCount":1,"samplingRate":"16kHz","audioPath":"/Mock/01.Management/Female/New/ckmk_q_bm_f_n_185375.wav"},"answer":{"fileFormat":"wav","fileSize":2053198,"duration":64160,"samplingBit":16,"channelCount":1,"samplingRate":"16kHz","audioPath":"/Mock/01.Management/Female/New/ckmk_a_bm_f_n_185375.wav"}}}