{"version":"1.0","dataSet":{"info":{"date":"20230116","occupation":"BM","channel":"MOCK","place":"ONLINE","gender":"FEMALE","ageRange":"-34","experience":"NEW"},"question":{"raw":{"text":"지원자님께서 본인이 현재 가지고 있는 위치보다 어려운 목표를 달성한 적이 있다면 그 경험에 대해 말씀해 주세요","wordCount":16},"emotion":[],"intent":[]},"answer":{"raw":{"text":"대학생 때 대학생 건축 연합 동아리에서 아카이빙 팀장을 맡았습니다. 대학생 건축 연합 동아리는 어 저희 교내 학생들 뿐만 아니라 타 학교 학생들까지 함께 참여하는 큰 프로젝트이기 때문에 아카이빙 팀장이라는 것이 꽤 많은 부담이 되었는데요. 당시 저는 사진 찍 사진을 찍고 영상을 남기고 편집하는 것이 저의 역할이었는데 영상 편집을 전혀 할 줄 몰랐지만 어 일을 잘 수행해 내기 위해서 유튜브 시청이나 검색을 통해서 따로 독학을 통해 프로그램을 독 연습했고 어 그 결과론 결과적으로는 훌륭하게 그 팀원들의 과정을 담고 결과물을 남들에게 보여주는 경 값진 경험이 되었습니다.","wordCount":84},"emotion":[],"intent":[{"text":"대학생 때 대학생 건축 연합 동아리에서 아카이빙 팀장을 맡았습니다.","expression":"c_private","category":"background"},{"text":"대학생 건축 연합 동아리는 어 저희 교내 학생들 뿐만 아니라 타 학교 학생들까지 함께 참여하는 큰 프로젝트이기 때문에   아카이빙 팀장이라는 것이 꽤 많은 부담이 되었는데요.","expression":"c_private","category":"background"},{"text":"당시 저는   사진 찍 사진을 찍고 영상을 남기고 편집하는 것이 저의 역할이었는데 영상 편집을 전혀 할 줄 몰랐지만 어   일을 잘 수행해 내기 위해서 유튜브 시청이나 검색을 통해서   따로 독학을 통해 프로그램을 독 연습했고 어 그 결과론 결과적으로는   훌륭하게 그 팀원들의 과정을 담고 결과물을   남들에게 보여주는 경  값진 경험이 되었습니다.","expression":"c_private","category":"background"}],"summary":{"text":"저는 대학생 때 대학생 건축 연합 동아리에서 아카이빙 팀장을 맡았습니다. 당시 저는 영상 편집을 전혀 할 줄 몰랐지만 따로 독학을 통해 프로그램을 독 연습했고 그 결과 훌륭하게 팀원들의 과정을 담고 결과물을 남들에게 보여주는 경험이 되었습니다.","wordCount":35}}},"rawDataInfo":{"question":{"fileFormat":"wav","fileSize":345678,"duration":10800,"samplingBit":16,"channelCount":1,"samplingRate":"16kHz","audioPath":"/Mock/01.Management/Female/New/ckmk_q_bm_f_n_172619.wav"},"answer":{"fileFormat":"wav","fileSize":2180878,"duration":68150,"samplingBit":16,"channelCount":1,"samplingRate":"16kHz","audioPath":"/Mock/01.Management/Female/New/ckmk_a_bm_f_n_172619.wav"}}}