{"version":"1.0","dataSet":{"info":{"date":"20230116","occupation":"BM","channel":"MOCK","place":"ONLINE","gender":"FEMALE","ageRange":"45-54","experience":"NEW"},"question":{"raw":{"text":"상사로부터 업무와 무관한 일을 하달 받았습니다 지원자님은 그대로 수행하실 건가요","wordCount":10},"emotion":[],"intent":[]},"answer":{"raw":{"text":"상사가 업무와 무관한 일이라는 게 제 업무와 무관한 일이지만 어쨌든 그까 크게 넓게 봐서 어 회사에 필요한 일이라면 내 업무가 아님에도 불구하고 그 부분은 당연히 수행을 해야 한다고 생각을 합니다. 물론 좀 기분이 좋지는 않을 것 같고 그렇긴 하지만 뭐 내 일만 해서는 안되고 이제 회사에 도움이 되는 일이라면 내 업무가 아니어도 알아 두면 나중에 다 도움이 될 거기 때문에 잘 수행할 텐데요. 만약 회사 업무가 아닌 필요 업무가 아닌 그 상사에 뭐 사적인 일을 시킨다거나 하는 건 저는 그거는 수행하지 않을 것입니다.","wordCount":83},"emotion":[],"intent":[{"text":"","expression":"","category":"attitude"}],"summary":{"text":"회사 업무에 도움이 되는 일이라면 제 업무가 아니어도 잘 수행할 수 있습니다. 하지만 필요 업무가 아닌 상사에게 사적인 일을 시킨다거나 하는 건 수행하지 않을 것입니다.","wordCount":25}}},"rawDataInfo":{"question":{"fileFormat":"wav","fileSize":275278,"duration":8600,"samplingBit":16,"channelCount":1,"samplingRate":"16kHz","audioPath":"/Mock/01.Management/Female/New/ckmk_q_bm_f_n_178471.wav"},"answer":{"fileFormat":"wav","fileSize":1794638,"duration":56080,"samplingBit":16,"channelCount":1,"samplingRate":"16kHz","audioPath":"/Mock/01.Management/Female/New/ckmk_a_bm_f_n_178471.wav"}}}