{"version":"1.0","dataSet":{"info":{"date":"20230116","occupation":"BM","channel":"MOCK","place":"ONLINE","gender":"FEMALE","ageRange":"-34","experience":"NEW"},"question":{"raw":{"text":"지원자께서는 직무 수행을 할 때 난관에 봉착했다면은 어떻게 해결할 것인지 스스로의 해결법과 그 이유에 대해서 같이 말씀해 주시겠습니까","wordCount":18},"emotion":[],"intent":[]},"answer":{"raw":{"text":"저는 일단 행정 사무 그리고 일반 사무 업무를 많이 해 왔기 때문에 아 문제가 발생했을 때는 저 혼자서 해결하는 게 아니고 반드시 좀 협의를 통해서 해결을 해 왔던 것 같습니다. 왜냐하면 저희가 하는 업무가 제 담당 뿐만이 아니라 상사의 보고가 들어가야 되고 그리고 그게 팀원들 간에 같이 공유가 돼야 되는 부분이 크기 때문에 이런 것들은 조율과 커뮤니케이션을 통해서 당연히 해결했다고 생각을 합니다. 어 왜냐하면 저 혼자 처리하게 될 경우에 나중에 이제 팀원들이 그 내용을 공유 받지 못해서 처리해서 좀 미스가 발생할 수 있다고 생각을 하고 있고요. 그렇기 때문에 무엇보다 이 분야는 어 같이 쪼금 협의를 통해서 해결하는 점이 중요하다고 생각을 합니다. 그런 면에서 저도 제 분야에 있어서는 제 나름대로 최선을 다하지만 또 이게 협의가 필요한 부분에 있어서는 적극적으로 협의를 요청하고 어 관계를 풀어 가고 그리고 그 내용들을 공유하려고 노력을 하고 있습니다. 앞으로도 제가 이 같은 업무를 맡게 될 경우에 제 업무 뿐만이 아니라 또 팀원들 간의 협의를 통해서 문제가 잘 해결 될 수 있도록 지원을 할 거고요. 그런 게 아무래도 저희 업무에 있어서 매우 중요하다고 생각을 하기 때문에 저도 중요한 부분을 잘 인지하고 있는 상황이라고 말씀을 드리고 싶습니다.","wordCount":178},"emotion":[],"intent":[{"text":"저는 일단 행정 사무 그리고 일반 사무 업무를 많이 해 왔기 때문에   아 문제가 발생했을 때는 저 혼자서 해결하는 게 아니고 반드시 좀 협의를 통해서 해결을 해   왔던 것 같습니다.","expression":"c_cop","category":"personality"},{"text":"왜냐하면 저희가 하는 업무가 제 담당 뿐만이 아니라 상사의 보고가   들어가야 되고 그리고 그게 팀원들 간에 같이 공유가 돼야 되는 부분이 크기 때문에   이런 것들은 조율과 커뮤니케이션을 통해서 당연히 해결했다고 생각을 합니다.","expression":"c_cop","category":"personality"},{"text":"그렇기 때문에 무엇보다   이 분야는 어 같이 쪼금 협의를 통해서 해결하는 점이 중요하다고 생각을 합니다.","expression":"c_cop","category":"personality"},{"text":"그런 면에서 저도 제 분야에 있어서는 제 나름대로 최선을 다하지만 또   이게 협의가 필요한 부분에 있어서는 적극적으로 협의를 요청하고 어 관계를 풀어 가고   그리고 그 내용들을 공유하려고 노력을 하고 있습니다.","expression":"c_cop","category":"personality"},{"text":"앞으로도 제가 이 같은 업무를 맡게 될   경우에 제 업무 뿐만이 아니라 또 팀원들 간의 협의를 통해서 문제가 잘 해결 될   수 있도록 지원을 할 거고요.","expression":"c_cop","category":"personality"}],"summary":{"text":"행정 사무와 일반 사무는 팀원들 간에 공유가 되는 부분이 크기 때문에 문제 발생 시 협의와 커뮤니케이션을 통해 해결했습니다. 앞으로 이 같은 업무를 맡게 될 경우 제 업무 뿐만 아니라 팀원들의 협의를 통해서 문제가 잘 해결 될 수 있도록 지원을 할 것이고, 그런 게 저희 업무에 있어서 매우 중요하다고 생각하므로 저는 중요한 부분을 잘 인지하고 있는 상황이라고 생각합니다.","wordCount":57}}},"rawDataInfo":{"question":{"fileFormat":"wav","fileSize":495438,"duration":15480,"samplingBit":16,"channelCount":1,"samplingRate":"16kHz","audioPath":"/Mock/01.Management/Female/New/ckmk_q_bm_f_n_174139.wav"},"answer":{"fileFormat":"wav","fileSize":2771918,"duration":86620,"samplingBit":16,"channelCount":1,"samplingRate":"16kHz","audioPath":"/Mock/01.Management/Female/New/ckmk_a_bm_f_n_174139.wav"}}}