{"version":"1.0","dataSet":{"info":{"date":"20230116","occupation":"BM","channel":"MOCK","place":"ONLINE","gender":"FEMALE","ageRange":"-34","experience":"NEW"},"question":{"raw":{"text":"귀하께서 입사를 하신다면 문서 작업 등 행정 사무에 투여가 될 텐데 문서 작업 등 행정 사무에 관한 경험이 있으신가요 경험이 있다면 사례와 함께 어떤 일을 하셨었는지 말씀해 주세요","wordCount":28},"emotion":[],"intent":[]},"answer":{"raw":{"text":"어 저는 현재 재직 중인 회사에서 홍보와 마케팅을 담당하고 있긴 하지만 어 사실 굉장히 어 넓은 범 업무 범위를 가지고 일을 하고 있습니다. 음 입출고 관리 또 마케팅 자료 정리 또 견적서 작성 등 어 다양한 문서 작업을 해 보았고 어 특히 어 견적서와 도안의 경우 어 제가 스스로 만든 새로운 엑셀 매크로와 함수를 이용해서 음 보다 더 사용이 편리하고 어 업무의 효율성을 높일 수 있는 견적서를 직접 만들기도 했습니다. 음 어 제가 만든 문서의 특징은 어 하나만 한 페이지에 입력만 해도 모든 도안이 완성이 되고 자동으로 완성이 되고 어 이를 쉽게 출력할 수 있도록 해서 기존의 문서 작성에 걸리던 시간을 절반 이상 줄일 수 있었습니다.","wordCount":106},"emotion":[],"intent":[{"text":"음 입출고 관리 또   마케팅 자료 정리 또 견적서 작성 등 어 다양한 문서 작업을 해 보았고   어 특히 어 견적서와 도안의 경우 어 제가 스스로 만든 새로운 엑셀 매크로와 함수를 이용해서 음 보다 더 사용이 편리하고   어 업무의 효율성을 높일 수 있는 견적서를 직접 만들기도 했습니다.","expression":"m_admin","category":"technology"},{"text":"음 어 제가 만든   문서의 특징은 어 하나만 한 페이지에 입력만 해도 모든 도안이   완성이 되고 자동으로 완성이 되고 어 이를 쉽게 출력할 수 있도록 해서 기존의 문서 작성에 걸리던 시간을   절반 이상 줄일 수 있었습니다.","expression":"m_admin","category":"technology"}],"summary":{"text":"저는 현재 재직 중인 회사에서 홍보와 마케팅을 담당하고 있지만 사실 굉장히 넓은 업무 범위를 가지고 일을 하고 있습니다. 다양한 문서 작업을 해 보았고 특히 견적서와 도안의 경우 엑셀 매크로와 함수를 이용해서 직접 만들기도 했습니다.","wordCount":34}}},"rawDataInfo":{"question":{"fileFormat":"wav","fileSize":599118,"duration":18720,"samplingBit":16,"channelCount":1,"samplingRate":"16kHz","audioPath":"/Mock/01.Management/Female/New/ckmk_q_bm_f_n_190151.wav"},"answer":{"fileFormat":"wav","fileSize":2453838,"duration":76680,"samplingBit":16,"channelCount":1,"samplingRate":"16kHz","audioPath":"/Mock/01.Management/Female/New/ckmk_a_bm_f_n_190151.wav"}}}