{"version":"1.0","dataSet":{"info":{"date":"20230116","occupation":"BM","channel":"MOCK","place":"ONLINE","gender":"FEMALE","ageRange":"35-44","experience":"NEW"},"question":{"raw":{"text":"네 시간이 남을 때 무슨 일을 하시는지요 어 또 왜 그런 일을 하 하시는지 그 이유도 함께 설명해 주시면 좋겠습니다","wordCount":20},"emotion":[],"intent":[]},"answer":{"raw":{"text":"저는 어 틈틈히 시간이 남는다면 뭐 미싱을 한다거나 아니면 정말 시간이 조금 촉박하기도 하고 시간이 좀 길게 느껴질 때는 주로 이제 뜨개질 같은 것을 합니다. 어 옷 만드는 일은 저희들 취미생활인데 내가 시간이 남을 때 온전히 거기에다 에너지를 쏟을 수 있 수 있기 때문입니다. 주로 소품이나 아이들 옷이나 아니면 제가 간단 입을 수 있는 옷 같은 것을 유투브를 보고 만드는데요. 어 그렇게 옷을 만들 때마다 제 손에서 작품이 완성이 되면서 제가 입었을 때 아 나도 이런 거를 만들 수 있구나 하는 그러한 성취감을 많이 느낍니다. 그리고 또 시간이 만약에 남는다면 어 소품을 많이 만들거나 하구요. 그 다음에 책을 좀 많이 읽으려고 노력 중에 있습니다. 사실 나이가 좀 들어서 책을 좀 멀리하는 경향이 있었지만 요즘은 어 나이가 들어서 책을 더 가까이 한다는 것을 많이 느끼고 있습니다. 서점을 뭐 탐색을 하기도 하고 제가 시간이 남았을 때는 여러 가지를 일 하지만 주로 옷 만드는 일과 그다음에 어 도서관에서 책을 읽는 일 일 정도입니다.","wordCount":150},"emotion":[{"text":"어 그렇게 옷을 만들 때마다 제 손에서 작품이 완성이 되면서 제가 입었을 때 아 나도 이런 거를 만들 수 있구나 하는 그러한 성취감을 많이 느낍니다.","expression":"p-achievement","category":"positive"}],"intent":[{"text":"","expression":"","category":"attitude"}],"summary":{"text":"시간이 남았을 때 미싱이나 뜨개질 같은 취미를 합니다. 시간이 조금 남았을 때는 옷 만드는 일을 하는데 유투브를 보고 만든 옷으로 작품을 만들어 성취감을 느낍니다. 시간이 된다면 소품을 많이 만들거나 책을 많이 읽으려고 노력 중입니다. 주로 옷 만드는 일과 도서관에서 책을 읽는 일 일 정도입니다.","wordCount":44}}},"rawDataInfo":{"question":{"fileFormat":"wav","fileSize":431438,"duration":13480,"samplingBit":16,"channelCount":1,"samplingRate":"16kHz","audioPath":"/Mock/01.Management/Female/New/ckmk_q_bm_f_n_178850.wav"},"answer":{"fileFormat":"wav","fileSize":2781518,"duration":86920,"samplingBit":16,"channelCount":1,"samplingRate":"16kHz","audioPath":"/Mock/01.Management/Female/New/ckmk_a_bm_f_n_178850.wav"}}}