{"version":"1.0","dataSet":{"info":{"date":"20230116","occupation":"BM","channel":"MOCK","place":"ONLINE","gender":"FEMALE","ageRange":"-34","experience":"NEW"},"question":{"raw":{"text":"일을 하면서 본인이 생각했을 때 가장 곤란한 상황은 무엇이라고 생각하며 그러한 상황에 처했을 때 어떻게 대처할 것인지 그에 대한 방안에 대해 설명 부탁드립니다","wordCount":23},"emotion":[],"intent":[]},"answer":{"raw":{"text":"제가 일을 하면서 가장 어려울 것으로 지금 현재 예상되는 부분은 다른 음 동료들과 빠르게 친해질 수 있을까에 대한 부분입니다. 사실 제가 어 다른 어 졸업 이후에 다른 일들을 여러 가지 했었는데요. 그 과정에 있어서 지금 직무와는 연관된 부분이 아니기 때문에 신입으로 지원을 하게 되었습니다. 그래서 물론 저보다 나이가 많으신 분들도 있을 수도 있고 혹은 적으신 분들도 있을 수도 있지만 어 신입의 입장으로서 저보다 분명히 업무 내용에 대해서 많이 알고 있을 선배들이 있기 때문에 그런 선배들을 항상 존중하는 자세 그리고 항상 낮은 자세로 배우려는 자 마음가짐을 가지고 제가 잘 모르는 부분이 있다면 많이 물어보고 혹에 제가 도움 드릴 수 있는 부분이 있다 라면 정말 성심성의껏 도움을 드리는 자세로 다른 동료들과 함께 융합하고 또 다른 부서와 함께 협업하는 자세로 근무하는 근무를 진행하고 싶습니다.","wordCount":121},"emotion":[],"intent":[{"text":"","expression":"","category":"attitude"}],"summary":{"text":"다른 음 동료들과 빠르게 친해질 수 있을까에 대한 부분이 업무와 연관되어 신입으로 지원하게 되었습니다. 신입의 입장으로서 업무 내용에 대해서 많이 알고 있을 선배들이 있기 때문에 선배들을 존중하는 자세 그리고 항상 낮은 자세로 배우려는 마음가짐으로 다른 동료들과 함께 협업하는 자세로 근무하는 근무를 진행하고 싶습니다.","wordCount":43}}},"rawDataInfo":{"question":{"fileFormat":"wav","fileSize":507598,"duration":15860,"samplingBit":16,"channelCount":1,"samplingRate":"16kHz","audioPath":"/Mock/01.Management/Female/New/ckmk_q_bm_f_n_169555.wav"},"answer":{"fileFormat":"wav","fileSize":2703438,"duration":84480,"samplingBit":16,"channelCount":1,"samplingRate":"16kHz","audioPath":"/Mock/01.Management/Female/New/ckmk_a_bm_f_n_169555.wav"}}}