{"version":"1.0","dataSet":{"info":{"date":"20230116","occupation":"BM","channel":"MOCK","place":"ONLINE","gender":"FEMALE","ageRange":"-34","experience":"NEW"},"question":{"raw":{"text":"만약 지원자님께서 하고 싶은 직무 말고 다른 직무를 맡게 된다면 어떻게 하시겠습니까 어 그래도 괜찮으시겠어요","wordCount":15},"emotion":[],"intent":[]},"answer":{"raw":{"text":"제가 하고 싶은 직무 말고 다른 직무를 맡게 된다면 저는 기꺼이 최선을 다해서 열심히 할 것 같은데요. 세상 살다 보면 제가 하고 싶은 일만 할 수 없기 때문에 저는 다른 직무를 주셔도 감사한 마음으로 임할 것 같고요. 그리고 저는 제가 회사 다른 회사를 다닐 때도 제가 맡은 직무가 아닌 다른 직무로 또 이 이직하게 돼서 변경하게 된 적도 있었습니다. 그때도 저는 잘 적응해서 해왔고 그리고 어떤 일이든지 그 일의 장단점이 있기 때문에 그 일의 장점을 보고 수행했던 것 같습니다. 저는 제가 경영적인 사무적 업무도 굉장히 좋아하는데 혹시 다른 업무를 맞게 해 주신다면 또 그 업무에 맞춰서 제 소양을 개발하도록 하겠습니다. 또 예전에는 제가 특히 완전히 다른 일을 또 맡겨 주신 적이 있습니다. 그때는 제가 굉장히 당황하기도 했었는데 세 달 정도 지나니까 또 적응이 되고 그 일에서 제가 제 적성을 발견하기도 한 적이 있었는데요. 그래서 저는 최선을 다해서 열심히 하겠습니다.","wordCount":139},"emotion":[],"intent":[{"text":"저는 제가 경영적인 사무적 업무도   굉장히 좋아하는데 혹시 다른 업무를 맞게 해 주신다면 또 그 업무에 맞춰서   제 소양을 개발하도록 하겠습니다.","expression":"c_imp","category":"personality"},{"text":"그때는 제가 굉장히 당황하기도 했었는데 세 달 정도 지나니까 또 적응이 되고   그 일에서 제가 제 적성을 발견하기도 한 적이 있었는데요.","expression":"c_adp","category":"personality"}],"summary":{"text":"제가 하고 싶은 직무 말고 다른 직무를 맡게 된다면 최선을 다해서 열심히 할 것 같습니다. 다른 업무를 맞게 해 주신다면 그 업무에 맞춰서 제 소양을 개발하도록 하겠습니다. 이전에는 완전히 다른 일을 맡겨 주신 적이 있는데 그때 굉장히 당황하기도 했었는데 세 달 정도 지나니까 적응이 되고 제 적성을 발견하기도 했습니다.","wordCount":49}}},"rawDataInfo":{"question":{"fileFormat":"wav","fileSize":451598,"duration":14110,"samplingBit":16,"channelCount":1,"samplingRate":"16kHz","audioPath":"/Mock/01.Management/Female/New/ckmk_q_bm_f_n_175925.wav"},"answer":{"fileFormat":"wav","fileSize":2337358,"duration":73040,"samplingBit":16,"channelCount":1,"samplingRate":"16kHz","audioPath":"/Mock/01.Management/Female/New/ckmk_a_bm_f_n_175925.wav"}}}