{"version":"1.0","dataSet":{"info":{"date":"20230116","occupation":"BM","channel":"MOCK","place":"ONLINE","gender":"FEMALE","ageRange":"-34","experience":"NEW"},"question":{"raw":{"text":"지원자님은 의견을 주장하실 때 강하게 주장하시는 편인가요 지원자님께서는 어떤 스타일로 자신의 의견을 주장하시나요","wordCount":13},"emotion":[],"intent":[]},"answer":{"raw":{"text":"저는 지금까지 속해 있던 조직 단체 속에서 의견을 강하게 주장하고 결정을 하는 역할을 주로 맡아왔습니다. 작게는 친구들과의 모임 학교 팀플 크게는 아르바이트에서까지 음식점을 선택하는 것부터 크고 작은 문제를 해결할 상황이 올 때 저는 남들의 의견을 듣고 좋은 것을 선택하기보다 제가 먼저 의견을 내고 저의 의견이 선택될 수 있도록 사람들에게 어필을 많이 하는 편입니다. 이것은 제가 내는 의견이 올바른 방향성으로 가고 있다는 확신을 가지고 있기 때문이다. 저의 의견을 어떻게 어필하는 것이 있냐면 모 모임의 결정이 좋은 방향으로 도달할 수 있도록 열심히 도우는 역할을 하는 것입니다.","wordCount":84},"emotion":[],"intent":[{"text":"","expression":"","category":"attitude"}],"summary":{"text":"지금까지 속해 있던 조직 단체 속에서 의견을 강하게 주장하고 결정을 하는 역할을 주로 맡아왔는데, 사람들에게 어필을 많이 하는 편인데, 그것은 모임의 결정이 좋은 방향으로 도달할 수 있는 역할입니다.","wordCount":28}}},"rawDataInfo":{"question":{"fileFormat":"wav","fileSize":437198,"duration":13660,"samplingBit":16,"channelCount":1,"samplingRate":"16kHz","audioPath":"/Mock/01.Management/Female/New/ckmk_q_bm_f_n_178196.wav"},"answer":{"fileFormat":"wav","fileSize":1986638,"duration":62080,"samplingBit":16,"channelCount":1,"samplingRate":"16kHz","audioPath":"/Mock/01.Management/Female/New/ckmk_a_bm_f_n_178196.wav"}}}