{"version":"1.0","dataSet":{"info":{"date":"20230116","occupation":"BM","channel":"MOCK","place":"ONLINE","gender":"FEMALE","ageRange":"-34","experience":"NEW"},"question":{"raw":{"text":"네 지원자님 지금 좀 공부하고 있는 그 분야가 무엇인지 왜 특별히 그걸 공부를 하시는지 지금까지 무엇을 배웠는지도 함께 말씀을 좀 부탁드리고 싶습니다","wordCount":22},"emotion":[],"intent":[]},"answer":{"raw":{"text":"어 저는 지금 컴퓨터 프로그래밍 컴퓨터공학과에 재학 중이라서 컴퓨터 프로그래밍을 배우고 있습니다. 제가 이 과에 진학한 이유는 애초에 많은 비전과 미래가 있다고 생각했기 때문입니다. 지금까지는 저는 대학에 들어와서 처음 컴퓨터 프로그램을 배웠기 때문에 다양한 언어의 기초를 공부하는 데 집중하고 있습니다.","wordCount":40},"emotion":[],"intent":[{"text":"","expression":"","category":"attitude"}],"summary":{"text":"컴퓨터공학과에 진학한 이유는 많은 비전과 미래가 있다고 생각했기 때문입니다. 컴퓨터 프로그램을 배웠기 때문에  다양한 언어의 기초를 공부하는 데 집중하고 있습니다.","wordCount":20}}},"rawDataInfo":{"question":{"fileFormat":"wav","fileSize":585038,"duration":18280,"samplingBit":16,"channelCount":1,"samplingRate":"16kHz","audioPath":"/Mock/01.Management/Female/New/ckmk_q_bm_f_n_171758.wav"},"answer":{"fileFormat":"wav","fileSize":1186638,"duration":37080,"samplingBit":16,"channelCount":1,"samplingRate":"16kHz","audioPath":"/Mock/01.Management/Female/New/ckmk_a_bm_f_n_171758.wav"}}}