{"version":"1.0","dataSet":{"info":{"date":"20230116","occupation":"BM","channel":"MOCK","place":"ONLINE","gender":"FEMALE","ageRange":"-34","experience":"NEW"},"question":{"raw":{"text":"어 지금 본인이 당장 내일 죽는다는 사실을 가정해 본다면 당장 뭘 할 건가요 그리고 이 면접도 끝까지 계속 보실 것인지 어 궁금합니다","wordCount":22},"emotion":[],"intent":[]},"answer":{"raw":{"text":"제가 만약 내일 당장 죽는다는 사실을 알게 된다면 어 우선 이 면접을 끝까지 볼 것입니다. 음 어떠한 후회도 남기고 싶지 않고 어 무언가 무언가를 마 마무리 짓고 그렇게 하고 싶을 것 같습니다. 그렇기 때문에 이 면접을 우선 끝까지 볼 것이구요. 어 집에 돌아간다면 가족들과 정말 그냥 맛있는 식사를 하고 함께 음 더 좋은 추억들을 만들고 만들고 싶습니다. 음 저는 제 가족들을 정말 좋아하고 또 가족들 외에도 제가 좋아하는 사람들이 정말 많은데요. 그 사람들과 인사를 하고 그 사람들에게 어 미안했던 것 고마웠던 것들을 이야기하는 것 만으로도 음 벅찰 것 같고 그게 가장 하고 싶을 것 같습니다.","wordCount":95},"emotion":[],"intent":[{"text":"","expression":"","category":"attitude"}],"summary":{"text":"제가 내일 당장 죽는다는 사실을 알게 된다면 우선 이 면접을 끝까지 볼 것입니다. 가족을 포함한 다른 좋아하는 사람들에게 고맙고 미안한 것들을 이야기 하고 싶을 것 같습니다.","wordCount":26}}},"rawDataInfo":{"question":{"fileFormat":"wav","fileSize":496078,"duration":15500,"samplingBit":16,"channelCount":1,"samplingRate":"16kHz","audioPath":"/Mock/01.Management/Female/New/ckmk_q_bm_f_n_190145.wav"},"answer":{"fileFormat":"wav","fileSize":2128398,"duration":66510,"samplingBit":16,"channelCount":1,"samplingRate":"16kHz","audioPath":"/Mock/01.Management/Female/New/ckmk_a_bm_f_n_190145.wav"}}}