{"version":"1.0","dataSet":{"info":{"date":"20230116","occupation":"BM","channel":"MOCK","place":"ONLINE","gender":"FEMALE","ageRange":"-34","experience":"NEW"},"question":{"raw":{"text":"회사에 들어와서 선배를 만나게 된다면 어떤 모습의 선배를 만나고 싶으신가요 이유와 함께 말씀해 주세요","wordCount":14},"emotion":[],"intent":[]},"answer":{"raw":{"text":"회사에 들어와서 제가 꼭 만나 뵙고 싶은 선배는 저에게 잔소리를 많이 해줄 수 있는 선배입니다. 그 이유는 저는 잔소리도 후배에 대한 관심에서 주는 그런 큰 관심과 그리고 시간을 투자하는 부분이라고 생각을 합니다. 만약 후배에게 전혀 관심이 없다 라면은 자기 업무를 나눠주거나 혹은 옆에 앉혀서 가르칠 그럴 의지도 없을 것이라고 생각합니다. 그렇지만 만약에 정말 후배를 아끼는 마음이 있다라면 그 후배가 지금 어떤 업무들을 하고 있는지 잘 살펴보고 만약에 자기가 도움 줄 수 있는 부분이 있다 라면은 여러 가지 도움 주기 위해서 아마 그 과정에서 잔소리들을 굉장히 많이 하실 수도 있는데요. 저는 그렇게 잔소리를 하는 과정이 자기 후배에 대한 굉장히 큰 관심이라고 생각하기 때문에 저는 저를 많이 지켜봐 줄 수 있고 그리고 저에 대해서 많은 피드백과 가끔 기분이 나쁠 수도 있지만 어 냉철한 비판 있는 그런 의견들을 제시해 줄 수 있는 선배를 선호합니다.","wordCount":131},"emotion":[],"intent":[{"text":"","expression":"","category":"attitude"}],"summary":{"text":"저는 잔소리를 하는 과정이 자기 후배에 대한 큰 관심이라고 생각하기 때문에 많이 지켜봐 줄 수 있고, 저에 대해서 많은 피드백과 기분 나쁠 수도 있지만 어 냉철한 비판 있는 의견들을 제시해 줄 수 있는 선배를 선호합니다.","wordCount":35}}},"rawDataInfo":{"question":{"fileFormat":"wav","fileSize":393678,"duration":12300,"samplingBit":16,"channelCount":1,"samplingRate":"16kHz","audioPath":"/Mock/01.Management/Female/New/ckmk_q_bm_f_n_169556.wav"},"answer":{"fileFormat":"wav","fileSize":2811598,"duration":87860,"samplingBit":16,"channelCount":1,"samplingRate":"16kHz","audioPath":"/Mock/01.Management/Female/New/ckmk_a_bm_f_n_169556.wav"}}}