{"version":"1.0","dataSet":{"info":{"date":"20230116","occupation":"BM","channel":"MOCK","place":"ONLINE","gender":"FEMALE","ageRange":"35-44","experience":"NEW"},"question":{"raw":{"text":"개인적으로 지원자님께서는 어떤 방식으로 공부를 하시나요 어 강의를 활용할 수도 있고 책을 읽을 수도 있는데 어떤 방식으로 공부를 하시는지 편하게 말씀해 주시길 바랍니다","wordCount":23},"emotion":[],"intent":[]},"answer":{"raw":{"text":"네 개인적으로는 저는 공부를 제가 스스로 하는 타입은 아닙니다. 어 스스로 뭐 책을 빌리거나 문제지를 사서 하는 그런 스타일은 성격상 잘 안되구요. 저는 약간 학원이나 학원이든 과외든 뭔가 딱 정해진 요일 정해진 시간에 그 시간에는 어 이거를 뭐 공부하는 시간 정해져야 면 좀 그걸 꾸준히는 합니다. 그걸 안 가고 이렇지는 않구요. 등록을 하면 일단은 가요. 좀 약간 그런 성격이어서 어 저는 일단 학원을 등록합니다. 보통 저는 이제 영어 공부를 많이 하는데 그냥 혼자서도 도서관도 가보고 했는데 도서관 가면 수시로 들락날락 거리게 되고 안 가는 경우가 이제 점점 뭐 내일 하지 뭐 하면서 자꾸 이제 하루하루 미루다 보면 아예 안 하게 안 가게 되는 경우도 많아지구요. 그래서 저는 아싸리 정말 할 거라면 어 좀 돈이 아깝다 생각하지 말고 어 학원비에 투자를 합니다.","wordCount":121},"emotion":[],"intent":[{"text":"","expression":"","category":"attitude"}],"summary":{"text":"개인적인 성격상 공부는 스스로 하는 타입이 아니라 학원이나 과외 같은 특정 요일 시간이 정해져야 꾸준히 합니다. 혼자서 도서관에 가면 하루하루 미루며 안 하게 되는 경우가 많아서 돈이 아깝다 생각하지 말고 학원비에 투자합니다.","wordCount":32}}},"rawDataInfo":{"question":{"fileFormat":"wav","fileSize":499278,"duration":15600,"samplingBit":16,"channelCount":1,"samplingRate":"16kHz","audioPath":"/Mock/01.Management/Female/New/ckmk_q_bm_f_n_181437.wav"},"answer":{"fileFormat":"wav","fileSize":2163598,"duration":67610,"samplingBit":16,"channelCount":1,"samplingRate":"16kHz","audioPath":"/Mock/01.Management/Female/New/ckmk_a_bm_f_n_181437.wav"}}}