{"version":"1.0","dataSet":{"info":{"date":"20230116","occupation":"BM","channel":"MOCK","place":"ONLINE","gender":"FEMALE","ageRange":"-34","experience":"NEW"},"question":{"raw":{"text":"일을 하다가 만약 상사에게 어려운 지시를 받으면 어떻게 하시겠습니까 그 이유도 함께 말씀해 주시기 바랍니다","wordCount":15},"emotion":[],"intent":[]},"answer":{"raw":{"text":"어려운 지시 또한 제가 언젠간 해내야 할 일입니다. 따라서 상사가 어려운 지시를 한다면 상사가 일단 제가 그 일을 할 수 있다고 판단한 거기 때문에 끝까지 해보도록 노력할 것입니다. 그러나 그 일이 제가 할 수 없는 일이라면은 상사에게 정중하게 도와달라는 부탁을 해야 합니다. 어 제가 할 수 없는 제가 어렵다고 판단한 이유가 경험의 부족이라고 한다면은 최선을 다해서 노력을 해야 노력할 것입니다. 하지만 제가 어렵다고 판단한 이유가 능력 부족이라면은 그 능력을 쌓아갈 수 있는 다른 기회를 찾아봐야 됩니다. 제가 경험이 부족해서 할 수 없었다면은 그 경험 그 일을 한다는 것 자체가 경험이 될 것입니다. 따라서 시간이 좀 걸리더라도 최선을 다해 해야 합니다. 하지만 제 능력 밖에 일이라서 어려운 거라면 단시일간 내에 그 능력을 쌓기는 어려울 것입니다. 따라서 주변인에게 조언을 구하고 상사에게도 조언을 구하여 그 일을 해낼 수 있는 능력을 쌓거나 그럼에도 불구하고 능력 부족의 일이라면 상사에게 다른 일을 할 수 없다고 정중하게 부탁해야 합니다.","wordCount":142},"emotion":[],"intent":[{"text":"","expression":"","category":"attitude"}],"summary":{"text":"상사가 어려운 지시를 한다면 끝까지 해보도록 노력할 것입니다. 하지만 그 일이 제가 할 수 없는 일이라면 상사에게 정중하게 도와주라는 부탁을 해야 합니다. 제가 능력 부족이라서 어려운 거라면 단시일 내에 능력을 쌓기는 어려울 것입니다. 따라서 주변인에게 조언을 구하고 상사에게 조언을 구하여 능력을 쌓거나 능력 부족의 일이라면 상사에게 다른 일을 할 수 없다고 부탁해야 합니다.","wordCount":53}}},"rawDataInfo":{"question":{"fileFormat":"wav","fileSize":324878,"duration":10150,"samplingBit":16,"channelCount":1,"samplingRate":"16kHz","audioPath":"/Mock/01.Management/Female/New/ckmk_q_bm_f_n_181173.wav"},"answer":{"fileFormat":"wav","fileSize":2643918,"duration":82620,"samplingBit":16,"channelCount":1,"samplingRate":"16kHz","audioPath":"/Mock/01.Management/Female/New/ckmk_a_bm_f_n_181173.wav"}}}