{"version":"1.0","dataSet":{"info":{"date":"20230116","occupation":"BM","channel":"MOCK","place":"ONLINE","gender":"FEMALE","ageRange":"35-44","experience":"NEW"},"question":{"raw":{"text":"여러 사람들과 함께 일을 하다 보면 구성원들과 갈등이 생길 수 있습니다 어떻게 해결하시나요","wordCount":13},"emotion":[],"intent":[]},"answer":{"raw":{"text":"여러 사람이 모이는 그런 집단에서는 당연히 구성원들과 싸움도 벌어지고 또 여러 가지 토론을 하게 된다 라면은 의견이 다른 갈등들도 충분히 일어날 수 있다 라고 생각합니다. 그렇지만 저는 갈등이 일어났을 때 단순히 회피를 한다기보다는 구성원들과 그 문제를 직면하면서 해결할려고 최대한 노력하는 편인데요. 대학교 시절에 제가 가장 존경하던 교수님께서 말씀하시기를 우리 인간만이 할 수 있는 일은 집단 지성을 활용하는 그런 행위라는 말을 해주셨던 기억이 납니다. 그래서 문제가 있다 라면은 그 부분에 대해서 충분히 토론하는 과정을 고치고 우리가 프로젝트들을 진행을 할 때에는 모든 사람의 머리를 맞 머리를 모아서 집단 지성을 활용할 수 있는 그런 유익한 시간들을 갖도록 노력하도록 하겠습니다.","wordCount":96},"emotion":[],"intent":[{"text":"그래서 문제가 있다 라면은 그 부분에 대해서 충분히 토론하는 과정을 고치고 우리가 프로젝트들을 진행을 할 때에는   모든 사람의 머리를 맞 머리를 모아서 집단 지성을 활용할 수 있는   그런 유익한 시간들을 갖도록 노력하도록 하겠습니다.","expression":"c_cop","category":"personality"}],"summary":{"text":"여러 사람이 모이는 집단에서는 의견이 다른 갈등들도 일어날 수 있습니다. 하지만 갈등이 일어났을 때 회피보다는 구성원들과 문제를 직면하면서 해결하려고 노력합니다. 토론하는 과정을 개선하고 집단 지성을 활용할 수 있는 시간들을 갖도록 노력하겠습니다.","wordCount":31}}},"rawDataInfo":{"question":{"fileFormat":"wav","fileSize":321358,"duration":10040,"samplingBit":16,"channelCount":1,"samplingRate":"16kHz","audioPath":"/Mock/01.Management/Female/New/ckmk_q_bm_f_n_184570.wav"},"answer":{"fileFormat":"wav","fileSize":2517838,"duration":78680,"samplingBit":16,"channelCount":1,"samplingRate":"16kHz","audioPath":"/Mock/01.Management/Female/New/ckmk_a_bm_f_n_184570.wav"}}}