{"version":"1.0","dataSet":{"info":{"date":"20230116","occupation":"BM","channel":"MOCK","place":"ONLINE","gender":"FEMALE","ageRange":"45-54","experience":"NEW"},"question":{"raw":{"text":"살면서 가장 힘들었던 점은 무엇입니까 지원자님께서는 그 점을 극복하기 위해서 어떤 노력을 해 오셨습니까","wordCount":14},"emotion":[],"intent":[]},"answer":{"raw":{"text":"제가 가장 힘들었던 시기는 대학을 졸업하고 취업했던 첫 회사가 이 년도 채 되지 않아 문을 닫았을 때였습니다. 중소기업이었기 때문에 재무구조가 아주 탄탄한 것은 아니었는데요. 그래도 저는 제 첫 직장에 애정을 갖고 열심히 근무했습니다. 하지만 회사가 문을 닫고 보니 제가 그동안 보였던 노력과 열정이 아무 것도 아니었다는 생각이 들고 지금 다시 취업을 하는 것이 저에게는 커다란 장벽같이 느껴지기만 했습니다. 그래서 한동안 좌절하고 힘들었던 시기가 있었는데요. 그때 제가 읽었던 책 중에 좌절하지 말고 포기하지 않으면 결과가 있을 거라는 내용의 책이었습니다. 그 책이 저에게 굉장히 많은 도움이 되었고 그때부터 취업을 준비하면서 다시 일본어 공부도 하고 영어 공부도 같이 병행하면서 저는 장점들을 키워나가는 시간으로 썼습니다. 그리고 다시 어 지금 면접관님 앞에 서게 되었습니다.","wordCount":109},"emotion":[{"text":"제가 가장 힘들었던 시기는 대학을 졸업하고 취업했던 첫 회사가   이 년도 채 되지 않아 문을 닫았을 때였습니다.","expression":"u-fact","category":"neutral"},{"text":"그래서 한동안 좌절하고 힘들었던 시기가 있었는데요.","expression":"n-sadness","category":"positive"}],"intent":[{"text":"","expression":"","category":"attitude"}],"summary":{"text":"첫 회사가 문을 닫았을 때, 좌절하지 말고 포기하지 않으면 결과가 있을 거라는 책을 읽었습니다. 그 책이 굉장히 도움이 되었고 다시 일본어 공부도 하고 영어 공부도 병행하면서 장점들을 키워나가는 시간으로 썼습니다. 그리고 다시 면접관님 앞에 서게 되었습니다.","wordCount":36}}},"rawDataInfo":{"question":{"fileFormat":"wav","fileSize":480718,"duration":15020,"samplingBit":16,"channelCount":1,"samplingRate":"16kHz","audioPath":"/Mock/01.Management/Female/New/ckmk_q_bm_f_n_180096.wav"},"answer":{"fileFormat":"wav","fileSize":2370318,"duration":74070,"samplingBit":16,"channelCount":1,"samplingRate":"16kHz","audioPath":"/Mock/01.Management/Female/New/ckmk_a_bm_f_n_180096.wav"}}}