{"version":"1.0","dataSet":{"info":{"date":"20230116","occupation":"BM","channel":"MOCK","place":"ONLINE","gender":"FEMALE","ageRange":"45-54","experience":"NEW"},"question":{"raw":{"text":"지원자님이 생각하시기에 직무 지식 역량 태도 이 세 가지 요소 중에 가장 중요하다고 생각하시는 것과 그 이유를 얘기해 주세요","wordCount":19},"emotion":[],"intent":[]},"answer":{"raw":{"text":"어 직무 지식 역량 태도 이 세 가지 중에 가장 제가 중요하다고 생각하는 것은 역량이라고 생각합니다. 그러니까 직무 지식 같은 경우에는 개인별 편차는 있겠지만 그 일을 하면서 어 몰랐던 것도 사실 다 알아 갈 수 밖에 없는 것이고요. 태도 같은 경우는 뭐 그 성인이 돼서 뭐 기초적인 어떤 기본적인 소양 교육을 받았다면 정신 이상자가 아닌 이상에는 그런 태도나 이런 부분에 대해서 문제가 크게 될 거라고는 생각하지 않습니다. 근데 역량은 내가 노력해서 되는 사항은 좀 아니라고 생각하고 타고나야 된다고 생각을 해서요. 그 역량 있는 인재를 발굴하는 게 회사에서는 가장 중요하다고 생각합니다.","wordCount":90},"emotion":[],"intent":[{"text":"","expression":"","category":"attitude"}],"summary":{"text":"직무 지식 역량 태도 세 가지 중 가장 중요하다고 생각하는 것은 역량입니다. 역량은 제가 노력해서 되는 사항은 아니라고 생각하고 타고나야 된다고 생각을 해서요. 그 역량 있는 인재를 발굴하는 게 회사에서는 가장 중요합니다.","wordCount":32}}},"rawDataInfo":{"question":{"fileFormat":"wav","fileSize":377678,"duration":11800,"samplingBit":16,"channelCount":1,"samplingRate":"16kHz","audioPath":"/Mock/01.Management/Female/New/ckmk_q_bm_f_n_182041.wav"},"answer":{"fileFormat":"wav","fileSize":1933518,"duration":60420,"samplingBit":16,"channelCount":1,"samplingRate":"16kHz","audioPath":"/Mock/01.Management/Female/New/ckmk_a_bm_f_n_182041.wav"}}}