{"version":"1.0","dataSet":{"info":{"date":"20230116","occupation":"BM","channel":"MOCK","place":"ONLINE","gender":"FEMALE","ageRange":"-34","experience":"NEW"},"question":{"raw":{"text":"지금까지 인생을 살면서 가장 후회되는 일이 있으셨다면 어떤 일이 있으셨을까요 한 가지만 말씀 부탁드립니다","wordCount":14},"emotion":[],"intent":[]},"answer":{"raw":{"text":"도전도 하지 않고 포기했던 경험이 후회됩니다. 과거 어학연수를 갈 수 있었던 기회가 있었습니다. 그러나 어학연수를 가는 것은 기대되었지만 혼자 외국 살이를 장시간 해야 된다는 것에 대한 두려움이 있어서 그 기회를 포기했습니다. 그러나 지금 생각해보니 아주 좋았던 기회를 포기한 거였습니다. 혼자 사는 것이 두렵긴 하지만 언젠간 전 혼자 살아야 됩니다. 미래 시간이 지나고 저는 지금 혼자 살고 있는데 굉장히 잘 살고 있습니다. 혼자 사는 공간이 지금 한국에서 외국으로 변했다고 해서 크게 달라질 것은 없었다고 봅니다. 그러나 어릴 때 어릴 적이라 내 그 내 눈앞에 나와있는 기회가 얼마나 좋은 건지 몰랐고 그 기회를 쉽게 놓쳤습니다. 다시 돌아간다면 두려움보다는 도전 정신으로 그때의 경험을 다시 그때 다시 경험을 해보고 싶습니다. 후회하는 일을 극복하는 방법은 그 다 똑같은 후 똑같은 실수를 하지 않는 것입니다. 앞으로 저에게 도전할 수 있는 기회가 온다면 그 기회를 잡아서 꼭 도전하고 싶습니다.","wordCount":132},"emotion":[],"intent":[{"text":"","expression":"","category":"attitude"}],"summary":{"text":"과거 어학연수를 갈 수 있었던 기회를 혼자 외국 살이를 장시간 해야 된다는 두려움으로 포기했던 경험이 후회됩니다. 다시 돌아간다면 도전 정신으로 그때의 경험을 다시 그때 다시 경험을 해보고 싶습니다. 앞으로 도전할 수 있는 기회가 온다면 그 기회를 잡아 꼭 도전하고 싶은 생각합니다.","wordCount":41}}},"rawDataInfo":{"question":{"fileFormat":"wav","fileSize":476238,"duration":14880,"samplingBit":16,"channelCount":1,"samplingRate":"16kHz","audioPath":"/Mock/01.Management/Female/New/ckmk_q_bm_f_n_181178.wav"},"answer":{"fileFormat":"wav","fileSize":2694798,"duration":84210,"samplingBit":16,"channelCount":1,"samplingRate":"16kHz","audioPath":"/Mock/01.Management/Female/New/ckmk_a_bm_f_n_181178.wav"}}}