{"version":"1.0","dataSet":{"info":{"date":"20230116","occupation":"BM","channel":"MOCK","place":"ONLINE","gender":"FEMALE","ageRange":"45-54","experience":"NEW"},"question":{"raw":{"text":"어떤 문제에 부딪쳤을 때 지원자님은 혼자서 해결을 하는 편이신가요 아니면 여러 사람들에게 이야기를 하면서 해결을 하는 편이신가요","wordCount":17},"emotion":[],"intent":[]},"answer":{"raw":{"text":"아 글쎄요. 어떤 문제가 생겼을 때 혼자 해결하느냐 여러 사람들에게 얘기를 하는 편이냐 이거는 저한테는 어 딱히 한 가지로 말씀을 드리기는 어려울 것 같습니다. 그 문제 사안에 따라서 어 다르기 때문에 어 혼자인지 여러 사람한테 얘기를 하면서 해결을 하는 지에 대해서는 네 다 다르다고 말씀드릴 수 있구요. 어 당연히 이제 뭐 얘기해도 필요 없는 그런 사안이라면 혼자 힘들어도 해결을 해야 되는 것이고 나 혼자는 정말 안되고 아 여러 사람에 어떤 의견을 듣고 또 조언을 들어서 어떤 결정을 내려야 되고 또 어 제가 공부를 해야 된다면 그런 사안에 따라서 좀 다르다고 말씀드릴 수 있을 것 같습니다.","wordCount":95},"emotion":[],"intent":[{"text":"","expression":"","category":"attitude"}],"summary":{"text":"어떤 문제가 생겼을 때 혼자 해결하는지 여러 사람들에게 얘기를 하면서 해결을 하는 지에 대해서는 다르다고 말할 수 있고, 제가 공부를 해야 된다면 그런 사안에 따라 좀 다르다고 말씀을 할 수 있을 것 같습니다.","wordCount":33}}},"rawDataInfo":{"question":{"fileFormat":"wav","fileSize":544078,"duration":17000,"samplingBit":16,"channelCount":1,"samplingRate":"16kHz","audioPath":"/Mock/01.Management/Female/New/ckmk_q_bm_f_n_178467.wav"},"answer":{"fileFormat":"wav","fileSize":1778638,"duration":55580,"samplingBit":16,"channelCount":1,"samplingRate":"16kHz","audioPath":"/Mock/01.Management/Female/New/ckmk_a_bm_f_n_178467.wav"}}}