{"version":"1.0","dataSet":{"info":{"date":"20230116","occupation":"BM","channel":"MOCK","place":"ONLINE","gender":"FEMALE","ageRange":"-34","experience":"NEW"},"question":{"raw":{"text":"지원자님께서 배달의민족 앱을 사용하신 적이 있으신가요 사용하시면서 서비스적인 부분에서 아쉬웠던 점 부분이 있다면 어떤 건지 같이 말씀해 주시기 바랍니다","wordCount":19},"emotion":[],"intent":[]},"answer":{"raw":{"text":"배달의 민족을 사용하면서 아쉬웠던 서비스는 바로 어 그 음식에 도착하는 예상 시간을 알려주는 서비스입니다. 이 서비스를 배달의 민족에서 개발한 이유는 고객들이 어 음식을 받을 수 있는 음식이 오기까지의 시간을 미리 알고 그리고 식사를 준비하는 어 그런 용도로 만든 것인데 실제로 이 서비스가 제대로 제대로 이루어지지 않는다고 저는 생각합니다. 왜냐하면 식당 입장에서는 고객들이 어 그 식당에서 설정한 시간보다 음식이 늦게 도착하면 크레임을 걸 수 있다고 있으 있으니까 그렇다고 생각해요. 그래서 이런 서비스가 목적대로 잘 시행되지 않는다면 어떤 변화가 필요하다고 생각하고 변화가 어 잘 현실성이 없는 어 방향으로 변화가 이루어질 바에는 그 서비스를 종료하는 것도 어 좋은 방법이라고 생각합니다.","wordCount":97},"emotion":[],"intent":[{"text":"그래서 이런 서비스가 목적대로 잘 시행되지 않는다면 어떤 변화가 필요하다고 생각하고 변화가 어 잘 현실성이 없는 어 방향으로 변화가 이루어질 바에는 그 서비스를 종료하는 것도 어 좋은 방법이라고 생각합니다.","expression":"m_critical","category":"attitude"}],"summary":{"text":"배달의민족을 사용하면서 음식에 도착하는 예상 시간을 알려주는 서비스가 아쉬웠습니다. 식당 입장에서는 설정한 시간보다 음식이 늦게 도착하면 크레임을 걸 수 있으니 그렇습니다. 서비스가 목적대로 잘 시행되지 않는다면 서비스를 종료하는 것도 좋은 방법입니다.","wordCount":31}}},"rawDataInfo":{"question":{"fileFormat":"wav","fileSize":415758,"duration":12990,"samplingBit":16,"channelCount":1,"samplingRate":"16kHz","audioPath":"/Mock/01.Management/Female/New/ckmk_q_bm_f_n_178060.wav"},"answer":{"fileFormat":"wav","fileSize":2321998,"duration":72560,"samplingBit":16,"channelCount":1,"samplingRate":"16kHz","audioPath":"/Mock/01.Management/Female/New/ckmk_a_bm_f_n_178060.wav"}}}