{"version":"1.0","dataSet":{"info":{"date":"20230116","occupation":"BM","channel":"MOCK","place":"ONLINE","gender":"FEMALE","ageRange":"-34","experience":"NEW"},"question":{"raw":{"text":"저희 업무 특성상 야근이나 자 잔업 혹은 외근이 많아질 수도 있습니다 그래도 면접자님은 이것에 대해서 괜찮으신가요","wordCount":16},"emotion":[],"intent":[]},"answer":{"raw":{"text":"네 저도 익히 이 회사가 야근과 잔업 외근이 많다 라는 이야기를 굉장히 많이 들었습니다. 근데 저는 사실 전 회사에서도 외근이 굉장히 많은 편이었습니다. 그래서 다양하게 돌아다니면서 했었는데 그때 저는 또 돌아다니는 일이 굉장히 잘 맞더라고요. 그래서 저와 가장 맞는 일이다 라고 생각을 했었고 그리고 외근에 대해서 저는 나쁜 감정은 없는데요. 야근이나 잔업 같은 경우에는 물론 회사 시간 내에서 그 일을 다 수행하고 빠르게 일을 진행하는 것이 좋다고 생각을 하기 때문에 저는 야근이나 잔업은 조금 저와는 맞지 않다 라고 생각이 들지만 혹시 그런 일이 생긴다면 어쩔 수 없이 저도 해야 한다고 생각하기 때문에 야근이나 잔업까지도 최선을 다해서 열심히 하겠습니다. 그리고 저는 야근 같은 경우에는 사실 전 회사에서 프로 야근러라고 할 만큼 야근을 또 많이 해 왔기 때문에 또 적응되어 있기도 하고요. 그리고 빠르게 수행할 자신이 있습니다.","wordCount":125},"emotion":[],"intent":[{"text":"","expression":"","category":"attitude"}],"summary":{"text":"회사에서는 야근과 잔업이 많은데 저와 가장 맞는 일이라 생각합니다. 야근이나 잔업은 회사 시간 내에서 빠르게 일을 진행하는 것이 좋다고 생각합니다. 혹시 그런 일이 생긴다면 어쩔 수 없이 나도 최선을 다해서 열심히 하겠습니다. 그리고 프로 야근러라 할 만큼 많은 야근을 해 왔기 때문에 적응되어 있고 빠르게 수행할 자신이 있습니다.","wordCount":48}}},"rawDataInfo":{"question":{"fileFormat":"wav","fileSize":496718,"duration":15520,"samplingBit":16,"channelCount":1,"samplingRate":"16kHz","audioPath":"/Mock/01.Management/Female/New/ckmk_q_bm_f_n_175926.wav"},"answer":{"fileFormat":"wav","fileSize":2223438,"duration":69480,"samplingBit":16,"channelCount":1,"samplingRate":"16kHz","audioPath":"/Mock/01.Management/Female/New/ckmk_a_bm_f_n_175926.wav"}}}