{"version":"1.0","dataSet":{"info":{"date":"20230116","occupation":"BM","channel":"MOCK","place":"ONLINE","gender":"FEMALE","ageRange":"45-54","experience":"NEW"},"question":{"raw":{"text":"본인의 전공과 관련해서 최근 부족하다고 느끼시고 그것에 대해 따로 공부하고 있는 분야가 있나요","wordCount":13},"emotion":[],"intent":[]},"answer":{"raw":{"text":"어 저는 이제 회계 쪽에 어 사실 뭐 기본적인 뭐 회계 이론이나 이런 부분은 공부를 했지만 사실 요즘은 회계 뭐 장부라든지 이런 부분을 쓰지 않고 다 그 컴퓨터 부분으로 작업을 하지 않습니까. 근데 이제 그런 걸 하는 게 어 저는 좀 어렵고 낯설고 하다 보니 그 세무 관련 컴퓨터 업무를 좀 원활히 하기 위해서 그쪽에 좀 공부를 하고 있구요. 사실은 제가 뭐 숫자라든지 이런 세무 쪽은 딱히 좋아하지는 않지만 업무적으로 어 제가 필요하다고 생각하기 때문에 공부하고 있는 것 같습니다.","wordCount":79},"emotion":[],"intent":[{"text":"","expression":"","category":"attitude"}],"summary":{"text":"업무적으로 필요하다고 생각하기 때문에 회계 관련 컴퓨터 업무를 원활히 하기 위해서 컴퓨터 부분에 대한 공부를 하고 있고, 업무적으로 필요로 하기 때문에 공부하고 있는 것 같습니다.","wordCount":25}}},"rawDataInfo":{"question":{"fileFormat":"wav","fileSize":268878,"duration":8400,"samplingBit":16,"channelCount":1,"samplingRate":"16kHz","audioPath":"/Mock/01.Management/Female/New/ckmk_q_bm_f_n_178468.wav"},"answer":{"fileFormat":"wav","fileSize":1826638,"duration":57080,"samplingBit":16,"channelCount":1,"samplingRate":"16kHz","audioPath":"/Mock/01.Management/Female/New/ckmk_a_bm_f_n_178468.wav"}}}