{"version":"1.0","dataSet":{"info":{"date":"20230116","occupation":"BM","channel":"MOCK","place":"ONLINE","gender":"FEMALE","ageRange":"-34","experience":"NEW"},"question":{"raw":{"text":"경험해 보셨던 대외 활동을 진행할 때 어떠한 마음가짐으로 임하였고 각 활동을 통해 어떤 것을 배웠는지 설명해 주세요","wordCount":17},"emotion":[],"intent":[]},"answer":{"raw":{"text":"저는 다수의 대외 활동을 해왔는데 제가 가장 재미있었던 대회 활동 중의 하나가 제가 미인대회 나간 적이 있었는데요. 그때 저는 사실 그냥 한 줄 쓰려고 나갔던 거였는데 그때 다수의 친구들을 보고 정말 열정 있게 하는 모습을 봤을 때 아 나도 열심히 살아야겠다 라는 생각이 들어서 더욱더 저도 열정 있게 임했던 것 같고 그리고 함께 합숙을 이 주 정도 했었는데 합숙 기간 내에서 다른 사람들과 협동하는 법도 배웠지만 같이 어떻게 하면 조금 더 돋보일 수 있을까 그리고 저만의 특색을 좀 살려야겠다 라는 생각도 들면서 좀 제 시야가 넓어지는 계기가 될 것 같았습니다. 그래서 그런 계기를 통해서 저는 제가 더 발전되었기 때문에 저는 대외 활동 중에 가장 재미있기도 했고 저에게 뜻깊었던 대외 활동이 아니었나 라는 생각이 많이 듭니다.","wordCount":115},"emotion":[],"intent":[{"text":"그때 저는 사실 그냥 한 줄 쓰려고 나갔던 거였는데 그때   다수의 친구들을 보고 정말 열정 있게 하는 모습을 봤을 때 아 나도 열심히 살아야겠다 라는 생각이 들어서 더욱더 저도 열정 있게 임했던 것 같고 그리고   함께 합숙을 이 주 정도 했었는데 합숙 기간 내에서 다른 사람들과 협동하는 법도 배웠지만 같이 어떻게 하면 조금 더   돋보일 수 있을까 그리고 저만의 특색을 좀 살려야겠다 라는 생각도 들면서 좀 제 시야가 넓어지는 계기가 될 것 같았습니다.","expression":"c_chl","category":"personality"}],"summary":{"text":"저는 다수의 대외 활동을 해왔는데, 미인대회에서 다수의 친구들을 보며 열정적으로 임했던 적이 있습니다. 함께 합숙을 하면서 협동하는 법도 배웠지만 저만의 특색을 좀 살려야하는데 라는 생각을 했습니다. 그런 계기를 통해서 제가 더 발전되었기 때문에 뜻깊었던 대외 활동이었습니다.","wordCount":36}}},"rawDataInfo":{"question":{"fileFormat":"wav","fileSize":327758,"duration":10240,"samplingBit":16,"channelCount":1,"samplingRate":"16kHz","audioPath":"/Mock/01.Management/Female/New/ckmk_q_bm_f_n_176397.wav"},"answer":{"fileFormat":"wav","fileSize":2177358,"duration":68040,"samplingBit":16,"channelCount":1,"samplingRate":"16kHz","audioPath":"/Mock/01.Management/Female/New/ckmk_a_bm_f_n_176397.wav"}}}