{"version":"1.0","dataSet":{"info":{"date":"20230116","occupation":"BM","channel":"MOCK","place":"ONLINE","gender":"FEMALE","ageRange":"35-44","experience":"NEW"},"question":{"raw":{"text":"네 지원자께서 따로 준비하고 계신 프로젝트가 있습니까","wordCount":7},"emotion":[],"intent":[]},"answer":{"raw":{"text":"지금 현재는 따로 팀을 꾸려서 진행하고 있는 프로젝트는 없습니다. 아주 예전에 제가 어 팀을 꾸리기 보다는 그 팀의 일원이 되어서 일을 진행한 적이 있습니다. 어 주로 꿈에 학교라고 해서 우리 지역에 있는 청소년들을 모집하여 그 청소년들에게 역사나 뭐 지식 같은 것을 알려주는 활동이었습니다. 그때 저와 다른 선생님이 세 명이 같이 힘을 합쳐서 어 팀을 무사히 완 어 끝낼 수 있었던 것 같았습니다.","wordCount":62},"emotion":[],"intent":[{"text":"","expression":"","category":"attitude"}],"summary":{"text":"현재 따로 팀을 꾸려서 진행하고 있는 프로젝트는 없습니다. 예전에 꿈의 학교에서 청소년들에게 역사나 지식 같은 것을 알려주는 활동을 한 적이 있습니다.","wordCount":21}}},"rawDataInfo":{"question":{"fileFormat":"wav","fileSize":242638,"duration":7580,"samplingBit":16,"channelCount":1,"samplingRate":"16kHz","audioPath":"/Mock/01.Management/Female/New/ckmk_q_bm_f_n_178851.wav"},"answer":{"fileFormat":"wav","fileSize":2845838,"duration":88930,"samplingBit":16,"channelCount":1,"samplingRate":"16kHz","audioPath":"/Mock/01.Management/Female/New/ckmk_a_bm_f_n_178851.wav"}}}