{"version":"1.0","dataSet":{"info":{"date":"20230116","occupation":"BM","channel":"MOCK","place":"ONLINE","gender":"FEMALE","ageRange":"-34","experience":"NEW"},"question":{"raw":{"text":"기차가 운하 운행을 하다가 산사태로 삼십 분 동안 정차가 되는 상황이 벌어졌습니다 이때 관리 책임의 위치에 있다면 지원자님께서는 어떻게 조치하실 것입니까","wordCount":21},"emotion":[],"intent":[]},"answer":{"raw":{"text":"기차가 운행 시 산사태로 삼십 분 동안 정차가 되면 이때 관리 책임에 위치에 있다면 제가 어떻게 조치할 것인가. 저도 좀 끔찍한 상황인데요. 사실 이런 일은 천재 지변이기 때문에 제가 막을 수 없는 일이라고 생각을 합니다. 그래서 물론 당황되겠지만 삼십 분 동안 정차할 동안 제가 제일 먼저 승객분들을 에게 먼저 안전의 책임감을 갖고 먼저 말씀을 드릴 것 같습니다. 그래서 저희가 다 책임을 질 테니까 일단은 자리에 앉아 주시기 바란다고 이야기를 할 것 같고 그리고 정차된 삼십 분 동안 아 시간을 어떻게 하면 승객분들에게 조금 위험하지 않게 걱정하지 않게 끌 수 있을까를 먼저 고민을 할 것 같아요. 그때 저 같으면 일단은 그 삼십 분 시간이 많이 승객 분들에게 좀 중요한 시간이 될 수가 있잖아요. 그래서 그 시간에 대해서 책임감을 좀 통감하고 어 사과 멘트를 먼저 하고 그리고 뭐 같이 대화를 나눈다던가 뭐 음식물을 드린다던가 좀 새로운 방법을 모색할 것 같습니다.","wordCount":138},"emotion":[],"intent":[{"text":"","expression":"","category":"attitude"}],"summary":{"text":"기차가 운행 시 산사태로 십 분 동안 정차될 때 관리 책임에 있다면 어떻게 조치할 것인가. 천재 지변이기 때문에 막을 수 없는 일이고 제가 먼저 승객분들에게 안전의 책임감을 갖고 말씀을 드릴 것 같습니다. 그리고 정차된 시간이 승객들에게 중요한 시간이 될 수 있으니 책임감을 통감하고 새로운 방법을 모색할 것입니다.","wordCount":47}}},"rawDataInfo":{"question":{"fileFormat":"wav","fileSize":425678,"duration":13300,"samplingBit":16,"channelCount":1,"samplingRate":"16kHz","audioPath":"/Mock/01.Management/Female/New/ckmk_q_bm_f_n_175750.wav"},"answer":{"fileFormat":"wav","fileSize":2703438,"duration":84480,"samplingBit":16,"channelCount":1,"samplingRate":"16kHz","audioPath":"/Mock/01.Management/Female/New/ckmk_a_bm_f_n_175750.wav"}}}