{"version":"1.0","dataSet":{"info":{"date":"20230116","occupation":"BM","channel":"MOCK","place":"ONLINE","gender":"FEMALE","ageRange":"45-54","experience":"NEW"},"question":{"raw":{"text":"만약에 지원자님께서 지금 어 지원하신 직무가 아닌 다른 부서에 배치가 되신다면 어떻게 하실지 말씀해 주세요","wordCount":15},"emotion":[],"intent":[]},"answer":{"raw":{"text":"어 사실 저는 그 이 직무에 지원을 했지만 잘 할 수 있다고 생각을 해서 지원을 했구요. 그렇지만 제가 인생을 살아오면서 또 회사 업무 자체를 저 혼자 하는 건 아니기 때문에 이 지원한 직무에 그 배치가 된다면 뭐 재미있게 즐거운 마음으로 하겠습니다만 또 그렇지 않다고 해서 어 너무 낙담하거나 그럴 일도 아니라 생각하고 제 마음대로 되는 일은 없다 생각합니다. 또 다른 부서에 배치된다면 그 부서에 또 적응을 해서 일을 배우고 처리해야 될 것 같구요. 뭐 계속 하다 보면 또 거기에 또 제 능력 발휘를 할 수가 있을 것 같고 정 그 직무에 맞지 않는다 생각을 하면 내가 원하는 직무 관련한 역량을 좀 더 키워서 그 일을 제가 어 내가 하고 싶어서가 아니라 다른 사람들이 알아서 시켜줄 수 있는 그런 능력을 키워야 된다고 생각합니다.","wordCount":122},"emotion":[],"intent":[{"text":"","expression":"","category":"attitude"}],"summary":{"text":"저는 이 직무에 잘 할 수 있다고 생각하여 지원했습니다. 하지만 업무 자체를 혼자 하는 게 아니기에 지원한 직무에 배치된다면 낙담할 일은 없다고 생각합니다. 다른 부서에 배치되면 적응을 하고 계속 하다 보면 제 능력 발휘를 할 수 있을 것 같습니다.","wordCount":39}}},"rawDataInfo":{"question":{"fileFormat":"wav","fileSize":474318,"duration":14820,"samplingBit":16,"channelCount":1,"samplingRate":"16kHz","audioPath":"/Mock/01.Management/Female/New/ckmk_q_bm_f_n_182037.wav"},"answer":{"fileFormat":"wav","fileSize":2186638,"duration":68330,"samplingBit":16,"channelCount":1,"samplingRate":"16kHz","audioPath":"/Mock/01.Management/Female/New/ckmk_a_bm_f_n_182037.wav"}}}