{"version":"1.0","dataSet":{"info":{"date":"20230116","occupation":"BM","channel":"MOCK","place":"ONLINE","gender":"FEMALE","ageRange":"45-54","experience":"NEW"},"question":{"raw":{"text":"업무 시 분쟁이 발생할 때를 대비한 지원자님이 생각한 대처법이 있나요 있다면 어떤 대처법인지 궁금합니다","wordCount":14},"emotion":[],"intent":[]},"answer":{"raw":{"text":"어 업무 분쟁이 발생할 때를 대비해서는요. 아 내 업무에 대해서 정말 정확하고 깊게 잘 알고 있어야 된다고 생각을 합니다. 그리고 이제 내 업무는 기본으로 어 잘 알고 있어야 하고 전체적인 맥락으로 그 업무 자체의 흐름을 잘 알고 있어야 된다 생각을 하구요. 어 그랬을 때 분쟁이 발생했을 때는 어 나의 잘못이 아님을 잘 말할 수도 있을 것 같고 또 분쟁에 발생이 됐을 때 그걸 어떻게 풀어 나가야 하는지 어떤 흐름이라든지 내 업무를 잘 알고 있다면 어 그 해결 방안도 잘 찾을 수 있을 거기 때문에 어 내 업무 파악 그리고 전체적인 그 흐름을 잘 파악하고 있어야 된다고 생각합니다.","wordCount":97},"emotion":[],"intent":[{"text":"","expression":"","category":"attitude"}],"summary":{"text":"업무 분쟁 발생 시 제 업무에 대해 잘 알고 있어야 해결 방안도 찾을 수 있기 때문에 제 업무 파악 그리고 전체적인 그 흐름을 잘 파악하고 있어야 된다고 생각합니다.","wordCount":28}}},"rawDataInfo":{"question":{"fileFormat":"wav","fileSize":389198,"duration":12160,"samplingBit":16,"channelCount":1,"samplingRate":"16kHz","audioPath":"/Mock/01.Management/Female/New/ckmk_q_bm_f_n_182167.wav"},"answer":{"fileFormat":"wav","fileSize":1988558,"duration":62140,"samplingBit":16,"channelCount":1,"samplingRate":"16kHz","audioPath":"/Mock/01.Management/Female/New/ckmk_a_bm_f_n_182167.wav"}}}