{"version":"1.0","dataSet":{"info":{"date":"20230116","occupation":"BM","channel":"MOCK","place":"ONLINE","gender":"FEMALE","ageRange":"-34","experience":"NEW"},"question":{"raw":{"text":"지원자님께서 상사가 회사의 이익에 반하는 행동을 직접 목격하게 되었습니다 그때 어떻게 행동하실 건가요","wordCount":13},"emotion":[],"intent":[]},"answer":{"raw":{"text":"상사가 회사의 이익에 반하는 행동을 직접 목격했을 때 저는 일단 상황 파악을 정확히 하도록 노력하겠습니다. 정말 상사가 회사의 이익에 반하는 행동을 한 것인지 아니면 제가 오해를 하여 그렇게 보였던 것인지 상황 파악이 중요하다 라고 생각합니다. 회사의 이익에 반하는 행동을 하는 것은 매우 위험한 일이기 때문에 섣불리 다른 사람들에게 공유하거나 판단하는 것은 어려울 것이라고 생각됩니다. 그러므로 이 상황이 어떻게 벌어진 것인지 이 상황이 진짜로 그렇게 벌어진 것인지 상황 파악을 정확히 하고 만약에 정말로 상사가 회사의 이익에 반하는 행동을 했다면 어 더 높은 상사에게 보고 드릴 것 같습니다. 왜냐하면 회사의 이익에 바라는 행동을 하는 것은 개인의 양심의 문제이기도 하지만 회사 구성원으로서 큰 어 문제고 이것은 큰 위험성이 있다 라고 생각합니다. 그러므로 더 큰 문제가 발생하기 전에 더 높은 상사에게 이 일을 보고하고 이 일이 제대로 처리될 수 있도록 저는 행동하겠습니다. 아마도 그렇게 하는 것이 저는 옳다 라고 생각합니다.","wordCount":136},"emotion":[],"intent":[{"text":"","expression":"","category":"attitude"}],"summary":{"text":"회사 이익에 반하는 행동을 직접 목격했을 때 상황 파악을 정확히 하도록 노력하겠습니다. 만약 정말로 상사가 회사의 이익에 반한다면 더 높은 상사에게 보고할 것 같습니다. 왜냐하면 개인의 양심의 문제이기도 하지만 회사 구성원으로서 큰 어 문제고 이것은 큰 위험성이 있다 라고 생각합니다.","wordCount":40}}},"rawDataInfo":{"question":{"fileFormat":"wav","fileSize":304718,"duration":9520,"samplingBit":16,"channelCount":1,"samplingRate":"16kHz","audioPath":"/Mock/01.Management/Female/New/ckmk_q_bm_f_n_182671.wav"},"answer":{"fileFormat":"wav","fileSize":2678478,"duration":83700,"samplingBit":16,"channelCount":1,"samplingRate":"16kHz","audioPath":"/Mock/01.Management/Female/New/ckmk_a_bm_f_n_182671.wav"}}}