{"version":"1.0","dataSet":{"info":{"date":"20230116","occupation":"BM","channel":"MOCK","place":"ONLINE","gender":"FEMALE","ageRange":"35-44","experience":"NEW"},"question":{"raw":{"text":"특별히 가고 싶은 회사가 있나요 특정 도메인이 중요한지 회사의 분위기가 중요한지 어떤 점을 중점적으로 보는지 말씀해 주세요","wordCount":17},"emotion":[],"intent":[]},"answer":{"raw":{"text":"저는 어 회사에서 일을 할 때 음 끼니를 챙기는 게 좀 중요한 요소라고 생각을 하고 있습니다. 그래서 항상 어 점심시간이 보장이 잘 되는지 혹은 좀 자율로 운영하되 그 시간만큼은 지켜주는 곳인지를 좀 따지는 편이구요. 그리고 그 회사에 구내 식당이 있는지도 체크를 합니다. 구내 식당이 없는 규모의 회사는 잘 가지 않게 되더라구요. 일단은 밥을 계속 사 먹는 게 한계가 있고 그래도 구내 식당이 잘 마련되어 있어야 특별하게 먹고 싶은 음식이 없을 때 그냥 편하게 가서 밥을 먹을 수 있고 그리고 혹시라도 저녁까지 챙기게 된다면 석식도 운영을 하는 그런 회사를 좀 선호하는 편입니다. 저는 밥심으로 일하는 게 되게 중요한 사람이라서 회사를 선택할 때 좀 그런 것들을 중점으로 두고 있기는 합니다. 아무리 제가 좋은 회사라고 해도 그게 갖춰져 있지 않으면 아니라고 생각합니다.","wordCount":119},"emotion":[],"intent":[{"text":"","expression":"","category":"attitude"}],"summary":{"text":"저는 회사에서 일을 할 때 끼니를 챙기는 게 중요한 요소라고 생각하며, 점심시간이 보장이 잘 되는지 혹은 자율로 운영하되 그 시간만큼은 지켜주는 곳인지를 따지는 편입니다. 그리고 그 회사에 구내 식당이 있는지 체크를 합니다. 밥심으로 일하는 게 중요한 사람이라 회사를 선택할 때 그런 것들을 중점으로 둡니다.","wordCount":44}}},"rawDataInfo":{"question":{"fileFormat":"wav","fileSize":384078,"duration":12000,"samplingBit":16,"channelCount":1,"samplingRate":"16kHz","audioPath":"/Mock/01.Management/Female/New/ckmk_q_bm_f_n_181765.wav"},"answer":{"fileFormat":"wav","fileSize":2810958,"duration":87840,"samplingBit":16,"channelCount":1,"samplingRate":"16kHz","audioPath":"/Mock/01.Management/Female/New/ckmk_a_bm_f_n_181765.wav"}}}