{"version":"1.0","dataSet":{"info":{"date":"20230116","occupation":"BM","channel":"MOCK","place":"ONLINE","gender":"FEMALE","ageRange":"-34","experience":"NEW"},"question":{"raw":{"text":"지원자님께서는 팀원의 업무에 더 잘 맞는 사람인지 혹은 팀장이 되어서 팀을 이끌어 나가는 업무에 대해서 조금 더 잘 맞는 사람인지 그 이유와 함께 본인의 스타일을 이야기해 주시면 좋겠습니다","wordCount":28},"emotion":[],"intent":[]},"answer":{"raw":{"text":"네 저는 팀장보다는 팀원에 더 잘 맞을 것 같고요. 이렇게 이야기하는 이유는 제가 조별 과제라던지 아니면은 그런 커뮤니티 상황에서 그런 조별 조별의 조장보다는 조원 역할을 많이 했었습니다. 하지만 제가 다른 분들과 차별화된 것은 어떠한 의견들이 있을 때 그것을 조율하고 다른 사람들의 의견을 듣고 거기에 맞춰서 조장님께 이야기해서 함께 나아가는 그런 역할을 했었는데요. 때로는 서로의 생각이 강한 팀원들이 있다면 그것을 중재하는 중재자 역할을 하기도 했습니다. 그리고 실제로 그것은 팀장님과 여기서는 팀장님이고 이제 뭐 조원 조장님들과 제가 그런 식으로 협엽을 했었을 때는 더 긍정적으로 잘 끝났던 경험들이 많은데요. 그래서 저는 모든 이 것들을 이것들 이것이라면 조금 웃기네요. 네 이 팀원들을 끌고 가는 자기 주장이 강한 팀장보다는 그 안에서 사람들과 대화를 많이 나누고 상황을 조율하는 그런 팀원이 잘 맞다 라고 말씀해 드릴 수 있을 것 같습니다.","wordCount":123},"emotion":[],"intent":[{"text":"","expression":"","category":"attitude"}],"summary":{"text":"팀원을 이끌어 가는 자기 주장이 강한 팀장보다는 그 안에서 사람들과 대화를 많이 나누고 상황을 조율하는 그런 팀원이 잘 맞다 라고 말씀해드릴 수 있을 것 같습니다.","wordCount":25}}},"rawDataInfo":{"question":{"fileFormat":"wav","fileSize":639438,"duration":19980,"samplingBit":16,"channelCount":1,"samplingRate":"16kHz","audioPath":"/Mock/01.Management/Female/New/ckmk_q_bm_f_n_169453.wav"},"answer":{"fileFormat":"wav","fileSize":2267598,"duration":70860,"samplingBit":16,"channelCount":1,"samplingRate":"16kHz","audioPath":"/Mock/01.Management/Female/New/ckmk_a_bm_f_n_169453.wav"}}}