{"version":"1.0","dataSet":{"info":{"date":"20230116","occupation":"BM","channel":"MOCK","place":"ONLINE","gender":"FEMALE","ageRange":"-34","experience":"NEW"},"question":{"raw":{"text":"본인이 생각했을 때 동물 실험이 인간에게 주는 이익에 대해서 한 번 말씀해 주세요 그리고 동물 실험에 대한 지원자님의 생각도 어떤 것인지 궁금합니다","wordCount":22},"emotion":[],"intent":[]},"answer":{"raw":{"text":"동물 실험이 인간에게 주는 이익에 대해서는 어 인간이 직접 테스트 해볼 수 없는 그런 부작용을 모르는 화장품이나 음 식품에 관련해서 연구를 진행하는 데 도움이 된다고 생각합니다. 하지만 저는 동물 실험에 대해서 어 부정적인 시각을 가지고 있고 반대하는 입장입니다. 왜냐하면 저희가 인간이라는 이유만으로 다른 생명체를 해칠 수 있는지에 대해서 의문이 들기 때문입니다. 그래서 앞으로 과학이 더욱 발전한다면 인공 피부를 배양해서 거기에다가 어 저희 인간이 쓰는 화장품이나 그리고 먹거리에 대해서 어 실험을 해볼 수 있다고 생각하고 그런 그런 미래가 빨리 왔으면 좋겠다는 생각을 합니다.","wordCount":82},"emotion":[],"intent":[{"text":"하지만 저는 동물 실험에 대해서 어 부정적인 시각을 가지고 있고 반대하는 입장입니다.","expression":"c_value","category":"background"}],"summary":{"text":"동물실험이 인간에게 주는 이익은 화장품이나 식품 관련 연구 진행에 도움이 될 수 있다고 생각합니다. 하지만 인간은 다른 생명체를 해칠 수 있는지에 대한 의문이 들기 때문에 동물실험에 대해 부정적인 시각을 가지고 있습니다.","wordCount":31}}},"rawDataInfo":{"question":{"fileFormat":"wav","fileSize":459598,"duration":14360,"samplingBit":16,"channelCount":1,"samplingRate":"16kHz","audioPath":"/Mock/01.Management/Female/New/ckmk_q_bm_f_n_175083.wav"},"answer":{"fileFormat":"wav","fileSize":1929038,"duration":60280,"samplingBit":16,"channelCount":1,"samplingRate":"16kHz","audioPath":"/Mock/01.Management/Female/New/ckmk_a_bm_f_n_175083.wav"}}}