{"version":"1.0","dataSet":{"info":{"date":"20230116","occupation":"BM","channel":"MOCK","place":"ONLINE","gender":"FEMALE","ageRange":"-34","experience":"NEW"},"question":{"raw":{"text":"지원자님께서 이전 회사 경력들이 좀 있으신데 이전 직장에서 퇴사하시고 퇴사한 것을 후회하신 적이 있는지 궁금합니다 후회한 적이 있다면 왜 그렇게 후회를 하게 되었는지도 함께 말씀해 주십시오","wordCount":26},"emotion":[],"intent":[]},"answer":{"raw":{"text":"이전 직장에서 퇴사한 후 퇴사한 것 후회한 적 저는 지금까진 없습니다. 퇴사를 할 때 저는 이직을 항상 염두에 두고 퇴사를 했기 때문에 걱정한 적 없었고요. 저는 끝까지 최선을 다했고 아 이제 여기서는 제가 발전되기 어렵겠다 라고 생각했을 때 저는 왔습니다. 그래서 딱히 후회한 적은 없었던 것 같고 어 퇴사 후에 하지만 제가 한 번 후회한 적이 있었던 게 제가 퇴사 전에 같이 지냈던 직원들과 이별을 할 때 좀 슬프더라고요. 그래도 몇 년 동안 같이 함께 했던 사람들과 이제는 사실 일 일에서는 여덟 시간씩 같이 얼굴을 보면서 많이 정이 들었는데 이제 그 정을 떼야 된다고 생각하니까 저는 그런 점이 좀 슬펐던 것 같고 그래 그래도 그 직원분들과 지금도 소통하면서 잘 지내고 있거든요. 그러면서 조금 아 같이 일하면 더욱더 좋았을 것 같다. 오랜 시간 같이 보내면 조금 더 좋았을 텐데 아쉽다 라는 생각이 들면서 그때는 사실 좀 후회하는 감정도 있었지만 지금은 또 이제 새로운 도전을 하고 새로운 회사에 들어갈 생각에 후회는 없습니다.","wordCount":150},"emotion":[{"text":"그래서 딱히 후회한 적은 없었던 것 같고   어 퇴사 후에 하지만 제가 한 번 후회한 적이 있었던 게 제가 퇴사 전에 같이 지냈던 직원들과 이별을 할 때 좀 슬프더라고요.","expression":"n-sadness","category":"positive"}],"intent":[{"text":"","expression":"","category":"attitude"}],"summary":{"text":"이전 직장에서 퇴사한 후 후회한 적 없습니다. 이직을 항상 염두에 두고 퇴사를 했기 때문에 걱정한 적 없고, 저는 끝까지 최선을 다했고 발전되기 어렵겠다고 생각했을 때 왔습니다. 퇴사 전에 같이 지냈던 직원들과 이별을 할 때 슬프기도 하고, 함께 일하면 더 좋았을 텐데 아쉽기도 했지만 지금은 새로운 도전을 하고 있습니다.","wordCount":48}}},"rawDataInfo":{"question":{"fileFormat":"wav","fileSize":666958,"duration":20840,"samplingBit":16,"channelCount":1,"samplingRate":"16kHz","audioPath":"/Mock/01.Management/Female/New/ckmk_q_bm_f_n_175748.wav"},"answer":{"fileFormat":"wav","fileSize":2376398,"duration":74260,"samplingBit":16,"channelCount":1,"samplingRate":"16kHz","audioPath":"/Mock/01.Management/Female/New/ckmk_a_bm_f_n_175748.wav"}}}