{"version":"1.0","dataSet":{"info":{"date":"20230116","occupation":"BM","channel":"MOCK","place":"ONLINE","gender":"FEMALE","ageRange":"45-54","experience":"NEW"},"question":{"raw":{"text":"얼마 전 굉장히 안타까운 사건이 있었죠 구급 대원이 주취자에게 폭행을 당해서 순직 당하는 일이 있었잖아요 이 사건에 대해서 어떻게 생각하는지 본인의 의견을 말씀해 주시면 되겠습니다","wordCount":25},"emotion":[],"intent":[]},"answer":{"raw":{"text":"아 네 맞습니다. 이 뉴스를 저도 어 접해서 잘 알고 있구요. 어 이 분이 이제 여자분이었다는 것도 알고 있습니다. 물론 이게 뭐 여자분이어서 이런 일이 있었다 이런 말씀을 드리고 싶은 건 아니구요. 사실 술에 취했다고 그래서 모든 사람들이 어 이렇지는 않지만 개중에 이렇게 이상한 짓들을 하는 사람들이 있고 어 너무 안타까운 일이었는데요. 사실 이런 일을 좀 없애기 위해서는 소방 대원들에 뭐 어떤 복장이라든지 이런 것도 쫌 어 위험하지 않은 그런 어 그 보호를 할 수 있는 복장을 좀 마련을 해 준다던지 또 소방 대원의 수를 좀 늘리면 거기에 쪼끔 더 많은 대원이 있었다면 이런 안타까운 일이 벌어지지 않았을까 그런 생각을 잠시 해 봤던 것 같습니다.","wordCount":105},"emotion":[],"intent":[{"text":"","expression":"","category":"attitude"}],"summary":{"text":"안타까운 일입니다. 이런 일을 없애기 위해서는 소방 대원들에 위험하지 않은 복장을 마련을 해 준다면 이런 일이 벌어지지 않았을 것입니다.","wordCount":19}}},"rawDataInfo":{"question":{"fileFormat":"wav","fileSize":630798,"duration":19710,"samplingBit":16,"channelCount":1,"samplingRate":"16kHz","audioPath":"/Mock/01.Management/Female/New/ckmk_q_bm_f_n_175267.wav"},"answer":{"fileFormat":"wav","fileSize":2279758,"duration":71240,"samplingBit":16,"channelCount":1,"samplingRate":"16kHz","audioPath":"/Mock/01.Management/Female/New/ckmk_a_bm_f_n_175267.wav"}}}