{"version":"1.0","dataSet":{"info":{"date":"20230116","occupation":"BM","channel":"MOCK","place":"ONLINE","gender":"FEMALE","ageRange":"-34","experience":"NEW"},"question":{"raw":{"text":"현재 우리나라의 기업들이 전체 프로세스나 각각의 역할 내에 다들 잘 하고 있다고 생각하시는지 질문자님께서 답변 부탁드립니다","wordCount":16},"emotion":[],"intent":[]},"answer":{"raw":{"text":"창업과 벤처기업 우리나라가 선진 경제국의 대열에 합류하기 위해서는 기업 규모가 커 국제경제를 리드하는 대기업의 역할도 중요하겠지만 그에 못지않게 내실이 알찬 중소기업들이 많아야 한다고 생각합니다. 기술 혁신이 경제 발전의 촉매 역할을 하고 있는 현재 산업에서 이러한 균형은 정말 중요하다고 생각합니다. 또한 아이티 기업의 기술 혁신과 개발을 무엇보다도 세계 시장을 선도하기 위해 필요한 분야입니다. 프로세스 같은 경우는 수직적인 프로세스가 아닌 수평적인 프로세스를 지향하는 문화로 발전해 나갈 필요성은 있다고 생각합니다.","wordCount":67},"emotion":[],"intent":[{"text":"","expression":"","category":"attitude"}],"summary":{"text":"우리나라의 선진 경제국 대열에 합류하기 위해서는 내실이 알찬 중소기업들이 많아야 합니다. 기술 혁신과 개발, 프로세스 같은 경우는 수평적인 프로세스를 지향하는 문화로 발전해 나갈 필요성이 있다고 생각합니다.","wordCount":26}}},"rawDataInfo":{"question":{"fileFormat":"wav","fileSize":457678,"duration":14300,"samplingBit":16,"channelCount":1,"samplingRate":"16kHz","audioPath":"/Mock/01.Management/Female/New/ckmk_q_bm_f_n_178335.wav"},"answer":{"fileFormat":"wav","fileSize":1717518,"duration":53670,"samplingBit":16,"channelCount":1,"samplingRate":"16kHz","audioPath":"/Mock/01.Management/Female/New/ckmk_a_bm_f_n_178335.wav"}}}