{"version":"1.0","dataSet":{"info":{"date":"20230116","occupation":"BM","channel":"MOCK","place":"ONLINE","gender":"FEMALE","ageRange":"-34","experience":"NEW"},"question":{"raw":{"text":"다른 계열사도 굉장히 많이 있습니다 그런데 이 계열사에 지원해 준 특별한 이유가 있나요 그 이유에 대해 알고 싶습니다","wordCount":18},"emotion":[],"intent":[]},"answer":{"raw":{"text":"다른 계열사도 많이 있으 있지만 이 계열사에 특별히 제가 지원한 이유는 어 이 제가 이 주변에 살고 있습니다 사실. 그래서 여기에 출퇴근하는 사람들의 표정을 보는 본 적이 많은데요. 이 계열사가 특별히 어 출퇴근하는 직원들의 얼굴을 봤을 때 어 힘들거나 짜증스럽게 느껴지는 사람보다는 어 즐겁게 출퇴근하는 사람들이 많았기 때문에 이 계열사에 지원을 하게 되었고요. 그리고 출근 시간과 퇴근시간이 너무 늘어지지 않고 지켜지는 것 때문에 어 이 회사를 지원한 점도 있습니다. 어 직원으로서 회사에서 일할 때 워 일 과 그리고 휴식의 그 밸런스를 잡는 것도 저는 참 중요하다고 생각하는데요. 어 워 워라벨이 지켜지는 이 계열사의 계열사만의 그런 음 장점이 저에게 와 닿았고 어 이런 장점이 저에 제가 일을 해 나가는 데 있어서 어 중요한 동력이 될 것 같습니다.","wordCount":116},"emotion":[],"intent":[{"text":"이 계열사가 특별히 어   출퇴근하는 직원들의 얼굴을 봤을 때 어 힘들거나 짜증스럽게 느껴지는 사람보다는 어 즐겁게 출퇴근하는 사람들이 많았기 때문에   이 계열사에 지원을 하게 되었고요.","expression":"c_sincere_job","category":"etc"},{"text":"그리고 출근 시간과 퇴근시간이    너무 늘어지지 않고 지켜지는 것 때문에 어 이 회사를 지원한 점도 있습니다.","expression":"c_sincere_job","category":"etc"}],"summary":{"text":"이 계열사의 직원들은 즐거운 출퇴근을 하는 사람들이 많아서 지원을 하게 되었고, 출근 시간과 퇴근시간이 지켜지는 것 때문에 이 회사를 지원한 점도 있습니다. 워라벨이 지켜지는 계열사의 장점은 제가 일을 해 나가는 데 동력이 될 것 같습니다.","wordCount":35}}},"rawDataInfo":{"question":{"fileFormat":"wav","fileSize":364878,"duration":11400,"samplingBit":16,"channelCount":1,"samplingRate":"16kHz","audioPath":"/Mock/01.Management/Female/New/ckmk_q_bm_f_n_170412.wav"},"answer":{"fileFormat":"wav","fileSize":2387918,"duration":74620,"samplingBit":16,"channelCount":1,"samplingRate":"16kHz","audioPath":"/Mock/01.Management/Female/New/ckmk_a_bm_f_n_170412.wav"}}}