{"version":"1.0","dataSet":{"info":{"date":"20230116","occupation":"BM","channel":"MOCK","place":"ONLINE","gender":"FEMALE","ageRange":"-34","experience":"NEW"},"question":{"raw":{"text":"일을 하다 보면 협업을 할 일이 많이 생길 수 있습니다 혹시 이전 직장에서나 대학을 다닐 때 협업을 하면서 어려운 점은 없었나요","wordCount":21},"emotion":[],"intent":[]},"answer":{"raw":{"text":"회사에 입사하면 협업을 할 일이 많이 있을 텐데요. 이전 직장에서나 대학에서 협업을 할 때 가장 제가 어렵게 느껴졌던 것은 그 사람을 신뢰하고 그 사람에게 맞는 역할을 부여하는 저 것이었을 것이었습니다. 협업을 할 때 저는 저도 모르게 리더의 역할에 항상 있었고 그리고 사람들을 사람들에게 역할을 주고 그리고 그것을 잘 수행하고 있는지 체크하는 역할을 하곤 했습니다. 그러다 보니까 음 이 사람을 어 믿고 또 일를 맡기는 것이 가장 어려웠는데요. 그것은 제가 가지고 있는 그 일의 완성도에 대한 기준이 너무 높았기 때문이었습니다. 그래서 이 완성도를 조금 낮추더라도 어 분위기 좋게 그리고 팀워크를 발휘하면서 협업을 했을 때 결과가 좋다는 것을 음 점점 협업을 해나가면서 깨닫게 되었고 그래서 이 회사에 입사해서 협업을 하더라도 그런 경험을 잘 녹여내서 수행하겠습니다.","wordCount":113},"emotion":[],"intent":[{"text":"그래서 이 완성도를 조금 낮추더라도 어 분위기 좋게 그리고 팀워크를 발휘하면서 협업을 했을 때 결과가 좋다는 것을 음 점점 협업을 해나가면서 깨닫게 되었고 그래서 이 회사에 입사해서 협업을 하더라도 그런 경험을 잘 녹여내서 수행하겠습니다.","expression":"c_cop","category":"personality"}],"summary":{"text":"저는 리더의 역할과 수행 여부를 체크하는 역할을 하곤 했습니다. 일의 완성도에 대한 기준이 너무 높았기 때문에 완성도를 조금 낮추더라도 분위기 좋게 팀워크를 발휘하면서 협업을 했을 때 결과가 좋다는 것을 깨달았습니다. 이 회사에 입사해서 협업을 하더라도 그런 경험을 잘 녹여내겠습니다.","wordCount":39}}},"rawDataInfo":{"question":{"fileFormat":"wav","fileSize":386638,"duration":12080,"samplingBit":16,"channelCount":1,"samplingRate":"16kHz","audioPath":"/Mock/01.Management/Female/New/ckmk_q_bm_f_n_178057.wav"},"answer":{"fileFormat":"wav","fileSize":2455758,"duration":76740,"samplingBit":16,"channelCount":1,"samplingRate":"16kHz","audioPath":"/Mock/01.Management/Female/New/ckmk_a_bm_f_n_178057.wav"}}}