{"version":"1.0","dataSet":{"info":{"date":"20230116","occupation":"BM","channel":"MOCK","place":"ONLINE","gender":"FEMALE","ageRange":"-34","experience":"NEW"},"question":{"raw":{"text":"귀하가 직접 신입사원 채용 프로세스를 바꾼다면 어떻게 바꾸싶 바꾸고 싶으신지 말씀해 주세요","wordCount":12},"emotion":[],"intent":[]},"answer":{"raw":{"text":"제가 만약에 신입사원 채용 프로세스를 바꿀 기회가 생긴다면 저는 일 이 차 삼 차 면접을 그런 단계를 어 일 이틀 정도 뭔가 학습 합숙을 통해서 과정을 지켜본 후 채용을 하는 방식으로 한 번 구상을 해보고 싶습니다. 단순히 직무에 대한 역량도 중요하지만 그 사람의 인성이나 태도 그리고 사람들과 어울릴 수 있는 그런 자질 구레한 자질들도 매우 중요하다고 생각하기 때문인데요. 저는 그래서 시간은 조금 많이 시간과 비용을 조금 많이 들겠지만 일 박 이 일 정도 함께 생활하고 지내보며 여러 가지 자질구레 한 상황들을 체크하고 면밀히 따져서 채용을 하고 싶습니다.","wordCount":87},"emotion":[],"intent":[{"text":"","expression":"","category":"attitude"}],"summary":{"text":"신입 사원 채용 프로세스를 바꿀 기회가 생긴다면 일 이 차 삼 차 면접을 일 박 이 일 합숙을 통해서 과정을 지켜보는 방식으로 한 번 구상해 보고 싶습니다.","wordCount":27}}},"rawDataInfo":{"question":{"fileFormat":"wav","fileSize":332878,"duration":10400,"samplingBit":16,"channelCount":1,"samplingRate":"16kHz","audioPath":"/Mock/01.Management/Female/New/ckmk_q_bm_f_n_178526.wav"},"answer":{"fileFormat":"wav","fileSize":1974478,"duration":61700,"samplingBit":16,"channelCount":1,"samplingRate":"16kHz","audioPath":"/Mock/01.Management/Female/New/ckmk_a_bm_f_n_178526.wav"}}}