{"version":"1.0","dataSet":{"info":{"date":"20230116","occupation":"BM","channel":"MOCK","place":"ONLINE","gender":"FEMALE","ageRange":"-34","experience":"NEW"},"question":{"raw":{"text":"지원자님께서 저희 회사에서 일하다가 일하던 직무가 만약에 적성에 맞지 않는다면 어떻게 하실 겁니까 상황을 가정해 보고 한번 이야기해 주세요","wordCount":19},"emotion":[],"intent":[]},"answer":{"raw":{"text":"만약 일을 하던 중에 직무가 적성에 맞지 않는 경우가 생긴다면 저는 이 회사에서 제가 할 수 있는 일을 어 찾아보고 그리고 위에 제 위에 계시는 선배님들 상관님들과 이야기를 나눠서 어 조율을 해보고 싶습니다. 어쨌든 제가 이 회사에 지원하게 된 이유는 회사의 모토가 그리고 나아가야 하는 하 나아가려고 하는 방향이 저의 가치관과 맞았기 때문에 회사에 지원을 하기 한 거 것이기 때문에 직무가 적성에 맞지 않더라도 다른 직무 이 회사 안에서 다른 직무를 꼭 한 번 해보고 싶고요. 우선은 직무가 적성에 맞지 않더라도 바로 그렇게 얘기를 할 것 같지는 않고 그 직 적성에 맞지 않는 직무라 하더라도 적응을 하려고 노력은 해볼 것 같습니다. 그러다가 정 안되면 말씀을 드리겠다는 말입니다.","wordCount":107},"emotion":[],"intent":[{"text":"","expression":"","category":"attitude"}],"summary":{"text":"직무가 적성에 맞지 않는 경우 회사에서 할 수 있는 일을 찾아보고 조율을 해보고 싶습니다. 우선은 직무가 적합에 맞지 않더라도 적응을 하려고 노력은 해볼 것 같습니다. 그러다 안되면 말씀을 드리겠습니다.","wordCount":29}}},"rawDataInfo":{"question":{"fileFormat":"wav","fileSize":428878,"duration":13400,"samplingBit":16,"channelCount":1,"samplingRate":"16kHz","audioPath":"/Mock/01.Management/Female/New/ckmk_q_bm_f_n_170086.wav"},"answer":{"fileFormat":"wav","fileSize":2124878,"duration":66400,"samplingBit":16,"channelCount":1,"samplingRate":"16kHz","audioPath":"/Mock/01.Management/Female/New/ckmk_a_bm_f_n_170086.wav"}}}