{"version":"1.0","dataSet":{"info":{"date":"20230116","occupation":"BM","channel":"MOCK","place":"ONLINE","gender":"FEMALE","ageRange":"-34","experience":"NEW"},"question":{"raw":{"text":"이제까지 속해 있었던 단체나 조직 속에서 본인은 주로 어떤 역할들을 맡았었나요 맡았던 역할에 대해서 말씀해 주시겠어요","wordCount":16},"emotion":[],"intent":[]},"answer":{"raw":{"text":"그동안 속해 있었던 조직 단체 속에서 저는 주로 리더의 역할을 했던 사람 중의 하나입니다. 어 어떤 경로로 그렇게 리더에 자리에 있게 되었는지는 모르겠지만 대학 시절부터 프로젝트를 하면 제가 어 리더의 역할을 맡게 되었고 친구들과의 이야기를 조율하고 또 그 사람에 맞는 역할을 분배하는 그런 역할을 했었고 프로젝트를 진행하는 중에 중에도 프로젝트가 한 방향으로 잘 흘러가는지에 대한 그런 체크를 하는 숲을 보는 사람 중에 사람으로 역할을 했습니다. 단체 속에서도 친구들과 같이 있을 때 어 고민을 들어주고 또 문제를 해결하는 사람 중에 하나였는데요. 그러다 보니까 사람과의 관계에서도 어떻게 하면 그 관계를 잘 풀어나갈 수 있을지를 잘 이해한 이해하고 있고 이 회사에서 일을 하게 되더라도 그런 리더의 역할도 잘 해낼 수 있는 사람이라고 생각합니다.","wordCount":110},"emotion":[],"intent":[{"text":"","expression":"","category":"attitude"}],"summary":{"text":"대학 때부터 프로젝트에서 리더의 역할을 맡았고 친구들과의 이야기를 조율하고 그 사람에 맞는 역할을 분배하는 역할을 했습니다. 단체 속에서도 친구들과 함께 있을 때 고민을 들어주고 문제를 해결하는 사람 중 하나였고 회사에서 리더의 역할도 잘 해낼 수 있는 사람이라고 생각합니다.","wordCount":38}}},"rawDataInfo":{"question":{"fileFormat":"wav","fileSize":387598,"duration":12110,"samplingBit":16,"channelCount":1,"samplingRate":"16kHz","audioPath":"/Mock/01.Management/Female/New/ckmk_q_bm_f_n_184173.wav"},"answer":{"fileFormat":"wav","fileSize":2553038,"duration":79780,"samplingBit":16,"channelCount":1,"samplingRate":"16kHz","audioPath":"/Mock/01.Management/Female/New/ckmk_a_bm_f_n_184173.wav"}}}