{"version":"1.0","dataSet":{"info":{"date":"20230116","occupation":"BM","channel":"MOCK","place":"ONLINE","gender":"FEMALE","ageRange":"-34","experience":"NEW"},"question":{"raw":{"text":"네 지원자님의 전공과 관련해서 최근 부족하다고 느껴 보신 적은 있는지요 그렇게 부족하다고 느꼈을 때 따로 공부를 하고 있는 분야도 있는지요 아 그런 공부하는 분야가 있다면 한 번 설명해 주시겠습니까","wordCount":29},"emotion":[],"intent":[]},"answer":{"raw":{"text":"제 전공과 관련해서 최근 부족하다고 느낀 점이 있냐 라고 여쭤보셨는데 저는 아이들을 가르치는 유아교육과를 나왔습니다. 그래서 아이들과 함께하는 시간이 가장 행복했고 그 시간에 저는 어떤 걸 하면 좋을까 라는 고민도 많이 했었는데 제가 최근에는 사실 다른 분야에서 일을 하다 보니까 아이들과 같이 있는 시간이 좀 부족했고 그리고 유아교육 관련 서적을 읽지 않은 적이 사실 몇 년이 됐던 것 같습니다. 그래서 저는 유아 관련된 책을 다시 읽기 시작했고요. 그리고 그와 관련된 아동 관련 영상을 최근에 많이 보고 있습니다. 그래서 오은영 박사님께서 나오는 영상도 굉장히 많이 보고 있고 아동 교육 관련 영상 그리고 아동 심리 관련 분야에 도서를 다시 읽으면서 제가 전공에 대해서 조금 더 심도 깊게 공부를 하고 있고요. 그리고 이 분야를 공부를 하면서 다른 분야로 점점 더 제 분야 뿐만 아니라 다른 분야에서도 관심을 점점 갖고 있습니다.","wordCount":127},"emotion":[{"text":"제 전공과 관련해서 최근 부족하다고 느낀 점이 있냐 라고 여쭤보셨는데 저는 아이들을 가르치는 유아교육과를 나왔습니다.","expression":"u-fact","category":"neutral"},{"text":"그래서 오은영 박사님께서   나오는 영상도 굉장히 많이 보고 있고 아동 교육 관련 영상 그리고 아동 심리 관련 분야에   도서를 다시 읽으면서 제가 전공에 대해서 조금 더 심도 깊게   공부를 하고 있고요.","expression":"p-interest","category":"positive"},{"text":"그리고 이 분야를 공부를 하면서 다른 분야로 점점 더 제 분야 뿐만 아니라 다른 분야에서도 관심을 점점 갖고 있습니다.","expression":"p-interest","category":"positive"}],"intent":[{"text":"","expression":"","category":"attitude"}],"summary":{"text":"저는 아이들을 가르치는 유아교육과를 나왔지만, 다른 분야에서 일을 하다보니 아이들과 같이 있는 시간이 부족했고, 유아교육 관련 서적을 읽지 않은 적이 몇 년이 됐습니다. 그래서 유아 관련된 책을 다시 읽기 시작했고, 그와 관련된 아동 관련 영상을 최근에 많이 보고 있습니다.","wordCount":39}}},"rawDataInfo":{"question":{"fileFormat":"wav","fileSize":622478,"duration":19450,"samplingBit":16,"channelCount":1,"samplingRate":"16kHz","audioPath":"/Mock/01.Management/Female/New/ckmk_q_bm_f_n_175195.wav"},"answer":{"fileFormat":"wav","fileSize":2444558,"duration":76390,"samplingBit":16,"channelCount":1,"samplingRate":"16kHz","audioPath":"/Mock/01.Management/Female/New/ckmk_a_bm_f_n_175195.wav"}}}