{"version":"1.0","dataSet":{"info":{"date":"20230116","occupation":"BM","channel":"MOCK","place":"ONLINE","gender":"FEMALE","ageRange":"-34","experience":"NEW"},"question":{"raw":{"text":"지원자님께서 이 직무에 지원한 이유가 무엇인지 말씀해 주세요 그리고 본인이 왜 적합한 인재인지도 설명해 주시기 바랍니다","wordCount":16},"emotion":[],"intent":[]},"answer":{"raw":{"text":"저는 경영 지원 팀에 지원하였습니다. 제가 왜 이 경영 지원팀에 적합한 인재인지 말씀드리자면 경영 지원팀은 회사의 전반적인 내용을 총괄하는 부서라고 생각합니다. 저는 다른 여러 사람들과 협업하는 것이 매우 익숙하기 때문에 전반적인 상황 파악이나 이 일에 관련도 또는 일의 과정들을 잘 파악하는 편이라고 생각합니다. 그래서 경영지원 팀에 들어가면 이 회사에 무엇이 필요한지 또는 이 회사 구성원들에게 무엇이 필요한지를 정확히 파악할 수 있고 여러 방면에서 지원해 줄 수 있다 라고 생각합니다. 경영 지원이 총괄적인 일인 만큼 사실 어떠한 특수적인 전문적인 지식이 필요하지 않을 때가 있습니다. 그런 만큼 더 세부적으로 경영 지원 팀 일이 이루어져야 한다 라고 생각합니다. 저는 성격이 꼼꼼한 편이기 때문에 디테일적인 것들을 놓치지 않고 잘 처리할 수 있습니다. 그래서 저는 제가 경영 지원 파트에 매우 어울리는 적합한 사람이라고 자신 있게 말씀드릴 수 있습니다.","wordCount":123},"emotion":[],"intent":[{"text":"저는 성격이 꼼꼼한 편이기 때문에 디테일적인 것들을 놓치지 않고 잘 처리할 수 있습니다.","expression":"c_person","category":"background"}],"summary":{"text":"경영 지원팀은 회사의 전체적인 내용을 총괄하는 부서입니다. 다른 사람들과 협업하는 것이 매우 익숙하기 때문에 일의 과정들을 잘 파악하고 있습니다. 따라서 경영지원 팀에 들어가면 회사와 구성원들에게 필요한 것을 정확히 파악하고 여러 방면에서 지원해 줄 수 있습니다.","wordCount":35}}},"rawDataInfo":{"question":{"fileFormat":"wav","fileSize":393998,"duration":12310,"samplingBit":16,"channelCount":1,"samplingRate":"16kHz","audioPath":"/Mock/01.Management/Female/New/ckmk_q_bm_f_n_182672.wav"},"answer":{"fileFormat":"wav","fileSize":2625358,"duration":82040,"samplingBit":16,"channelCount":1,"samplingRate":"16kHz","audioPath":"/Mock/01.Management/Female/New/ckmk_a_bm_f_n_182672.wav"}}}