{"version":"1.0","dataSet":{"info":{"date":"20230116","occupation":"BM","channel":"MOCK","place":"ONLINE","gender":"FEMALE","ageRange":"-34","experience":"NEW"},"question":{"raw":{"text":"지금까지 살아오시면서 가장 힘들었던 경험은 무엇인가요 그것을 어떻게 극복하셨는지 말씀해 주세요","wordCount":11},"emotion":[],"intent":[]},"answer":{"raw":{"text":"지금까지 살아오면서 가장 힘들었던 경험은 아무래도 인간관계에서 생기는 그런 문제였는데요. 어 정말 친하고 믿었던 친구가 뒤에서 제 욕을 하고 저와 또 다른 친구를 이간질한다는 사실을 알았을 때 정말 힘들고 많이 방황을 했던 것 같습니다. 그때 당시는 그 친구가 정말 많이 밉고 제 문제점이 뭘까 자학과 자책도 정말 많이 했는데 어 그때 당시에 저를 자기 객관하려고 노력하고 저의 자존감을 많이 올리려고 노력하며 어 아무리 그 친구를 정말 좋아했고 친했지만 저에게 해가 되는 관계라면 굳이 제가 붙들고 있을 필요가 없다 라는 생각을 깨닫고 그렇게 인간관계를 정리하면서 조금 더 저도 안정을 찾고 제 자신에 대한 자신감도 차올랐던 것 같습니다.","wordCount":96},"emotion":[],"intent":[{"text":"","expression":"","category":"attitude"}],"summary":{"text":"친구였던 친구가 뒤에서 제 욕을 하고 저와 다른 친구를 이간질한다는 사실을 알았을 때 정말 힘들었습니다. 자기 객관하려고 노력하고 자존감을 올리려고 노력하며 인간관계를 정리하면서 제 자신에 대한 자신감도 차올랐던 것 같습니다.","wordCount":30}}},"rawDataInfo":{"question":{"fileFormat":"wav","fileSize":346958,"duration":10840,"samplingBit":16,"channelCount":1,"samplingRate":"16kHz","audioPath":"/Mock/01.Management/Female/New/ckmk_q_bm_f_n_178704.wav"},"answer":{"fileFormat":"wav","fileSize":2193038,"duration":68530,"samplingBit":16,"channelCount":1,"samplingRate":"16kHz","audioPath":"/Mock/01.Management/Female/New/ckmk_a_bm_f_n_178704.wav"}}}