{"version":"1.0","dataSet":{"info":{"date":"20230116","occupation":"BM","channel":"MOCK","place":"ONLINE","gender":"FEMALE","ageRange":"-34","experience":"NEW"},"question":{"raw":{"text":"어 소통 능력 굉장히 중요한데요 이런 걸 키우기 위해서 어떤 일을 할 수 있을지 어 생각나는 방법이 있다면 자세하게 좀 말씀을 좀 해주시기 바랍니다","wordCount":24},"emotion":[],"intent":[]},"answer":{"raw":{"text":"네 저도 사회생활을 하고 제가 쪼끔 더 발전된 사람이 되기 위해서 여러 가지 노력들을 했습니다. 그중에서도 쪼끔 더 열심히 하고 관심을 기울인 분야가 있는데요. 바로 커뮤니케이션입니다. 요즘에 회사 생활을 할 때는 단순히 업무만 하는 게 아니고 그 업무에 대해서 서로 인지하고 커뮤니케이션하고 배워나가는 영향들이 중요하다고 생각을 합니다. 그래서 저도 소통 능력을 키우기 위해서 여러 가지 모임도 나가봤고요. 그리고 사람들과 교류를 통해서 어 디벨롭 하기 위해서 노력들을 했습니다. 어 특히 제가 모임이나 아니면 또 모임에서 제가 리더로서 역할을 수행을 하면서 이런 능력들이 훨씬 더 키워졌다고 생각을 하는데요. 저는 기본적으로 사람을 대하는 게 어렵지가 않고 커뮤니케이션을 잘 한다고 생각을 하지만 그래도 저에게도 또 부족한 부분이 있고 또 업무적인 대화에 있어서는 또 적절하게 그것 들을 서로 이해관계를 잘 풀어내는 게 중요하다고 생각을 합니다. 그렇기 때문에 제가 노력한 분야 같은 경우에는 제가 업무적인 협업을 해서 실제로 비즈니스 대화를 연습해 본다던가 아니면 친목도모 그리고 회사에서 사내 스터딩을 통해서 사람들을 많이 대하고 노력하는 연습들을 해 온 결과 그래도 소통 능력이 올라 갔다고 생각을 합니다.","wordCount":158},"emotion":[],"intent":[{"text":"","expression":"","category":"attitude"}],"summary":{"text":"저는 커뮤니케이션 능력을 키우기 위해 여러 모임도 나가보고 사람들과 교류를 통해서 디벨롭 하기 위해서 노력들을 했습니다. 특히 제가 모임이나 또는 모임에서 리더로서 역할을 수행을 하면서 이런 능력들이 훨씬 더 커졌다 생각을 합니다. 업무적인 대화에 있어서는 적절하게 이해관계를 잘 풀어내는 게 중요하다고 생각을 하기 때문에 소통 능력이 올라 간다고 생각합니다.","wordCount":49}}},"rawDataInfo":{"question":{"fileFormat":"wav","fileSize":523278,"duration":16350,"samplingBit":16,"channelCount":1,"samplingRate":"16kHz","audioPath":"/Mock/01.Management/Female/New/ckmk_q_bm_f_n_174349.wav"},"answer":{"fileFormat":"wav","fileSize":2872398,"duration":89760,"samplingBit":16,"channelCount":1,"samplingRate":"16kHz","audioPath":"/Mock/01.Management/Female/New/ckmk_a_bm_f_n_174349.wav"}}}