{"version":"1.0","dataSet":{"info":{"date":"20230116","occupation":"BM","channel":"MOCK","place":"ONLINE","gender":"FEMALE","ageRange":"-34","experience":"NEW"},"question":{"raw":{"text":"지원자분께서는 지금 지원하신 이 분야에 들어오기 위해서 관련된 기타 노력들이 많을 텐데 어떤 노력들을 해 오셨는지 지금까지 해 오셨던 노력을 생각나는 대로 다 이야기해 주세요","wordCount":25},"emotion":[],"intent":[]},"answer":{"raw":{"text":"네 제가 이 분야에 지원하기 위해서 저는 다양한 노력을 해 왔습니다. 특히 저는 경영적인 업무를 보고 싶다 라는 생각을 많이 해서 경영학과를 지원을 해서 제가 지금 여기에 지원하게 되었고요. 그리고 경영 관련 이슈를 알기 위해서 다양하게 경제 관련해서 뉴스도 많이 읽었고 그리고 제가 이 회사에 대해서도 굉장히 관심을 갖고 계속해서 보고 있었습니다. 그래서 이 회사가 언제쯤 사람들을 뽑을까 라는 고민도 많이 했었고 그리고 제가 원하는 부서 특히 저는 이 부서에 넣고 싶었기 때문에 경영 관련 업무를 꼭 하고 싶다 라는 생각을 했기 때문에 이 업무에 대해서도 제가 자격증을 다양하게 따 왔습니다. 그래서 이번에 이렇게 채용을 하실 때 저는 정말 걱정 없이 지원하게 되었고 그리고 이런 다양한 경영 관련 경제 관련 자격증 그리고 회사에 대해서 항상 제가 염두에 두고 찾아왔던 점을 봤을 때 저는 꾸준하게 노력을 했다고 생각을 합니다. 그래서 저의 이 노력이 빛을 발했으면 좋겠습니다.","wordCount":135},"emotion":[],"intent":[{"text":"그래서 이 회사가 언제쯤   사람들을 뽑을까 라는 고민도 많이 했었고 그리고 제가 원하는 부서 특히 저는 이 부서에 넣고 싶었기 때문에 경영 관련 업무를 꼭 하고 싶다 라는 생각을 했기 때문에   이 업무에 대해서도 제가 자격증을 다양하게 따 왔습니다.","expression":"c_imp","category":"personality"}],"summary":{"text":"저는 경영학과를 지원하고 경제 관련 뉴스도 읽었으며 이 회사에 관심을 갖고 있었습니다. 그래서 언제 사람들을 뽑을지 고민하다가 경영 관련 업무를 하고 싶어 자격증도 따 왔습니다. 그래서 채용을 할 때 걱정 없이 지원하게 됐고 이 노력이 빛을 발했으면 좋겠습니다.","wordCount":38}}},"rawDataInfo":{"question":{"fileFormat":"wav","fileSize":599758,"duration":18740,"samplingBit":16,"channelCount":1,"samplingRate":"16kHz","audioPath":"/Mock/01.Management/Female/New/ckmk_q_bm_f_n_175751.wav"},"answer":{"fileFormat":"wav","fileSize":2263118,"duration":70720,"samplingBit":16,"channelCount":1,"samplingRate":"16kHz","audioPath":"/Mock/01.Management/Female/New/ckmk_a_bm_f_n_175751.wav"}}}