{"version":"1.0","dataSet":{"info":{"date":"20230116","occupation":"BM","channel":"MOCK","place":"ONLINE","gender":"FEMALE","ageRange":"-34","experience":"NEW"},"question":{"raw":{"text":"본인이 생각하실 때 본인의 노년은 어떤 모습이었으면 좋겠는지 긍정적인 방향으로 자신의 노년의 모습을 말씀해 주시기 바랍니다","wordCount":16},"emotion":[],"intent":[]},"answer":{"raw":{"text":"제가 생각하는 이상적인 노년의 모습은 취향이 같거나 노년회사의 삶 가운데 목표하는 바가 비슷한 사람끼리 만나서 살고 싶습니다. 마을을 이룬다고 말하면 제일 적당한 표현이라고 생각합니다. 제가 생각하기에 요새는 요즘은 백 세 시대로 노년이 길기 때문에 아무런 목표 없이 산다는 것은 정말 고되고 힘들겠다는 생각이 들었습니다. 그래서 노년의 목표를 함께 설정해서 같이 살 수 있는 사람들과 마을을 함께 이루어 살고 싶습니다.","wordCount":59},"emotion":[],"intent":[{"text":"","expression":"","category":"attitude"}],"summary":{"text":"이상적인 노년의 모습은 취향이 같거나 비슷한 사람끼리 만나서 마을을 이루어 살고 싶습니다.","wordCount":12}}},"rawDataInfo":{"question":{"fileFormat":"wav","fileSize":407438,"duration":12730,"samplingBit":16,"channelCount":1,"samplingRate":"16kHz","audioPath":"/Mock/01.Management/Female/New/ckmk_q_bm_f_n_177767.wav"},"answer":{"fileFormat":"wav","fileSize":1342158,"duration":41940,"samplingBit":16,"channelCount":1,"samplingRate":"16kHz","audioPath":"/Mock/01.Management/Female/New/ckmk_a_bm_f_n_177767.wav"}}}