{"version":"1.0","dataSet":{"info":{"date":"20230116","occupation":"BM","channel":"MOCK","place":"ONLINE","gender":"FEMALE","ageRange":"45-54","experience":"NEW"},"question":{"raw":{"text":"지원자께서는 기업 교육 훈련에 십 년 후의 모습은 어떻게 바뀌어 있을 것으로 예상하시는지 그 예상에 대해서 본인의 생각을 말씀해 주십시오","wordCount":20},"emotion":[],"intent":[]},"answer":{"raw":{"text":"아 예 기업 교육 훈련의 십 년 후라면 어 글쎄요. 그러니까 지금처럼 뭐 대면으로 어 강사가 있고 일 대 다수의 어떤 그런 훈련은 필요에 의해서 할 수는 있겠지만 기본적인 부분은 좀 없어지지 않을까 싶구요. 어 이렇게 그 비대면의 교육이나 이런 부분들이 많아지지 않을까 혹은 또 어 로봇이나 이런 것들이 많이 개발되고 발전이 되고 있기 때문에 그 로봇들이 훈련을 할 수 있지 않을까 그것도 일 대 일로 할 수도 있고 언제든지 내가 어 그 직원들이 필요하다고 할 때 개별적으로도 뭐 교육을 받을 수 있는 그런 그 자유로워지지 않을까 라는 생각을 하고 있습니다.","wordCount":91},"emotion":[],"intent":[{"text":"","expression":"","category":"attitude"}],"summary":{"text":"기업 교육 훈련의 십 년 후면 비대면 교육이 많아지거나 로봇들이 훈련을 할 수 있을 것 같습니다. 그래야 직원들이 필요할 때 개별적으로 교육을 받을 수 있지 않을까 생각합니다.","wordCount":27}}},"rawDataInfo":{"question":{"fileFormat":"wav","fileSize":483278,"duration":15100,"samplingBit":16,"channelCount":1,"samplingRate":"16kHz","audioPath":"/Mock/01.Management/Female/New/ckmk_q_bm_f_n_182169.wav"},"answer":{"fileFormat":"wav","fileSize":1938638,"duration":60580,"samplingBit":16,"channelCount":1,"samplingRate":"16kHz","audioPath":"/Mock/01.Management/Female/New/ckmk_a_bm_f_n_182169.wav"}}}