{"version":"1.0","dataSet":{"info":{"date":"20230116","occupation":"BM","channel":"MOCK","place":"ONLINE","gender":"FEMALE","ageRange":"-34","experience":"NEW"},"question":{"raw":{"text":"당신은 협업을 할 때 사교성이 좋은 편인지 아니면 사교성이 없는 편인지 궁금합니다 또 그 사교성을 키우기 위해 어떤 노력을 하셨는지 궁금합니다","wordCount":21},"emotion":[],"intent":[]},"answer":{"raw":{"text":"저는 협업을 할 때 사교성이 굉장히 좋은 편 중에 한 명입니다. 저는 업무를 하는 데 있어서 같이 동료와 융화되는 그런 능력들을 가장 중요하게 생각을 하는데요. 그 이유는 저희가 근무를 할 때 혼자 하는 업무들이 아니고 대부분의 업무들이 다른 동료 혹은 선배들과 함께하는 근무이기 때문에 때로는 우리가 갈등이 있을 수도 있지만 그러한 갈등들을 잘 해결하는 능력들이 어 우리가 업무를 하는 데 있어서 굉장히 중요하다 라고 생각합니다. 저 같은 경우에는 사교성을 키우기 위해서 조금 처음에는 어색하더라도 먼저 사근사근하게 다른 동료들에게 말을 거는 편입니다. 그 이유는 제가 말을 걸면 사소한 것이라도 서로 정보 교환을 하게 되고 그 정보 교환 속에서 우리가 어떤 사람이라는 걸 서로 알게 되고 그리 그리고 나아가서 아이스 브레이킹 할 수 있는 그런 어 시간들을 가질 수 있기 때문에 저는 조직 융화를 위해서 먼저 동료나 혹은 선배들에게 좀 자세하게 말을 걸면서 친해지려고 노력하는 편입니다.","wordCount":134},"emotion":[],"intent":[{"text":"","expression":"","category":"attitude"}],"summary":{"text":"협업 시 사교성이 굉장히 좋은 편인데, 업무를 할 때 같이 동료와 융화되는 능력을 중요하게 생각하기 때문입니다. 갈등이 있을 수 있지만 갈등들을 잘 해결하는 능력이 중요합니다. 저 같은 경우에는 사교성을 키우기 위해서 먼저 다른 동료들에게 말을 걸면서 친해지려고 노력하는 편입니다.","wordCount":39}}},"rawDataInfo":{"question":{"fileFormat":"wav","fileSize":598478,"duration":18700,"samplingBit":16,"channelCount":1,"samplingRate":"16kHz","audioPath":"/Mock/01.Management/Female/New/ckmk_q_bm_f_n_169553.wav"},"answer":{"fileFormat":"wav","fileSize":2741198,"duration":85660,"samplingBit":16,"channelCount":1,"samplingRate":"16kHz","audioPath":"/Mock/01.Management/Female/New/ckmk_a_bm_f_n_169553.wav"}}}