{"version":"1.0","dataSet":{"info":{"date":"20230116","occupation":"BM","channel":"MOCK","place":"ONLINE","gender":"FEMALE","ageRange":"-34","experience":"NEW"},"question":{"raw":{"text":"인생에서 가장 후회되는 일이 있다면 어떤 것인지 말씀해 주시고 그 후회되는 일을 변경할 수 있다면 어떻게 다른 선택을 하시겠는지 말씀해 주세요","wordCount":21},"emotion":[],"intent":[]},"answer":{"raw":{"text":"지금까지 인생을 살면서 후회되는 일이라고 생각한다면 아마도 도전하지 않았던 모든 일들에 대해서 후회한다 라고 말씀드릴 수 있겠습니다. 제가 했던 것 중에서 후회하는 일은 없습니다. 왜냐하면 모든 것은 다 경험이 되고 교육이 되기 때문에 교훈을 얻을 수 있는 일입니다. 그러므로 그것이 실패를 했든 성공을 했든 어떠한 점을 배울 수 있었기 때문에 그 일에 대해서 후회하는 법은 없습니다. 그러므로 거꾸로 말하며 후회하는 일은 어떤 것을 하지 않았을 때 후회한 한다 라고 말씀드릴 수 있겠습니다. 그래서 인생을 살면서 가장 후회되는 일은 도전하지 않고 흘려 보냈던 모든 기회들에 대해서 후회된다 라고 말씀드릴 수 있겠습니다. 만약에 실패를 하더라도 그래도 그에 맞는 교육을 교훈을 얻었을 텐데 그런 경험을 놓친 것이 가장 아쉽기 때문에 어 도전하지 않았던 것이 후회됩니다. 하지만 앞으로 시간이 많고 또한 기회가 많기 때문에 앞으로는 후회하는 일을 적게 만들고 싶습니다. 모든 일을 도전하는 것은 어렵겠지만 그래도 최대한 용기를 갖고 많은 일에 도전해서 인생을 앞으로 후회 없이 살고 싶습니다.","wordCount":144},"emotion":[],"intent":[{"text":"","expression":"","category":"attitude"}],"summary":{"text":"도전하지 않은 모든 일에 대해 후회하지 않습니다. 왜냐하면 모든 일은 경험이 되고 교육이 되기에 교훈을 얻을 수 있는 일이기 때문입니다. 따라서 도전하지 않고 흘러 보낸 모든 기회들에 대해 후회합니다. 앞으로 최대한 용기를 갖고 많은 일에 도전해서 후회 없이 살고 싶습니다.","wordCount":40}}},"rawDataInfo":{"question":{"fileFormat":"wav","fileSize":541518,"duration":16920,"samplingBit":16,"channelCount":1,"samplingRate":"16kHz","audioPath":"/Mock/01.Management/Female/New/ckmk_q_bm_f_n_183031.wav"},"answer":{"fileFormat":"wav","fileSize":2699598,"duration":84360,"samplingBit":16,"channelCount":1,"samplingRate":"16kHz","audioPath":"/Mock/01.Management/Female/New/ckmk_a_bm_f_n_183031.wav"}}}