{"version":"1.0","dataSet":{"info":{"date":"20230116","occupation":"BM","channel":"MOCK","place":"ONLINE","gender":"FEMALE","ageRange":"35-44","experience":"NEW"},"question":{"raw":{"text":"만약 일을 하던 중 직무가 적성에 맞지 않는다고 깨닫게 되었습니다 이 때 어떻게 하시겠습니까 상황을 가정하고 한 번 말씀해 주세요","wordCount":20},"emotion":[],"intent":[]},"answer":{"raw":{"text":"우선 저는 진부가 적성에 맞다고 생각해 지원을 했습니다. 하지만 면접관님 말씀처럼 만약에 적성에 맞지 않는다면 일단은 최대한 노력해 보겠습니다. 업무를 수행하면서 스스로 동기부여를 할 수 있도록 모든 방법을 찾아보겠습니다. 그래도 해결이 안 된다면 직속 상관이나 어 담당자에게 어 도움을 요청하겠습니다. 저보다 오래 회사 생활을 해 온 선배님들에게 진정성있게 도움을 구하고 상담을 받으면서 방법을 강구해 보겠습니다.","wordCount":55},"emotion":[],"intent":[{"text":"","expression":"","category":"attitude"}],"summary":{"text":"적성에 맞는다고 생각해 지원을 하였지만 적성에 맞지 않는다면 최대한 노력해 보겠습니다. 안되면 직속 상관이나 담당자에게 도움을 요청하겠습니다.","wordCount":17}}},"rawDataInfo":{"question":{"fileFormat":"wav","fileSize":408398,"duration":12760,"samplingBit":16,"channelCount":1,"samplingRate":"16kHz","audioPath":"/Mock/01.Management/Female/New/ckmk_q_bm_f_n_187553.wav"},"answer":{"fileFormat":"wav","fileSize":1251278,"duration":39100,"samplingBit":16,"channelCount":1,"samplingRate":"16kHz","audioPath":"/Mock/01.Management/Female/New/ckmk_a_bm_f_n_187553.wav"}}}