{"version":"1.0","dataSet":{"info":{"date":"20230116","occupation":"BM","channel":"MOCK","place":"ONLINE","gender":"FEMALE","ageRange":"-34","experience":"NEW"},"question":{"raw":{"text":"과거 프로젝트를 수행한 경험이 있는지 궁금합니다 경험이 있다면 그 프로젝트에서 어떤 역할을 맡으셨나요","wordCount":13},"emotion":[],"intent":[]},"answer":{"raw":{"text":"과거 프로젝트에서 저는 마케팅을 수행했던 경험이 있습니다. 한 행사를 진행하게 되었는데 그에 따른 마케팅을 수행하였습니다. 그래서 가장 좋은 요즘 시대의 마케팅으로 에스엔에스를 이용했고 또한 인플루언서들을 섭외하여 마케팅을 하였습니다. 공격적인 마케팅을 해야 될 시기였기 때문에 많은 인플루언서들을 섭외하고 그들에게 맞는 마케팅 방법과 우리가 원하는 마케팅 내용들을 열심히 답변하고 그것을 전달하여서 좋은 결과가 나올 수 있도록 노력하였습니다. 그리고 에스엔에스를 자체적으로 채널을 개설하여 그 에스엔에스를 운영하면서 자체 채널에서도 홍보를 하였습니다. 다양한 사람들이 대중적으로 볼 수 있는 것이 에스앤에스 이기 때문에 특히 인스타그램을 만들어 많은 사람들에게 노출하고 그 사람들이 자연스럽게 저희 제품을 알게 되고 그것을 따라 홍보가 될 수 있도록 하는 마케팅 방법을 수행했습니다. 돈을 들여 광고를 할 때도 있었고 또한 섭외가 있을 때도 있었고 다양한 방법으로 마케팅을 수행하여 그 프로젝트를 무사히 마쳤던 경험이 있습니다.","wordCount":121},"emotion":[{"text":"과거 프로젝트에서 저는 마케팅을 수행했던 경험이 있습니다.","expression":"u-fact","category":"neutral"}],"intent":[{"text":"과거 프로젝트에서 저는 마케팅을 수행했던 경험이 있습니다.","expression":"c_private","category":"background"},{"text":"한 행사를 진행하게 되었는데 그에 따른 마케팅을 수행하였습니다.","expression":"c_private","category":"background"}],"summary":{"text":"저는 과거 프로젝트에서 마케팅을 수행했던 경험이 있습니다. 한 행사를 진행하게 되었는데 그에 따른 마케팅을 수행하였습니다. 그래서 가장 좋은 요즘 시대의 마케팅으로 소셜미디어를 이용했고 또한 인플루언서들을 섭외하여 마케팅을 하였습니다. 돈을 들여 광고를 할 때도 있었고 또 섭외가 있을 때도 있었던 다양한 방법으로 마케팅을 수행했습니다.","wordCount":43}}},"rawDataInfo":{"question":{"fileFormat":"wav","fileSize":346958,"duration":10840,"samplingBit":16,"channelCount":1,"samplingRate":"16kHz","audioPath":"/Mock/01.Management/Female/New/ckmk_q_bm_f_n_183029.wav"},"answer":{"fileFormat":"wav","fileSize":2821838,"duration":88180,"samplingBit":16,"channelCount":1,"samplingRate":"16kHz","audioPath":"/Mock/01.Management/Female/New/ckmk_a_bm_f_n_183029.wav"}}}