{"version":"1.0","dataSet":{"info":{"date":"20230116","occupation":"BM","channel":"MOCK","place":"ONLINE","gender":"FEMALE","ageRange":"35-44","experience":"NEW"},"question":{"raw":{"text":"직장 생활을 하시다 보면 어 모든 일들이 문서로 시작해서 문서로 끝나는 경우가 많습니다 문서 작업 시 실수나 오탈자 등을 방지하기 위한 자신만의 비결이 있다면 그것에 대해서 설명해 주세요","wordCount":28},"emotion":[],"intent":[]},"answer":{"raw":{"text":"사실 많은 문서 작성을 해 본 적이 있었는데요. 제가 작성한 문서는 그 오탈자나 아니면 실수가 제 눈에는 잘 보이지 않더라구요. 그래서 네 이중 체크를 다른 사람에게 부탁을 하는 경우가 굉장히 많았습니다. 그리고 저 또한 다른 사람의 어 문서들을 제 봐줌으로써 그러한 실수들을 바로잡아주는 경우가 되게 많았는데요. 이렇게 이중 체크를 하다 보면은 훨씬 더 내가 보지 못한 것들을 남들이 봐줄 수 있기 때문에 훨씬 더 더 많이 실수를 줄일 수 있다 라고 생각합니다.","wordCount":72},"emotion":[],"intent":[{"text":"","expression":"","category":"attitude"}],"summary":{"text":"이중 체크를 하다 보면 제가 보지 못한 것들을 남들이 봐줄 수 있기 때문에 훨씬 더 더 많이 실수를 줄일 수 있다 라고 생각합니다.","wordCount":23}}},"rawDataInfo":{"question":{"fileFormat":"wav","fileSize":544078,"duration":17000,"samplingBit":16,"channelCount":1,"samplingRate":"16kHz","audioPath":"/Mock/01.Management/Female/New/ckmk_q_bm_f_n_170422.wav"},"answer":{"fileFormat":"wav","fileSize":1233998,"duration":38560,"samplingBit":16,"channelCount":1,"samplingRate":"16kHz","audioPath":"/Mock/01.Management/Female/New/ckmk_a_bm_f_n_170422.wav"}}}