{"version":"1.0","dataSet":{"info":{"date":"20230116","occupation":"BM","channel":"MOCK","place":"ONLINE","gender":"FEMALE","ageRange":"-34","experience":"NEW"},"question":{"raw":{"text":"기차가 운행하는 중에 산사태로 삼십 분간 정차되었다고 생각을 해 보시구요 이때 지원자님께서 관리 책임의 위치에 있다면 어떻게 조처하실지 아 한번 방안을 말씀해 보시겠습니까","wordCount":23},"emotion":[],"intent":[]},"answer":{"raw":{"text":"기차가 운행할 때 산사태로 삼십 분 동안 정차되어 있을 경우에는 제가 관리 책임에 위치에 있다면 우선 가장 중요한 것은 타고 있는 탑승객에게 상황을 설명하고 사과의 말씀을 전하는 것을 최우선으로 하겠습니다. 어 어 그 기차를 타고 있는 탑승자라면 이 기차가 어떻게 음 이런 이렇게 이런 상황이 되었는지 그리고 자신의 안전은 보장이 되는 것인지 가장 불안하고 걱정이 될 것이고 그렇기 때문에 가장 우선적으로 해결해야 될 문제는 이 기차가 어 정차되어 있지만 안전하다는 것 그리고 언제 다시 운행을 재개할 수 있다는 것을 미리 알려서 어 승객께서 다음 대안을 스스로 찾거나 아니면 편안한 마음으로 기다릴 수 있도록 돕는 것이 중요하다고 생각합니다.","wordCount":97},"emotion":[],"intent":[{"text":"어 어 그 기차를 타고 있는 탑승자라면   이 기차가 어떻게 음 이런 이렇게 이런    상황이 되었는지 그리고 자신의 안전은 보장이 되는 것인지 가장 불안하고 걱정이 될   것이고 그렇기 때문에 가장 우선적으로 해결해야 될 문제는   이 기차가 어 정차되어 있지만 안전하다는 것 그리고 언제 다시   운행을 재개할 수 있다는 것을 미리 알려서 어 승객께서   다음 대안을 스스로 찾거나 아니면 편안한 마음으로 기다릴 수 있도록   돕는 것이 중요하다고 생각합니다.","expression":"c_adp","category":"personality"}],"summary":{"text":"기차가 산사태로 정차되어 있을 때 탑승객에게 상황을 설명하고 사과의 말씀을 전해야 합니다. 기차가 정차되어 있지만 안전하다는 것과 언제 다시 운행을 재개할 수 있다는 것을 미리 알려 다음 대안을 찾을 수 있도록 도와야 합니다.","wordCount":33}}},"rawDataInfo":{"question":{"fileFormat":"wav","fileSize":541838,"duration":16930,"samplingBit":16,"channelCount":1,"samplingRate":"16kHz","audioPath":"/Mock/01.Management/Female/New/ckmk_q_bm_f_n_170083.wav"},"answer":{"fileFormat":"wav","fileSize":2127438,"duration":66480,"samplingBit":16,"channelCount":1,"samplingRate":"16kHz","audioPath":"/Mock/01.Management/Female/New/ckmk_a_bm_f_n_170083.wav"}}}