{"version":"1.0","dataSet":{"info":{"date":"20230116","occupation":"BM","channel":"MOCK","place":"ONLINE","gender":"FEMALE","ageRange":"45-54","experience":"NEW"},"question":{"raw":{"text":"어 새로운 서비스 또는 제품을 제안해 주세요","wordCount":7},"emotion":[],"intent":[]},"answer":{"raw":{"text":"어 제가 예전부터 생각했었던 건데요. 그 샴푸나 린스 아 뭐 그런 펌프 용기 제품이 이제 쓰다가 다 쓰다 보면 마지막에 그 펌프가 있는 쪽은 잘 나오는데 그 밑에 바닥에 남을 때 끝까지 그 내용물이 나오는데 쉽지 않아서 그것들을 좀 버리는 일들이 많습니다. 그래서 아예 밑바닥 자체를 어 그 삼각형 모양 그까 거꾸로 된 삼각형 모양으로 하게 되면 어 마지막까지 어 그 불필요한 그런 낭비 없이 사용할 수 있지 않나 이제 그 샴푸나 린스 뭐 여러 가지 펌프용 용기를 좀 그렇게 만들면 끝까지 낭비 없이 쓸 수 있다 라는 생각으로 그 제품을 제안하고 싶습니다.","wordCount":93},"emotion":[],"intent":[{"text":"","expression":"","category":"attitude"}],"summary":{"text":"펌프 용기의 밑바닥을 삼각형 모양으로 만들면 끝까지 낭비 없이 쓸 수 있다 라는 생각으로 그 제품을 제안하고 싶습니다.","wordCount":18}}},"rawDataInfo":{"question":{"fileFormat":"wav","fileSize":235598,"duration":7360,"samplingBit":16,"channelCount":1,"samplingRate":"16kHz","audioPath":"/Mock/01.Management/Female/New/ckmk_q_bm_f_n_175016.wav"},"answer":{"fileFormat":"wav","fileSize":2242638,"duration":70080,"samplingBit":16,"channelCount":1,"samplingRate":"16kHz","audioPath":"/Mock/01.Management/Female/New/ckmk_a_bm_f_n_175016.wav"}}}