{"version":"1.0","dataSet":{"info":{"date":"20230116","occupation":"BM","channel":"MOCK","place":"ONLINE","gender":"FEMALE","ageRange":"-34","experience":"NEW"},"question":{"raw":{"text":"현재 스마트 물류가 계속 확장되고 있는데 앞으로 물류의 미래는 어떨 것 같은지 말씀해 주세요","wordCount":14},"emotion":[],"intent":[]},"answer":{"raw":{"text":"어 최근 많은 부분에 자동화가 이뤄지며 어 물류 물류 환경에 많은 변화가 생기기 시작한 것 같습니다. 음 저 또한 어 물류 물류업의 특성상 어 기계적으로 또 대체될 요소가 많다고 생각이 되며 많은 부분이 자동화가 되고 기계에게 어 그런 일을 넘겼을 때 어 굉장한 효율성의 증대와 또 편리함이 있을 것이라고 생각을 합니다. 음 다만 그 과정에서 많은 이들이 실직을 겪을 수 있고 또 어 미리 자동화를 준비하지 못한 기업들은 어 쉽게 도태되고 어 도태되고 대체될 것으로 생각이 됩니다.","wordCount":77},"emotion":[],"intent":[{"text":"","expression":"","category":"attitude"}],"summary":{"text":"물류업의 많은 부분에서 자동화가 이뤄지며 많은 변화가 생겼습니다. 많은 이들이 실직을 겪고 미리 자동화를 준비하지 못한 기업들은 쉽게 도태될 것입니다.","wordCount":20}}},"rawDataInfo":{"question":{"fileFormat":"wav","fileSize":318798,"duration":9960,"samplingBit":16,"channelCount":1,"samplingRate":"16kHz","audioPath":"/Mock/01.Management/Female/New/ckmk_q_bm_f_n_190219.wav"},"answer":{"fileFormat":"wav","fileSize":1907598,"duration":59610,"samplingBit":16,"channelCount":1,"samplingRate":"16kHz","audioPath":"/Mock/01.Management/Female/New/ckmk_a_bm_f_n_190219.wav"}}}