{"version":"1.0","dataSet":{"info":{"date":"20230116","occupation":"BM","channel":"MOCK","place":"ONLINE","gender":"FEMALE","ageRange":"35-44","experience":"NEW"},"question":{"raw":{"text":"특별히 가고 싶은 회사가 있나요 특정 도메인이 중요한지 회사의 분위기가 중요한지 중점적으로 보는 것이 무엇인지 말씀해 주세요","wordCount":17},"emotion":[],"intent":[]},"answer":{"raw":{"text":"제가 아직까지는 특별히 가고 싶은 회사는 없습니다. 만약에 제가 가고 싶은 회사가 생긴다면 저는 먼저 어 연봉을 먼저 중점적으로 보는 편입니다. 연봉은 가장 중요합니다. 회사를 결정하는 데 있어서 빠질 수 없는 조건입니다. 그다음에 두 번째는 복지라고 생각합니다. 전에는 돈만 돈이 최고였다면 지금 복지에는 관심이 서서히 높아지고 있습니다. 만약 돈이 많아진다면 어 여러 가지 문제점이 생기겠지만 저는 주로 이제 복지 뭐 지금 요즘에는 뭐 커피 머신을 구비를 해 준다든가 도서 책을 읽기 해준다든가 뭐 강연 및 교육비 정도를 지원 받고 있습니다.","wordCount":80},"emotion":[],"intent":[{"text":"","expression":"","category":"attitude"}],"summary":{"text":"저는 특별히 가고 싶은 회사가 생기면 연봉과 복지를 중점적으로 보는 편입니다. 연봉이 가장 중요하고 회사 결정에 있어서 빠질 수 없는 조건입니다. 두 번째는 복지입니다. 지금 복지에 관심이 높아지고 있습니다.","wordCount":29}}},"rawDataInfo":{"question":{"fileFormat":"wav","fileSize":424078,"duration":13250,"samplingBit":16,"channelCount":1,"samplingRate":"16kHz","audioPath":"/Mock/01.Management/Female/New/ckmk_q_bm_f_n_178852.wav"},"answer":{"fileFormat":"wav","fileSize":1884878,"duration":58900,"samplingBit":16,"channelCount":1,"samplingRate":"16kHz","audioPath":"/Mock/01.Management/Female/New/ckmk_a_bm_f_n_178852.wav"}}}