{"version":"1.0","dataSet":{"info":{"date":"20230116","occupation":"BM","channel":"MOCK","place":"ONLINE","gender":"FEMALE","ageRange":"-34","experience":"NEW"},"question":{"raw":{"text":"배달의 민족을 사용하시면서 서비스 측면에서 느꼈던 아쉬웠던 점이 있으신가요 있었다면 어떤 점이 아쉬웠는지도 말씀해 주세요","wordCount":15},"emotion":[],"intent":[]},"answer":{"raw":{"text":"저는 배달의 민족의 리뷰 시스템에 대해서 좀 아쉬움을 많이 느낍니다. 음 사실 자영업자들에게 리뷰 서비스는 굉장히 중요하고 또 어 판매량에 굉장히 많은 영향을 미치기 때문에 많은 어 자영업자분들이 이에 신경을 쓰고 있는 것으로 알고 있습니다. 그런데 정말 악의적인 리뷰를 남기는 사람들이 많고 어 리뷰를 비 리뷰를 인질로 삼고 어 무리한 서비스를 요구하는 그런 블랙 컨슈머들이 너무나 많기 때문에 이런 리뷰 제도를 어 보완해야 한다고 생각을 합니다. 악성 리뷰는 음 악성 리뷰를 걸러낼 수 있는 그런 필터링 장치가 필요하다고 생각이 되며 그 사람이 남긴 모든 리뷰를 볼 수 있도록 하는 혹은 어 그 사람이 경고를 받은 대상이면 그것을 리뷰 화면 자체에서 바로 볼 수 있도록 하는 기능이 있어야 한다고 생각을 합니다.","wordCount":110},"emotion":[{"text":"저는 배달의 민족의 리뷰 시스템에 대해서 좀 아쉬움을 많이 느낍니다.","expression":"n-distress","category":"negative"}],"intent":[{"text":"","expression":"","category":"attitude"}],"summary":{"text":"배달의 민족 리뷰 시스템은 자영업자들에게 중요한 리뷰 서비스인데, 악의적인 리뷰를 남기는 사람이 많고 무리한 서비스를 요구하는 블랙 컨슈머가 많기 때문에 제도를 보완해야 합니다. 악성 리뷰를 걸러낼 수 있는 필터링 장치나 경고 받은 리뷰를 바로 볼 수 있는 기능이 있어야 합니다.","wordCount":40}}},"rawDataInfo":{"question":{"fileFormat":"wav","fileSize":458318,"duration":14320,"samplingBit":16,"channelCount":1,"samplingRate":"16kHz","audioPath":"/Mock/01.Management/Female/New/ckmk_q_bm_f_n_190220.wav"},"answer":{"fileFormat":"wav","fileSize":2430158,"duration":75940,"samplingBit":16,"channelCount":1,"samplingRate":"16kHz","audioPath":"/Mock/01.Management/Female/New/ckmk_a_bm_f_n_190220.wav"}}}