{"version":"1.0","dataSet":{"info":{"date":"20230116","occupation":"BM","channel":"MOCK","place":"ONLINE","gender":"FEMALE","ageRange":"45-54","experience":"NEW"},"question":{"raw":{"text":"지원자님께서 입사 후에 본인의 상사가 어떤 회사의 이익에 반하는 행동을 하는 것을 직접 목격을 했어요 그럴 때 지원자님은 어떻게 대처를 하시겠습니까","wordCount":21},"emotion":[],"intent":[]},"answer":{"raw":{"text":"어 그까 회사에 이익이 반하는 행동을 한다면 어 어쨌든 회사는 이익을 추구하는 영리 기업이지 않습니까. 어 그거는 정말 해서는 안 될 일이라고 생각을 하구요. 여하튼 이익에 반하는 행동을 했다면 그거는 제가 뭐 제 선에서 그냥 조용히 할 일은 아니고 회사에 알려야 한다고 생각을 합니다. 그까 대신에 이제 그런 부분에 대해서 회사에 이게 반하는 행동을 할 수 밖에 없었던 이게 뭐 윤리적으로나 사회 이념적으로 그럴 수 밖에 없었던 일이라면 회사에서 잘 파악을 할 거구요. 그에 따른 부분은 제가 뭐 증언을 한다거나 이런 부분을 할 수가 있을 것 같고 그런데 그냥 개인의 사사로운 이익을 위해서 그렇게 한다면 회사에서 조치를 엄중한 처벌이라던지 그에 맞는 합당한 그 조치를 취해야 된다고 생각합니다.","wordCount":107},"emotion":[],"intent":[{"text":"","expression":"","category":"attitude"}],"summary":{"text":"이익에 반하는 행동을 했다면 회사에 알려야 한다고 생각하며 윤리적, 사회 이념적으로 그럴 수 밖에 없었던 일이라면 회사에서 잘 파악을 할 것이고 개인의 사사로운 이익을 위해 그렇게 한다면 회사에서 조치를 엄중한 처벌과 합당한 조치를 취해야 한다고 생각합니다.","wordCount":36}}},"rawDataInfo":{"question":{"fileFormat":"wav","fileSize":557518,"duration":17420,"samplingBit":16,"channelCount":1,"samplingRate":"16kHz","audioPath":"/Mock/01.Management/Female/New/ckmk_q_bm_f_n_182036.wav"},"answer":{"fileFormat":"wav","fileSize":2281038,"duration":71280,"samplingBit":16,"channelCount":1,"samplingRate":"16kHz","audioPath":"/Mock/01.Management/Female/New/ckmk_a_bm_f_n_182036.wav"}}}