{"version":"1.0","dataSet":{"info":{"date":"20230116","occupation":"BM","channel":"MOCK","place":"ONLINE","gender":"FEMALE","ageRange":"-34","experience":"NEW"},"question":{"raw":{"text":"회사의 덕목이 무엇이라고 생각하시나요 어떤 회사가 좋은 회사라고 생각하시는지 지원자님의 생각이 궁금합니다 한 번 말씀 부탁드립니다","wordCount":16},"emotion":[],"intent":[]},"answer":{"raw":{"text":"회사에서 가장 기초적인 것은 경제적인 것입니다. 사회에 에 경제를 이바지하고 직원들에게 경제를 이바지하는 것입니다. 그렇 처럼 기초가 탄탄 회사가 가장 좋은 회사라고 생각합니다. 또한 기런 기초가 탄탄한 거는 기본 가정이고 더욱 중요한 것은 음 그 경제적 가치를 사회에 환원할 수 있는 태도를 가진 회사라고 생각합니다. 씨에스알이나 씨알엠을 중요시하여 씨에스브이를 중요시하여 자신들의 자신들이 가지고 있는 가치를 회사에 사회에 환원하고 자신들만의 자신들만의 모양으로 사회에 환원할 줄 알아야 합니다. 이것은 그 사 회사가 가지는 가장 중요한 가치 중 하나입니다. 회사는 자본을 더 크게 만들고 그 큰 자본을 모두에게 나누기 위해 존재합니다. 만약에 자 회사가 자신이 가진 자본을 회사의 오너 등만 독식한다면 그 회사는 바람직하지 못합니다. 많은 경제적 가치를 창출하여 그 경제적 가치를 직원뿐만 아니라 사회에 환원할 줄 알는 태도가 된 회사가 가장 좋은 회사입니다.","wordCount":121},"emotion":[{"text":"많은 경제적 가치를 창출하여 그 경제적 가치를 직원뿐만 아니라 사회에 환원할 줄 알는 태도가 된 회사가 가장 좋은 회사입니다.","expression":"u-belief","category":"neutral"}],"intent":[{"text":"","expression":"","category":"attitude"}],"summary":{"text":"회사에서 가장 기초적인 것은 경제적인 것이며 그 경제적 가치를 사회에 환원할 줄 아는 태도가 가장 좋은 회사입니다. 회사는 자본을 더 크게 만들고 그 큰 자본을 모두에게 나누기 위해 존재하기 때문입니다. 많은 경제적 가치를 창출하여 직원뿐만 아니라 사회에 환원하는 태도가 된 회사가 제일 좋은 회사입니다.","wordCount":44}}},"rawDataInfo":{"question":{"fileFormat":"wav","fileSize":616718,"duration":19270,"samplingBit":16,"channelCount":1,"samplingRate":"16kHz","audioPath":"/Mock/01.Management/Female/New/ckmk_q_bm_f_n_181181.wav"},"answer":{"fileFormat":"wav","fileSize":2581198,"duration":80660,"samplingBit":16,"channelCount":1,"samplingRate":"16kHz","audioPath":"/Mock/01.Management/Female/New/ckmk_a_bm_f_n_181181.wav"}}}