{"version":"1.0","dataSet":{"info":{"date":"20230116","occupation":"BM","channel":"MOCK","place":"ONLINE","gender":"FEMALE","ageRange":"-34","experience":"NEW"},"question":{"raw":{"text":"지원자님 이전 직장 혹은 대학에서 어떤 프로젝트를 해 보셨나요 지원자님이 생각 나는 게 있다면 한 번 말씀해 주시겠어요","wordCount":18},"emotion":[],"intent":[]},"answer":{"raw":{"text":"이전 직장 혹은 대학에서 어 많은 프로그램을 진행했었는데요. 그 중에서 제가 기억에 남는 프로젝트는 대학 시절에 했던 지역아동센터를 아이들을 대상으로 한 쿠킹 프로그램을 진행한 프로젝트였습니다. 지역 아동센터의 아이들은 어 가정에서 많은 어 맞벌이 부부 부모님을 두고 있는 아이들을 지역아동센터에서 보호하면서 어 문화적 경험과 그리고 공부를 가르쳐주는 그런 곳인데요. 어 문화적 체험이 부족한 아이들에게 어떤 형식으로 어떤 문화를 전달할까 이렇게 고민하다가 요리를 선택하게 되었습니다. 그 프로젝트를 할 당시에 어 대상이 되는 아이들의 어 흥미와 그리고 관심도 이런 것들을 고려해서 음식을 만들었고 그리고 아이들이 그 프로젝트를 할 때 생기가 도는 얼굴을 볼 수 있었습니다.","wordCount":92},"emotion":[{"text":"이전 직장 혹은 대학에서 어 많은 프로그램을 진행했었는데요.","expression":"u-fact","category":"neutral"},{"text":"그 중에서 제가 기억에 남는 프로젝트는 대학 시절에 했던 지역아동센터를 아이들을 대상으로 한 쿠킹 프로그램을 진행한 프로젝트였습니다.","expression":"u-fact","category":"neutral"}],"intent":[{"text":"이전 직장 혹은 대학에서 어 많은 프로그램을 진행했었는데요.","expression":"c_private","category":"background"},{"text":"그 중에서 제가 기억에 남는 프로젝트는 대학 시절에 했던 지역아동센터를 아이들을 대상으로 한 쿠킹 프로그램을 진행한 프로젝트였습니다.","expression":"c_private","category":"background"}],"summary":{"text":"대학 시절에 했던 지역아동센터를 아이들을 대상으로 한 쿠킹 프로그램을 진행한 프로젝트가 가장 기억에 남습니다. 문화적 체험이 부족한 아이들에게 어떤 형식으로 어떤 문화를 전달할 것인가 고민하다가 요리를 선택하게 되었습니다.","wordCount":28}}},"rawDataInfo":{"question":{"fileFormat":"wav","fileSize":349198,"duration":10910,"samplingBit":16,"channelCount":1,"samplingRate":"16kHz","audioPath":"/Mock/01.Management/Female/New/ckmk_q_bm_f_n_178058.wav"},"answer":{"fileFormat":"wav","fileSize":2327758,"duration":72740,"samplingBit":16,"channelCount":1,"samplingRate":"16kHz","audioPath":"/Mock/01.Management/Female/New/ckmk_a_bm_f_n_178058.wav"}}}