{"version":"1.0","dataSet":{"info":{"date":"20230116","occupation":"BM","channel":"MOCK","place":"ONLINE","gender":"FEMALE","ageRange":"45-54","experience":"NEW"},"question":{"raw":{"text":"지원자님이 요즘 공부하고 있는 것이 있나요 있다면 왜 그걸 공부하는지 지금까지 무엇을 배웠는지도 함께 말씀해 주십시오","wordCount":16},"emotion":[],"intent":[]},"answer":{"raw":{"text":"요즘 공부하고 있는 것은 인공지능에 관한 것입니다. 생활을 하다 보면 현시점에서도 인공지능이 우리 생활 속에 많이 들어와 있는데 앞으로 미래에는 인공지능 자체가 생활 전반적인 모든 영역에 영향을 미칠 것으로 예상됩니다. 그래서 이것을 정확하게 알지 못한다면 앞으로 일어나는 일들에 대해서 대비하거나 이런 것들에 영향이 있을 것 같아 공부를 하게 되었습니다. 그리고 이것을 음 공부하면서 어떤 것들을 배웠냐면 인공지능이 우리에게 긍정적인 측면만을 가져다 주지 않는다는 것 그리고 부정적인 측면도 있는데 이것을 어떻게 우리가 함께 극복해 나갈 것인지 그리고 가장 크게 대두되고 있는 인공지능의 윤리적인 문제 같은 것들을 조금 더 깊게 알게 되었습니다. 그래서 사용하면서 편리함 만을 추구하지 않고 이것이 주는 문제점 그리고 해결점을 좀 더 심도 있게 생각해 볼 필요가 있고 더 공부 해야 된다 고 전 생각합니다.","wordCount":116},"emotion":[],"intent":[{"text":"","expression":"","category":"attitude"}],"summary":{"text":"인공지능이 우리 생활 전반에 영향을 미칠 것으로 예상되어 공부를 하게 되었습니다. 공부하면서 인공지능이 우리에게 긍정적인 측면만을 가져다 주지 않는다는 것 그리고 부정적인 측면도 있는데 이것을 어떻게 극복해 나갈 것인지 그리고 가장 크게 대두되고 있는 인공지능의 윤리적인 문제 같은 것들을 많이 알게 되였습니다.","wordCount":42}}},"rawDataInfo":{"question":{"fileFormat":"wav","fileSize":457038,"duration":14280,"samplingBit":16,"channelCount":1,"samplingRate":"16kHz","audioPath":"/Mock/01.Management/Female/New/ckmk_q_bm_f_n_173763.wav"},"answer":{"fileFormat":"wav","fileSize":2242318,"duration":70070,"samplingBit":16,"channelCount":1,"samplingRate":"16kHz","audioPath":"/Mock/01.Management/Female/New/ckmk_a_bm_f_n_173763.wav"}}}