{"version":"1.0","dataSet":{"info":{"date":"20230116","occupation":"BM","channel":"MOCK","place":"ONLINE","gender":"FEMALE","ageRange":"-34","experience":"NEW"},"question":{"raw":{"text":"지원자님의 의견을 주장하실 때 강하게 주장하시는 편인가요 어떤 스타일로 자신의 의견을 주장하시는지 궁금합니다","wordCount":13},"emotion":[],"intent":[]},"answer":{"raw":{"text":"그 제가 의견을 주장할 때 강하게 주장하는 편인지 아니면 어떤 식으로 주장을 하는지에 대해서 여쭤봤는데요. 저는 사실 제 의견을 강하게 주장하는 편은 아닌 것 같습니다. 저는 제 의견보다는 사실 타인의 의견을 조금 더 수용하는 편이고 제가 제 의사가 어 타인에게 먼저 주입되기보다는 저는 다른 사람들의 의견을 다 들어보고 그 의견 중에 제가 심각했을 때 가장 합당하다고 생각하는 의견에 대해서 찬성을 하는 편이고 그 말을 듣는 편입니다. 저는 제 의사가 사실 그렇게 큰 편이 아니고 제 의견이 다 맞다고 생각하지 않기 때문에 먼저 이야기를 듣는 게 더 좋고 그리고 다른 사람의 의견을 따라갈 때 저는 더 맞다고 생각하는 편이라서 저는 그렇게 생각했던 것 같고요. 팀플를 진행을 할 때도 저는 항상 팀원의 입장에서 조금 더 따라가는 편이었던 것 같고 그래서 사실 조율을 하거나 화합할 때 제 성격이 더 좋다고 생각합니다.","wordCount":128},"emotion":[],"intent":[{"text":"","expression":"","category":"attitude"}],"summary":{"text":"저는 제 의견이 다 맞는다고 생각하지 않기 때문에 먼저 이야기를 듣는 게 더 좋고, 다른 사람의 의견을 따라갈 때 더 맞다고 생각하여 팀플을 진행할 때도 팀원의 입장에서 조금 더 따라가는 편이었고 그래서 조율을 하거나 화합할 때 제 성격이 더 좋다고 생각합니다.","wordCount":41}}},"rawDataInfo":{"question":{"fileFormat":"wav","fileSize":343118,"duration":10720,"samplingBit":16,"channelCount":1,"samplingRate":"16kHz","audioPath":"/Mock/01.Management/Female/New/ckmk_q_bm_f_n_174653.wav"},"answer":{"fileFormat":"wav","fileSize":2553678,"duration":79800,"samplingBit":16,"channelCount":1,"samplingRate":"16kHz","audioPath":"/Mock/01.Management/Female/New/ckmk_a_bm_f_n_174653.wav"}}}