{"version":"1.0","dataSet":{"info":{"date":"20230116","occupation":"BM","channel":"MOCK","place":"ONLINE","gender":"FEMALE","ageRange":"-34","experience":"NEW"},"question":{"raw":{"text":"시험 기간이 같이 시간이 촉박할 때 시간 관리를 어떻게 하셨나요 지원자님의 시간 관리법을 설명해 주세요","wordCount":15},"emotion":[],"intent":[]},"answer":{"raw":{"text":"시험 기간 시간이 촉박할 때 저의 시간 관리법을 말씀드리겠습니다. 저는 시험 기간이나 아니면 데드라인이 정해져 있는 상황에서 일단 계획표를 짜는 편입니다. 일주일 단위에서 하루하루 어떤 일을 해야 되는지 크게 두 분류로 나눕니다. 지금 꼭 해야 되는 것과 아니면 지금 하지 않아도 되는 일을 분류하여 그 날마다 그 요일마다 무슨 일을 정확히 해야 되는지를 파악하고 일단 스케줄표에 적어 넣습니다. 그래서 투두 리스트를 만들고 그에 맞게 그 관리표를 꼭 지키려고 노력합니다. 그리고 그 외에 시간이 생기면 할 일들도 그 옆에 적어놔서 만약에 스케줄이 바뀌거나 플랜이 바뀔 경우를 대비하여 그런 옆에 사이드에 적혀있는 리스트를 보고 스케줄 관리를 하는 편입니다. 그렇게 하다보면 내가 하지 못한 것과 제가 할 수 있었던 것 또한 지키지 못한 것 지킨 것들을 한눈에 파악할 수 있기 때문에 시간 관리할 때 매우 도움이 됩니다. 저는 스케줄 관리표를 매우 선호하는 편이라고 말씀드릴 수 있겠습니다.","wordCount":133},"emotion":[],"intent":[{"text":"저는 시험 기간이나 아니면 데드라인이 정해져 있는 상황에서 일단 계획표를 짜는 편입니다.","expression":"m_sche","category":"technology"},{"text":"일주일 단위에서 하루하루 어떤 일을 해야 되는지 크게 두 분류로 나눕니다.","expression":"m_sche","category":"technology"},{"text":"지금 꼭 해야 되는 것과 아니면 지금 하지 않아도 되는 일을 분류하여 그 날마다 그 요일마다 무슨 일을 정확히 해야 되는지를 파악하고 일단 스케줄표에 적어 넣습니다.","expression":"m_sche","category":"technology"},{"text":"그래서 투두 리스트를 만들고 그에 맞게 그 관리표를 꼭 지키려고 노력합니다.","expression":"m_sche","category":"technology"},{"text":"그리고 그 외에 시간이 생기면 할 일들도 그 옆에 적어놔서 만약에 스케줄이 바뀌거나 플랜이 바뀔 경우를 대비하여 그런 옆에 사이드에 적혀있는 리스트를 보고 스케줄 관리를 하는 편입니다.","expression":"m_sche","category":"technology"}],"summary":{"text":"저는 시험 기간이나 데드라인이 정해져 있는 상황에서 일단 계획표를 짜는 편입니다. 일주일 단위로 무슨 일을 해야 되는지 크게 두 분류로 나눕니다. 그리고 그 날마다 그 요일마다 무슨 일을 정확히 해야 되는지를 파악하고 일단 스케줄표에 적어 넣습니다. 그래서 투두 리스트를 만들고 그에 맞게 그 관리표를 지키려고 노력합니다.","wordCount":46}}},"rawDataInfo":{"question":{"fileFormat":"wav","fileSize":367758,"duration":11490,"samplingBit":16,"channelCount":1,"samplingRate":"16kHz","audioPath":"/Mock/01.Management/Female/New/ckmk_q_bm_f_n_182667.wav"},"answer":{"fileFormat":"wav","fileSize":2601038,"duration":81280,"samplingBit":16,"channelCount":1,"samplingRate":"16kHz","audioPath":"/Mock/01.Management/Female/New/ckmk_a_bm_f_n_182667.wav"}}}