{"version":"1.0","dataSet":{"info":{"date":"20230116","occupation":"BM","channel":"MOCK","place":"ONLINE","gender":"FEMALE","ageRange":"-34","experience":"NEW"},"question":{"raw":{"text":"지원자님께서는 창의성과 팀워크 중 무엇이 더 중요하다고 생각하시나요 그렇게 생각하시는 이유도 함께 말씀해 주세요","wordCount":14},"emotion":[],"intent":[]},"answer":{"raw":{"text":"네 저는 경영이나 사무 쪽에서 더 중요한 것은 팀워크라고 생각이 듭니다. 창의성이라는 것은 만약에 예술가 였다면 제가 창의성이라고 대답을 했을 것 같습니다. 왜냐하면 작가들은 자신의 생각과 자신의 지식이 굉장히 뚜렷하게 빛이 나는 직종 중에 하나 인데요. 저희는 어떻게 보면 하나의 회사이고 이 회사는 거대한 팀이라고 생각이 듭니다. 그래서 이를 수행하기 위해서는 내 근처에 있는 팀원들과 네 입을 맞추어야 잘 나갈 수 있고 회사의 발전을 위해서는 우리들이 열심히 한 마음 한 뜻이 되어야 더 성장할 수 있다 라고 생각하기 때문입니다. 그래서 저는 창의성보다는 팀워크가 더 중요하다고 말씀드릴 수 있을 것 같습니다.","wordCount":90},"emotion":[],"intent":[{"text":"네 저는 경영이나 사무 쪽에서 더 중요한 것은 팀워크라고 생각이 듭니다.","expression":"c_cop","category":"personality"},{"text":"그래서 이를 수행하기 위해서는 내 근처에 있는 팀원들과 네    입을 맞추어야 잘 나갈 수 있고 회사의 발전을 위해서는 우리들이 열심히 한 마음    한 뜻이 되어야 더 성장할 수 있다 라고 생각하기 때문입니다.","expression":"c_cop","category":"personality"},{"text":"그래서 저는 창의성보다는   팀워크가 더 중요하다고 말씀드릴 수 있을 것 같습니다.","expression":"c_cop","category":"personality"}],"summary":{"text":"회사 발전을 위해서는 팀원들의 열심히 한 마음이 되어야 더 성장할 수 있다고 생각하기 때문에 창의성보다는 팀워크가 더 중요하다고 생각합니다.","wordCount":19}}},"rawDataInfo":{"question":{"fileFormat":"wav","fileSize":438158,"duration":13690,"samplingBit":16,"channelCount":1,"samplingRate":"16kHz","audioPath":"/Mock/01.Management/Female/New/ckmk_q_bm_f_n_169454.wav"},"answer":{"fileFormat":"wav","fileSize":1571918,"duration":49120,"samplingBit":16,"channelCount":1,"samplingRate":"16kHz","audioPath":"/Mock/01.Management/Female/New/ckmk_a_bm_f_n_169454.wav"}}}