{"version":"1.0","dataSet":{"info":{"date":"20230116","occupation":"BM","channel":"MOCK","place":"ONLINE","gender":"FEMALE","ageRange":"-34","experience":"NEW"},"question":{"raw":{"text":"평소에 개인 작업을 많이 하시는 편이실까요 그렇다면 그렇게 작업을 할 수 있는 원동력은 무엇이라고 생각하시는지 말씀 부탁드립니다","wordCount":17},"emotion":[],"intent":[]},"answer":{"raw":{"text":"저는 평소 개인 작업을 많이 하는 편입니다. 개인 작업을 많이 할 수 있는 원동력은 주변에 저에 주변 환경에 대한 저에 책임감 때문이라고 생각합니다. 이 작업을 맡은 사람은 오로지 저 한 명이기 때문에 제가 실패를 하거나 포기를 하거나 실수를 한다면 오로지 제 책임이라고 생각합니다. 그래서 이러한 부정적인 결과를 얻지 않도록 책임감을 가지고 꼼꼼하게 작업을 할 수 있습니다. 그래서 개인 작업을 통해 좀 더 강한 책임감을 가질 수 있게 되고 그리하여 개인 작업을 통해서도 얻을 수 있는 것이 많다고 생각합니다. 책임감 이외에도 스스로 문제를 해결할 수 있는 능력도 기를 수 있다고 생각합니다. 뭐든지 혼자 작업하기 때문에 혼자 생각하고 혼자 결정해야 합니다. 이 과정에서 자립 능력도 기를 수 있다고 생각합니다.","wordCount":107},"emotion":[],"intent":[{"text":"","expression":"","category":"attitude"}],"summary":{"text":"평소 개인 작업을 많이 하는 이유는 주변 환경에 대한 저에 책임감 때문이라고 생각합니다. 그래서 부정적인 결과를 얻지 않도록 책임감을 가지고 꼼꼼하게 작업을 할 수 있습니다. 이로 인해 책임감 외에도 스스로 문제를 해결할 수 있는 능력도 기를 수 있다고 생각합니다.","wordCount":39}}},"rawDataInfo":{"question":{"fileFormat":"wav","fileSize":473678,"duration":14800,"samplingBit":16,"channelCount":1,"samplingRate":"16kHz","audioPath":"/Mock/01.Management/Female/New/ckmk_q_bm_f_n_178388.wav"},"answer":{"fileFormat":"wav","fileSize":2624718,"duration":82020,"samplingBit":16,"channelCount":1,"samplingRate":"16kHz","audioPath":"/Mock/01.Management/Female/New/ckmk_a_bm_f_n_178388.wav"}}}