{"version":"1.0","dataSet":{"info":{"date":"20230116","occupation":"BM","channel":"MOCK","place":"ONLINE","gender":"FEMALE","ageRange":"-34","experience":"NEW"},"question":{"raw":{"text":"지원자님이 그동안 뭐 단체 활동을 하면서 어 그 안에서 주로 어떤 역할을 하는 사람이었는지 저희한테 얘기해 주시겠습니까","wordCount":17},"emotion":[],"intent":[]},"answer":{"raw":{"text":"저는 지금까지 제가 속해 있던 조직 단체 속에서 주로 의견을 내고 결정을 하는 역할을 많이 했던 것 같습니다. 작게는 친구들과의 모임이나 학교에서의 팀플 그리고 아르바이트에서의 작고 소소한 문제들까지 저는 남의 의견을 듣고 그 의견 중에 가장 좋은 것을 선택하기보다는 제가 먼저 의견을 내고 결정이나 방향성을 제시하는 그런 역할을 하였습니다. 일단 제가 가는 방향이 맞다고 생각하는 그런 확신이 있기 때문에 그렇게 생각을 했고요. 그리고 어 이 모임이나 이 상황을 더 좋게 만들고 싶다는 생각이 강해서 항상 그런 역할을 맡아왔던 것 같습니다.","wordCount":80},"emotion":[],"intent":[{"text":"","expression":"","category":"attitude"}],"summary":{"text":"저는 지금까지 제가 속해 있던 조직 단체 속에서 주로 의견을 내고 결정을 하는 역할을 많이 했던 것 같습니다. 남의 의견을 듣고 그 의견 중에 가장 좋은 것을 선택하기보다는 제가 먼저 의견을 내고 결정이나 방향성을 제시하는 역할을 했습니다.","wordCount":37}}},"rawDataInfo":{"question":{"fileFormat":"wav","fileSize":509518,"duration":15920,"samplingBit":16,"channelCount":1,"samplingRate":"16kHz","audioPath":"/Mock/01.Management/Female/New/ckmk_q_bm_f_n_178523.wav"},"answer":{"fileFormat":"wav","fileSize":1843598,"duration":57610,"samplingBit":16,"channelCount":1,"samplingRate":"16kHz","audioPath":"/Mock/01.Management/Female/New/ckmk_a_bm_f_n_178523.wav"}}}