{"version":"1.0","dataSet":{"info":{"date":"20230116","occupation":"BM","channel":"MOCK","place":"ONLINE","gender":"FEMALE","ageRange":"-34","experience":"NEW"},"question":{"raw":{"text":"입사 후에 쉬운 일과 어려운 일이 있을 때 이 일에 대한 분배를 어떻게 하실 건가요 어떻게 나눠서 처리하실 건지 자세히 말씀해 주세요","wordCount":22},"emotion":[],"intent":[]},"answer":{"raw":{"text":"어 우선 그 일이 저에게만 어려운 것인지 혹은 모두에게 동일하기 어려운 일인지를 알아야 할 것 같습니다. 만약 저에게는 어려운 일인데 어 다른 동료나 선배들에게는 쉬운 일이라면 어 저는 굳이 그 업무를 제가 맡으려고 하지 않을 것 같습니다. 만약 그 일이 모두에게나 공평하게 어려운 일이라면 어 저는 최대한 제가 나서서 그 일을 하기 위해서 노력할 것 같습니다. 음 업무에서는 그 무엇보다 효율성과 또 팀원들 간에 감정이 상하지 않는 것이 중요한데요. 누구에게나 어려운 일을 제가 맡아서 하는 것은 효율성에도 저해되지 않고 어 팀 분위기도 더 돈독해지고 관계 면에서도 긍정적으로 작용할 것이라고 생각하기 때문에 모두에게 어려운 일이라면 제가 나서 나서서 어 나서서 그 일을 맡을 것 같습니다.","wordCount":104},"emotion":[],"intent":[{"text":"","expression":"","category":"attitude"}],"summary":{"text":"업무는 무엇보다 효율성과 팀원들 간에 감정이 상하지 않는 것이 중요하기 때문에 모두에게 어려운 일이라면 제가 나서서 그 일을 할 것 같습니다.","wordCount":21}}},"rawDataInfo":{"question":{"fileFormat":"wav","fileSize":575438,"duration":17980,"samplingBit":16,"channelCount":1,"samplingRate":"16kHz","audioPath":"/Mock/01.Management/Female/New/ckmk_q_bm_f_n_190147.wav"},"answer":{"fileFormat":"wav","fileSize":2294798,"duration":71710,"samplingBit":16,"channelCount":1,"samplingRate":"16kHz","audioPath":"/Mock/01.Management/Female/New/ckmk_a_bm_f_n_190147.wav"}}}