{"version":"1.0","dataSet":{"info":{"date":"20230116","occupation":"BM","channel":"MOCK","place":"ONLINE","gender":"FEMALE","ageRange":"-34","experience":"NEW"},"question":{"raw":{"text":"공동체의 가치에 입각해서 무형문화유산의 보호에 있어서 적용되는 사회적 관념은 어떤 것이라고 생각하시나요","wordCount":12},"emotion":[],"intent":[]},"answer":{"raw":{"text":"네 무형 문화유산이라고 하면은 사실 전통적 공연 예술 그리고 공예 미술 전통 기술 그리고 한의학 농경 어로 등의 전통 지식 뭐 전통적 생활 관습을 뜻한다고 하는데 저는 사실 무형 문화유산이 가장 중요한 유산이라고 생각을 합니다. 그래서 꼭 지켜야 할 유산이라고 생각을 하는데 공동체에서 사실 문화적인 측면이 저는 가장 중요한 측면이라고 생각을 하고 어떤 경제적 가치보다 더 의미가 깊다 라는 생각이 들어서 저는 무형 문화유산을 꼭 보호해야 된다고 생각을 하고 그 보호를 통해서 후세에도 좀 깊이 있는 문화를 전달할 수 있다고 생각을 하기 때문에 저는 무형 문화유산 보호가 꼭 필요하다고 생각이 듭니다.","wordCount":91},"emotion":[{"text":"그래서 꼭 지켜야 할 유산이라고 생각을 하는데 공동체에서   사실 문화적인 측면이 저는 가장 중요한 측면이라고 생각을 하고   어떤 경제적 가치보다 더 의미가 깊다 라는 생각이 들어서 저는 무형 문화유산을 꼭 보호해야 된다고 생각을 하고   그 보호를 통해서 후세에도 좀 깊이 있는 문화를 전달할 수 있다고 생각을 하기 때문에 저는 무형 문화유산 보호가 꼭 필요하다고 생각이 듭니다.","expression":"u-belief","category":"neutral"}],"intent":[{"text":"네 무형 문화유산이라고 하면은 사실 전통적 공연 예술 그리고 공예   미술 전통 기술 그리고 한의학 농경 어로 등의 전통 지식   뭐 전통적 생활 관습을 뜻한다고 하는데 저는 사실 무형 문화유산이 가장 중요한   유산이라고 생각을 합니다.","expression":"c_value","category":"background"},{"text":"그래서 꼭 지켜야 할 유산이라고 생각을 하는데 공동체에서   사실 문화적인 측면이 저는 가장 중요한 측면이라고 생각을 하고   어떤 경제적 가치보다 더 의미가 깊다 라는 생각이 들어서 저는 무형 문화유산을 꼭 보호해야 된다고 생각을 하고   그 보호를 통해서 후세에도 좀 깊이 있는 문화를 전달할 수 있다고 생각을 하기 때문에 저는 무형 문화유산 보호가 꼭 필요하다고 생각이 듭니다.","expression":"c_value","category":"background"}],"summary":{"text":"공동체에서 문화적인 측면이 가장 중요한 유산이라고 생각하며 경제적 가치보다 더 의미가 깊다고 생각되어 무형 문화유산을 꼭 보호해야 된다고 생각합니다.","wordCount":19}}},"rawDataInfo":{"question":{"fileFormat":"wav","fileSize":360398,"duration":11260,"samplingBit":16,"channelCount":1,"samplingRate":"16kHz","audioPath":"/Mock/01.Management/Female/New/ckmk_q_bm_f_n_176399.wav"},"answer":{"fileFormat":"wav","fileSize":2069518,"duration":64670,"samplingBit":16,"channelCount":1,"samplingRate":"16kHz","audioPath":"/Mock/01.Management/Female/New/ckmk_a_bm_f_n_176399.wav"}}}