{"version":"1.0","dataSet":{"info":{"date":"20230116","occupation":"BM","channel":"MOCK","place":"ONLINE","gender":"FEMALE","ageRange":"-34","experience":"NEW"},"question":{"raw":{"text":"이 직무에 지원한 이유가 따로 있으실 텐데요 그 이유가 무엇인지 말씀해 주시고 또 본인이 왜 이 직무에 적합한 인재인지도 설명해 주세요","wordCount":21},"emotion":[],"intent":[]},"answer":{"raw":{"text":"제가 아이티 기획자에 지원하게 된 이유는 하나의 서비스를 제 손으로 시작해서 제 손으로 마무리한다는 것에 의미가 크다고 생각합니다. 물론 유아이 유엑스를 기획하고 서비스를 만드는 것에 가장 큰 흥미가 있기 때문에 직무를 선택하였지만 추가로 저는 계획을 짜고 그것이 실행되었을 때 큰 기쁨을 느끼는 사람이 있기 때문에 여러 가지 변수를 통제하고 업무를 조율하고 협업하며 이를 성공적으로 끝마쳤을 때 큰 희열과 성취감을 느낄 거라고 생각합니다. 또 저는 사람을 좋아하고 대하는 것에 능하기 때문에 협업을 많이 해야 하는 이 기획자라는 직무에 아주 적합한 인재라고 생각합니다.","wordCount":81},"emotion":[],"intent":[{"text":"제가 아이티 기획자에 지원하게 된 이유는 하나의 서비스를 제 손으로 시작해서 제 손으로 마무리한다는 것에 의미가 크다고 생각합니다.","expression":"c_sincere_job","category":"etc"}],"summary":{"text":"저는 사람을 좋아하고 대하는 것에 능하기 때문에 협업을 많이 해야 하는 이 기획자라는 직무에 아주 적합한 인재라고 생각합니다. 제가 아이티 기획자에 지원하게 된 이유는 하나의 서비스를 제 손으로 시작해서 제 손으로 마무리한다는 것에 의미가 크다고 생각합니다.","wordCount":36}}},"rawDataInfo":{"question":{"fileFormat":"wav","fileSize":438478,"duration":13700,"samplingBit":16,"channelCount":1,"samplingRate":"16kHz","audioPath":"/Mock/01.Management/Female/New/ckmk_q_bm_f_n_178201.wav"},"answer":{"fileFormat":"wav","fileSize":1736078,"duration":54250,"samplingBit":16,"channelCount":1,"samplingRate":"16kHz","audioPath":"/Mock/01.Management/Female/New/ckmk_a_bm_f_n_178201.wav"}}}