{"version":"1.0","dataSet":{"info":{"date":"20230116","occupation":"BM","channel":"MOCK","place":"ONLINE","gender":"FEMALE","ageRange":"45-54","experience":"NEW"},"question":{"raw":{"text":"지원자님이 만약 일을 하던 도중에 팀원과 마찰이 생긴다면 어떻게 해결할 것이며 그 해결법과 그 이유를 설명을 좀 부탁드리겠습니다","wordCount":18},"emotion":[],"intent":[]},"answer":{"raw":{"text":"아 일을 하면서 불화가 생기지 않도록 하는 게 어 물론 제일 좋지만 또 사람 대 사람이 살아가면서 서로 의견이나 이런 부분 뭐 성격이라던지 이런 게 맞지 않아서 불화가 생길 수가 있는데요. 만약에 그렇다면 어 지금 일단은 좀 마음을 좀 가라앉히고 화나하는 마음이 좀 가라앉진 다음에 대화를 해야 될 것 같구요. 어 상대방의 입장도 좀 많이 생각을 해 봐야 되고 역지사지의 개념으로 어 일단은 뭐 불화가 생긴 이유를 잘 생각을 해보고 그 부분을 풀 수 있도록 상대방에 대한 어떤 불만이라던지 어 고쳐야 될 점 이런 부분을 좀 인신공격성 이런 쪽이 아닌 어 기본적인 어떤 그 내용으로 해서 기분 나쁘지 않게 잘 말할 수 있어야 된다고 생각합니다. 물론 그게 제일 어렵긴 하지만 어 그까 비하하거나 그러지 말고 잘 그 풀어나가야 될 것 같다고 생각합니다.","wordCount":122},"emotion":[],"intent":[{"text":"","expression":"","category":"attitude"}],"summary":{"text":"일을 하면서 불화가 생기지 않도록 하는 게 제일 좋지만 사람 대 사람이 살아가면서 서로 의견이나 성격 등이 맞지 않아 불화가 생길 수 있습니다. 그렇다면 일단 마음을 가라앉힌 후 대화를 해야 될 것 같습니다. 상대방이 불화가 생긴 이유를 생각하고 그 부분을 잘 해결할 수 있도록 해야 합니다.","wordCount":46}}},"rawDataInfo":{"question":{"fileFormat":"wav","fileSize":414158,"duration":12940,"samplingBit":16,"channelCount":1,"samplingRate":"16kHz","audioPath":"/Mock/01.Management/Female/New/ckmk_q_bm_f_n_182033.wav"},"answer":{"fileFormat":"wav","fileSize":2463758,"duration":76990,"samplingBit":16,"channelCount":1,"samplingRate":"16kHz","audioPath":"/Mock/01.Management/Female/New/ckmk_a_bm_f_n_182033.wav"}}}