{"version":"1.0","dataSet":{"info":{"date":"20230116","occupation":"BM","channel":"MOCK","place":"ONLINE","gender":"FEMALE","ageRange":"45-54","experience":"NEW"},"question":{"raw":{"text":"지원자님은 소통 능력을 키우기 위해서 어떤 일을 해 보신 경험이 있습니까 생각나는 방법들을 자세하게 한 번 말씀해 주세요","wordCount":18},"emotion":[],"intent":[]},"answer":{"raw":{"text":"어 소통 능력을 키우기 위해서는 글쎄요 제가 보기에는 이제 기본적인 마음 자세가 모든 것을 수용할 수 있는 내 의견만 맞다 뭐 이런 의견 고수하는 거를 조금 접어둬야 될 것 같구요. 그리고는 여러 가지 다방면에 많은 그러니까 깊은 지식은 아니어도 다양하게 좀 얇게라도 그 많은 상식선에 그 지식을 가지고 있어야 어떤 부분이더라도 알아야 또 이해할 수 있는 사항이기 때문에 그런 그 상식이 좀 풍부해야 된다고 생각을 하고요. 네 그렇게 되면 소통을 하는 데는 별 이상이 없지 않을까. 내가 모르는 것에 대해서는 조금 사람들이 어 좀 어려워하고 좀 생각이 다르다 라고 생각할 수도 있기 때문에 많이 아는 것이 정말 중요하다고 생각하고 있습니다.","wordCount":100},"emotion":[],"intent":[{"text":"","expression":"","category":"attitude"}],"summary":{"text":"소통 능력을 키우기 위해서는 기본적으로 제 의견만 맞다고 고수는 접어둬야 될 것 같습니다. 그리고 많은 상식선이 풍부해야 소통을 하는 데 이상 없을 것이라고 생각합니다.","wordCount":24}}},"rawDataInfo":{"question":{"fileFormat":"wav","fileSize":570958,"duration":17840,"samplingBit":16,"channelCount":1,"samplingRate":"16kHz","audioPath":"/Mock/01.Management/Female/New/ckmk_q_bm_f_n_175017.wav"},"answer":{"fileFormat":"wav","fileSize":2255438,"duration":70480,"samplingBit":16,"channelCount":1,"samplingRate":"16kHz","audioPath":"/Mock/01.Management/Female/New/ckmk_a_bm_f_n_175017.wav"}}}