{"version":"1.0","dataSet":{"info":{"date":"20230116","occupation":"BM","channel":"MOCK","place":"ONLINE","gender":"FEMALE","ageRange":"-34","experience":"NEW"},"question":{"raw":{"text":"과거에 지원자님이 프로젝트를 수행했던 경험이 있으신지 궁금합니다 있으시다면 프로젝트 내에서 어떤 역할을 맡으셨는지 궁금합니다","wordCount":14},"emotion":[],"intent":[]},"answer":{"raw":{"text":"저는 대학 시절에 프로젝트를 많이 수행했었는데요. 어 주로 프로젝트 내에서 리더의 역할을 해 해 왔습니다. 팀원들의 의견을 조율하고 그리고 그들에게 어 그들이 잘 할 수 있는 역할을 분배하고 또 역할을 분배한 거 한 이후에도 그 역할을 잘 수행하고 있는지 체크하고 어 또 어떤 방향으로 프로젝트가 흘러가고 있는지 즉 계속해서 저희가 처음 생각했던 방향으로 잘 흘러가고 있는지 이런 전체적인 것들까지 체크를 했습니다. 그래서 저는 제가 나무와 숲을 동시에 볼 수 있는 사람이라고 생각을 합니다. 그렇기 때문에 이 회사에 입사를 해서 프로젝트를 같이 팀원들과 협업해서 진행하게 된다고 하더라도 이렇게 어 열심히 프로젝트를 진행해 왔던 그리고 리더의 역할을 해왔던 그런 경험들이 빛을 발할 것이라고 생각이 생각이 들고 그것이 회사에 꼭 도움이 될 것이라고 생각합니다.","wordCount":111},"emotion":[],"intent":[{"text":"팀원들의 의견을 조율하고 그리고   그들에게 어 그들이 잘 할 수 있는 역할을 분배하고 또   역할을 분배한 거 한 이후에도 그 역할을 잘 수행하고 있는지 체크하고   어 또 어떤 방향으로 프로젝트가 흘러가고 있는지 즉 계속해서 저희가   처음 생각했던 방향으로 잘 흘러가고 있는지 이런 전체적인 것들까지 체크를   했습니다.","expression":"c_cop","category":"personality"},{"text":"그렇기 때문에 이 회사에 입사를 해서   프로젝트를 같이 팀원들과 협업해서 진행하게 된다고 하더라도   이렇게 어 열심히 프로젝트를 진행해 왔던 그리고 리더의 역할을 해왔던    그런 경험들이 빛을 발할 것이라고 생각이 생각이 들고 그것이   회사에 꼭 도움이 될 것이라고 생각합니다.","expression":"c_cop","category":"personality"}],"summary":{"text":"대학 시절에 프로젝트 내에서 주로 리더의 역할을 해 왔는데 이 회사에 입사를 해서 같이 팀원들과 협업해서 진행하게 된다고 하더라도 이렇게 열심히 프로젝트를 진행해 왔던 경험들이 회사에 꼭 도움이 될 것이라고 생각합니다.","wordCount":31}}},"rawDataInfo":{"question":{"fileFormat":"wav","fileSize":520078,"duration":16250,"samplingBit":16,"channelCount":1,"samplingRate":"16kHz","audioPath":"/Mock/01.Management/Female/New/ckmk_q_bm_f_n_170408.wav"},"answer":{"fileFormat":"wav","fileSize":2331278,"duration":72850,"samplingBit":16,"channelCount":1,"samplingRate":"16kHz","audioPath":"/Mock/01.Management/Female/New/ckmk_a_bm_f_n_170408.wav"}}}