{"version":"1.0","dataSet":{"info":{"date":"20230116","occupation":"BM","channel":"MOCK","place":"ONLINE","gender":"FEMALE","ageRange":"45-54","experience":"NEW"},"question":{"raw":{"text":"우리가 소통 능력을 키우기 위해 어떤 일들을 할 수 있을까요 생각나는 방법들에 대해 최대한 자세하게 말씀해 주세요","wordCount":17},"emotion":[],"intent":[]},"answer":{"raw":{"text":"아 소통 능력을 키우려면 일단 기본적으로 소통이라는 부분이 어 대화에 능동적으로 어떤 사람과 만나도 또 어떤 대화에 주제더라도 잘 그 말이 통하는 그런 사람이어야 된다고 생각을 하구요. 기본적으로 그렇기 때문에 어 상식이 좀 많아야 된다고 저는 생각합니다. 그래서 여러 모로 다방면으로 어 그런 지식을 뭐 깊이 있게 한 우물만 파는 것이 아니라 다방면에 어떤 지식을 좀 쌓는 게 중요할 것 같구요. 왜냐하면 어떤 사람을 만날지 모르기 때문에 그런 부분이 필요하고 어 일단은 또 열린 마음이 있어야 되지 않나 어 어떤 꽉 막혀서 어 이 것만 고수한다거나 이렇지 않고 어 모든 걸 수용할 수 있는 그런 자세가 필요하다고 생각합니다.","wordCount":98},"emotion":[],"intent":[{"text":"","expression":"","category":"attitude"}],"summary":{"text":"소통 능력을 키우기 위해서는 기본적으로 소통이 원활해야 하므로 상식이 좀 많아야 될 것 같습니다. 또 어떤 사람을 만날지 모르기 때문에 열린 마음으로 모든 걸 수용할 수 있는 자세가 필요하다고 생각합니다.","wordCount":30}}},"rawDataInfo":{"question":{"fileFormat":"wav","fileSize":321998,"duration":10060,"samplingBit":16,"channelCount":1,"samplingRate":"16kHz","audioPath":"/Mock/01.Management/Female/New/ckmk_q_bm_f_n_178469.wav"},"answer":{"fileFormat":"wav","fileSize":2366798,"duration":73960,"samplingBit":16,"channelCount":1,"samplingRate":"16kHz","audioPath":"/Mock/01.Management/Female/New/ckmk_a_bm_f_n_178469.wav"}}}