{"version":"1.0","dataSet":{"info":{"date":"20230116","occupation":"BM","channel":"MOCK","place":"ONLINE","gender":"FEMALE","ageRange":"-34","experience":"NEW"},"question":{"raw":{"text":"만약 이 면접 중 본인이 내일 죽는다는 사실을 듣게 된다면 당장 어떻게 하시겠습니까 이 면접을 계속 끝까지 진행하실 건가요","wordCount":19},"emotion":[],"intent":[]},"answer":{"raw":{"text":"제가 내일 죽는다는 것은 알더라도 저는 이 면접을 끝까지 볼 것입니다. 저는 이 회사에 입사하기 위하여 인턴 빅 관련 분야에서 인턴 경험도 쌓았고 여러 프로젝트도 진행하였습니다. 그리하여서 죽기 전에 이 면접을 끝까지 보고 결과를 알 수 있다고 한다면 제가 뿌듯함을 느낄 수 있을 것이라고 생각합니다. 물론 결과가 빨리 나오지 않는다고 하더라도 제가 여태까지 노력한 것에 대한 면접까지는 갈 수 있었다 라는 생각에 뿌듯함도 느낄 수 있을 것 같습니다. 또한 이 면접이 끝나고 난다면 저는 여행을 바로 떠날 것입니다. 내일 죽을 것이기 때문에 좀 더 많은 풍경을 보고 싶습니다. 그래서 제주도로 여행을 떠나 풍경을 감상하고 바다의 경치를 보면서 기분 전환을 하려고 할 것입니다.","wordCount":102},"emotion":[],"intent":[{"text":"","expression":"","category":"attitude"}],"summary":{"text":"면접을 끝까지 보고 결과를 알 수 있다면 뿌듯함을 느낄 수 있을 것이라고 생각합니다. 면접이 끝나고 나면 저는 여행을 바로 떠날 것입니다. 내일 죽을 것이기 때문에 좀 더 많은 풍경을 보고 싶습니다. 그래서 제주도로 여행을 떠나 기분 전환을 하려고 할 것입니다.","wordCount":40}}},"rawDataInfo":{"question":{"fileFormat":"wav","fileSize":467278,"duration":14600,"samplingBit":16,"channelCount":1,"samplingRate":"16kHz","audioPath":"/Mock/01.Management/Female/New/ckmk_q_bm_f_n_178387.wav"},"answer":{"fileFormat":"wav","fileSize":2435918,"duration":76120,"samplingBit":16,"channelCount":1,"samplingRate":"16kHz","audioPath":"/Mock/01.Management/Female/New/ckmk_a_bm_f_n_178387.wav"}}}