{"version":"1.0","dataSet":{"info":{"date":"20230116","occupation":"BM","channel":"MOCK","place":"ONLINE","gender":"FEMALE","ageRange":"45-54","experience":"NEW"},"question":{"raw":{"text":"글로벌 인재에게 필수 역량은 무엇이라고 생각하시나요 그 역량을 지원자님은 갖추셨거나 갖추기 위해 노력 중이신가요","wordCount":14},"emotion":[],"intent":[]},"answer":{"raw":{"text":"글로벌 인생의 필수인 요소는 예전 같으면 영어라고 생각 할 텐데요. 그 영어는 요즘은 이제 그냥 기본적인 부분이라서 요소라고 말을 꺼내기도 좀 그렇구요. 어 실제론 이제 그런 기본적인 영어를 떠나서 어 그 열린 마음 열린 자세가 아닐까 싶습니다. 어 서로의 뭐 문화라든지 이런 그 환경이 다르다 보니까 아 그까 다른 나라 사람들을 이해하기가 좀 어려운 또 그런 부분도 있기 때문에 또 이해의 폭을 늘리기 위해서는 넓게 하기 위해서는 많이 알아야 된다 생각을 해서 어 여행도 좀 많이 다니려고 해외 여행을 많이 다니려고 노력도 했었고요. 또 그렇지 못한 뭐 코로나 시대 요 근래에는 뭐 유튜브나 이런 부분으로 다른 나라의 어떤 그 생활이라든지 그런 다큐멘터리 이런 것들을 많이 보았었던 것 같습니다.","wordCount":108},"emotion":[],"intent":[{"text":"","expression":"","category":"attitude"}],"summary":{"text":"글로벌 인생의 필수 요소는 예전에는 영어였으나 요즘은 열린 마음 열린 자세라고 생각합니다. 서로 문화, 환경이 달라서 이해의 폭을 넓히기 위해 많이 알아야 겠다 생각해 해외 여행을 많이 다니려고 했고, 유튜브나 다큐멘터리도 많이 보았었습니다.","wordCount":33}}},"rawDataInfo":{"question":{"fileFormat":"wav","fileSize":364878,"duration":11400,"samplingBit":16,"channelCount":1,"samplingRate":"16kHz","audioPath":"/Mock/01.Management/Female/New/ckmk_q_bm_f_n_182164.wav"},"answer":{"fileFormat":"wav","fileSize":2437838,"duration":76180,"samplingBit":16,"channelCount":1,"samplingRate":"16kHz","audioPath":"/Mock/01.Management/Female/New/ckmk_a_bm_f_n_182164.wav"}}}