{"version":"1.0","dataSet":{"info":{"date":"20230116","occupation":"BM","channel":"MOCK","place":"ONLINE","gender":"FEMALE","ageRange":"55-","experience":"NEW"},"question":{"raw":{"text":"다른 지원자들에 비해 지원자님만이 가진 차별성 장점을 어필한다면 어떤 것이 있을까요 지원자님만의 차별성 장점에 대해서 말씀해 주시겠습니까","wordCount":17},"emotion":[],"intent":[]},"answer":{"raw":{"text":"다른 지원자들에 비해 지원자만의 가진 차별성 장점을 어필한다면 어떤 것이 있겠습니까 라고 질문하셨습니다. 거기에 대한 저의 답변입니다. 저는 어떤 일을 하든지 남들에 비해 속도를 빨리 낼 수 있습니다. 저의 경험으로 알바 하던 중 한 분이 퇴사 한 분의 몫을 제가 모두 처리한 적이 있습니다. 두 사람 분을 혼자 할 수 있는 특별한 능력과 체력을 가지고 있다고 자부합니다. 꼼꼼한 성격으로 속도가 빠르다고 일을 대충하는 것은 없어 그것이 저의 차별성 있는 큰 장점으로 생각하고 있습니다. 감사합니다.","wordCount":74},"emotion":[],"intent":[{"text":"꼼꼼한 성격으로 속도가 빠르다고 일을 대충하는 것은 없어 그것이 저의 차별성 있는 큰 장점으로 생각하고 있습니다.","expression":"c_person","category":"background"}],"summary":{"text":"다른 지원자에 비해 지원자만의 차별성 장점을 어필한다면 어떤 것이 있느냐 라고 질문하였습니다. 저는 어떤 일을 하든지 남들에 비해 속도를 빨리 낼 수 있는 능력을 가지고 있다고 자부합니다.","wordCount":27}}},"rawDataInfo":{"question":{"fileFormat":"wav","fileSize":492878,"duration":15400,"samplingBit":16,"channelCount":1,"samplingRate":"16kHz","audioPath":"/Mock/01.Management/Female/New/ckmk_q_bm_f_n_175295.wav"},"answer":{"fileFormat":"wav","fileSize":1747598,"duration":54610,"samplingBit":16,"channelCount":1,"samplingRate":"16kHz","audioPath":"/Mock/01.Management/Female/New/ckmk_a_bm_f_n_175295.wav"}}}