{"version":"1.0","dataSet":{"info":{"date":"20230116","occupation":"BM","channel":"MOCK","place":"ONLINE","gender":"FEMALE","ageRange":"35-44","experience":"NEW"},"question":{"raw":{"text":"협업하는 과제와 혼자 하는 과제 중 무엇을 더 선호하시나요 그 이유도 함께 말씀해 주시겠어요","wordCount":14},"emotion":[],"intent":[]},"answer":{"raw":{"text":"저 같은 경우에는 예전에는 혼자 하는 과제를 더 즐겼었습니다. 왜냐하면 혼자 하는 과제를 하다 보면 스스로 업무에 대해서 또 고민을 해보고 또 할애할 수 있는 시간이 더 많다 라고 생각했기 때문입니다. 그런데 제가 대학 때 어떤 프로젝트를 하나 진행을 하면서 느낀 점은 혼자 하는 것보다는 여러 사람들이 머리를 맞대고 좋은 아이디어들을 서로 공유할 때 정말 큰 시너지 효과가 나온다는 점입니다. 그래서 저 같은 경우에는 어떤 업무에 대해서 치열하게 고민해 보고 또 가끔씩은 좋은 아이디어를 나눌 때 혼자 하는 것보다 더 좋은 성과가 나온다는 점에서 너무 잘 알고 있기 때문에 제가 현 직장에 오게 된다 라면은 저는 제가 고민하는 문제들에 대해서 동료들과 많이 대화하는 티 타임의 시간을 많이 갖도록 하겠습니다.","wordCount":109},"emotion":[],"intent":[{"text":"그런데 제가 대학 때 어떤 프로젝트를 하나 진행을 하면서 느낀 점은   혼자 하는 것보다는 여러 사람들이 머리를 맞대고 좋은 아이디어들을 서로 공유할 때   정말 큰 시너지 효과가 나온다는 점입니다.","expression":"c_cop","category":"personality"}],"summary":{"text":"예전에는 혼자 하는 과제를 더 즐겼었는데, 대학 때 한 프로젝트를 진행하면서 느낀 점은 여러 사람들이 머리를 맞대고 좋은 아이디어들을 서로 공유할 때 큰 시너지 효과가 나온다는 점입니다. 현 직장에 온다면 고민 문제들에 대해서 동료들과 많이 대화하는 시간을 갖도록 하겠습니다.","wordCount":39}}},"rawDataInfo":{"question":{"fileFormat":"wav","fileSize":282318,"duration":8820,"samplingBit":16,"channelCount":1,"samplingRate":"16kHz","audioPath":"/Mock/01.Management/Female/New/ckmk_q_bm_f_n_184569.wav"},"answer":{"fileFormat":"wav","fileSize":2564238,"duration":80130,"samplingBit":16,"channelCount":1,"samplingRate":"16kHz","audioPath":"/Mock/01.Management/Female/New/ckmk_a_bm_f_n_184569.wav"}}}