{"version":"1.0","dataSet":{"info":{"date":"20230116","occupation":"BM","channel":"MOCK","place":"ONLINE","gender":"FEMALE","ageRange":"-34","experience":"NEW"},"question":{"raw":{"text":"지원자님은 직장을 선택할 때 가장 중요하게 생각하는 것이 있다면 세 가지만 들어서 각각 어떤 것인지 말씀해 주세요","wordCount":17},"emotion":[],"intent":[]},"answer":{"raw":{"text":"우선 제가 직장을 선택할 때 가장 중요하게 생각하는 세 가지는 첫 번째는 제가 좋아하는 일이냐는 것입니다. 어 이 일을 하면서 제가 너무 출근을 하기 싫고 내일은 다시는 이 이런 일을 겪고 싶지 않는 일을 하게 된다면 그것보다 불행한 일은 없다고 생각합니다. 두 번째는 제가 일을 잘하 잘하는 일인가에 대한 것입니다. 아무리 제가 좋아한다 좋아하는 일이라고 해도 그 일이 제가 전혀 잘하지 못하는 부분의 일이라면 그것은 회사에 폐를 끼치는 일이기 때문에 제가 좋아하고 또 잘하는 일을 해야 한다고 생각합니다. 세 번째는 저에 삶에 밸런스가 맞춰질 것인가 하는 부분입니다. 이 회사의 일과 그리고 퇴근 후에 그런 제 삶이 밸런스를 이루어야만 저는 행복한 삶을 살 수 있다고 생각을 하기 때문에 이 세 가지를 고려해서 직장을 선택하고 싶습니다.","wordCount":114},"emotion":[],"intent":[{"text":"","expression":"","category":"attitude"}],"summary":{"text":"직장 선택 시 중요하게 생각하는 세 가지는 제가 좋아하는 일, 잘하는 일, 삶에 밸런스가 맞춰질 것인가 하는 부분입니다. 이 회사 일과 퇴근 후 삶이 밸런스를 이루어야만 행복한 삶을 살 수 있다고 생각해서 세 가지를 고려해서 직장을 선택하고 싶습니다.","wordCount":38}}},"rawDataInfo":{"question":{"fileFormat":"wav","fileSize":337038,"duration":10530,"samplingBit":16,"channelCount":1,"samplingRate":"16kHz","audioPath":"/Mock/01.Management/Female/New/ckmk_q_bm_f_n_174757.wav"},"answer":{"fileFormat":"wav","fileSize":2337998,"duration":73060,"samplingBit":16,"channelCount":1,"samplingRate":"16kHz","audioPath":"/Mock/01.Management/Female/New/ckmk_a_bm_f_n_174757.wav"}}}