{"version":"1.0","dataSet":{"info":{"date":"20230116","occupation":"BM","channel":"MOCK","place":"ONLINE","gender":"FEMALE","ageRange":"-34","experience":"NEW"},"question":{"raw":{"text":"혹시 지원자께서 따로 진행하고 있는 프로젝트가 있습니까","wordCount":7},"emotion":[],"intent":[]},"answer":{"raw":{"text":"어 제가 현재 코딩을 공부하고 있기 때문에 음 파이선 프로젝트를 하나 진행하고 있는데 이 파이선 프로젝트 같은 경우에는 게임 단순한 게임 개발 위주로 하고 있습니다. 어 이 자신이 공부를 하기 위함도 있고 이 시장의 추세에 맞춰서 기본적인 기준을 갖고 있어야 현업에서 오래 살아남을 수 있다고 생각을 해서 이러한 프로젝트로 공부를 하고 있습니다.","wordCount":52},"emotion":[],"intent":[{"text":"","expression":"","category":"attitude"}],"summary":{"text":"파이선 프로젝트는 단순한 게임 개발 위주이며 시장 추세에 맞춰 기본적인 기준을 갖고 현업에서 오래 살아남기 위해 공부 하고 있습니다.","wordCount":19}}},"rawDataInfo":{"question":{"fileFormat":"wav","fileSize":243278,"duration":7600,"samplingBit":16,"channelCount":1,"samplingRate":"16kHz","audioPath":"/Mock/01.Management/Female/New/ckmk_q_bm_f_n_171849.wav"},"answer":{"fileFormat":"wav","fileSize":1078158,"duration":33690,"samplingBit":16,"channelCount":1,"samplingRate":"16kHz","audioPath":"/Mock/01.Management/Female/New/ckmk_a_bm_f_n_171849.wav"}}}