{"version":"1.0","dataSet":{"info":{"date":"20230116","occupation":"BM","channel":"MOCK","place":"ONLINE","gender":"FEMALE","ageRange":"-34","experience":"NEW"},"question":{"raw":{"text":"경영이란 무엇이라고 생각하시나요","wordCount":3},"emotion":[],"intent":[]},"answer":{"raw":{"text":"경영은 미래를 위한 비전을 세우는 일이라고 생각합니다. 단순히 삼 년 오 년 안에 이 회사가 어떻게 굴러갈지를 결정하는 것도 물론 경영의 몫이지만 어 경영을 한다는 것은 회사가 어떻게 살아남을지 수십 년 뒤에는 어떤 모습을 할지 거시적인 시점에서 시장과 회사 그 시장에서 회사의 위치를 바라봐야 하는 일이라고 생각합니다.","wordCount":47},"emotion":[],"intent":[{"text":"","expression":"","category":"attitude"}],"summary":{"text":"경영은 미래를 위한 비전을 세우는 일이며, 거시적인 시점에서 회사 위치를 바라봐야 합니다. 이는 경영의 몫이며 미래를 위한 비전입니다.","wordCount":18}}},"rawDataInfo":{"question":{"fileFormat":"wav","fileSize":200078,"duration":6250,"samplingBit":16,"channelCount":1,"samplingRate":"16kHz","audioPath":"/Mock/01.Management/Female/New/ckmk_q_bm_f_n_171756.wav"},"answer":{"fileFormat":"wav","fileSize":1252558,"duration":39140,"samplingBit":16,"channelCount":1,"samplingRate":"16kHz","audioPath":"/Mock/01.Management/Female/New/ckmk_a_bm_f_n_171756.wav"}}}