{"version":"1.0","dataSet":{"info":{"date":"20230116","occupation":"BM","channel":"MOCK","place":"ONLINE","gender":"FEMALE","ageRange":"45-54","experience":"NEW"},"question":{"raw":{"text":"본인은 인사란 무엇이라고 생각하시나요 본인이 생각하는 인사에 대해 간단하게 정의 내려 주세요","wordCount":12},"emotion":[],"intent":[]},"answer":{"raw":{"text":"아 제가 뭐 인사에 대해서 잘은 모르지만 일단 경영 사무의 측면에서 본다면 어 인사란 조직의 성패를 좌우하는 어 중요한 업무가 아닌가 싶습니다. 물론 물건을 잘 만들고 어떤 서비스를 잘 기획하고 이런 것도 중요하지만 먼저 그거보다 기초가 되는 부분이 그 좋은 인재를 뽑는 거라 생각하고 아 그런 인재를 뽑는 일이 최고의 인재를 뽑는 게 전부가 아니라 그 자리에 적합한 적재적소에 필요한 그 인원을 뽑는 게 인사 업무의 가장 중요한 일이라고 생각을 하고요. 어 가장 회사에 성패에 기초적인 부분이 인사 업무라고 생각하고 경영 사무 쪽에서는 인사 업무가 가장 중요한 업무라고 생각합니다.","wordCount":89},"emotion":[],"intent":[{"text":"","expression":"","category":"attitude"}],"summary":{"text":"경영 사무의 측면에서 보면 인사란 조직의 성패를 좌우하는 중요한 업무입니다. 최고의 인재를 뽑는 게 전부가 아니라 그 자리에 적합한 적재적소에 필요한 인원을 뽑는 게 인사 업무의 가장 중요한 일이라고 생각합니다.","wordCount":30}}},"rawDataInfo":{"question":{"fileFormat":"wav","fileSize":345678,"duration":10800,"samplingBit":16,"channelCount":1,"samplingRate":"16kHz","audioPath":"/Mock/01.Management/Female/New/ckmk_q_bm_f_n_175020.wav"},"answer":{"fileFormat":"wav","fileSize":2172878,"duration":67900,"samplingBit":16,"channelCount":1,"samplingRate":"16kHz","audioPath":"/Mock/01.Management/Female/New/ckmk_a_bm_f_n_175020.wav"}}}