{"version":"1.0","dataSet":{"info":{"date":"20230116","occupation":"BM","channel":"MOCK","place":"ONLINE","gender":"FEMALE","ageRange":"45-54","experience":"NEW"},"question":{"raw":{"text":"회사에 입사를 하시게 되면 수많은 보고서와 문서를 작성하시게 될 겁니다 어 보고서 등 문서 작성 시 실수를 방지하려면 어떻게 해야 한다고 생각하시는지 본인의 의견을 말씀해 주세요","wordCount":26},"emotion":[],"intent":[]},"answer":{"raw":{"text":"보고서 등의 문서 작성에 실수를 하는 건 어 사전에 교육이 제대로 되어 있지 않기 때문이라고 생각합니다. 왜냐하면 어 기존에 작업을 했던 그런 문서들이 샘플로 제공이 돼서 작업자에게 보여지고 그것을 숙지하게끔 한다면 그런 업무 실수를 줄일 수 있을 거라 생각합니다. 그래서 어 작업하기 전에 문서 작업하기 전에 그 작업자에게 앞선 사례가 있다고 하면 사례를 보여주고 어떤 식으로 작성하는지 미리 숙지시키고 난 후에 작업을 하게 하면 조금 더 원활하고 그리고 실수를 방지할 수 있을 것 같습니다.","wordCount":74},"emotion":[],"intent":[{"text":"","expression":"","category":"attitude"}],"summary":{"text":"사전 교육이 제대로 되어 있지 않으면 업무 실수의 원인이 됩니다. 작업 전에 작업자에게 앞선 사례가 있으면 그것을 보여주고 숙지시킨 후에 작업을 하게 하면 실수를 방지할 수 있습니다.","wordCount":27}}},"rawDataInfo":{"question":{"fileFormat":"wav","fileSize":629838,"duration":19680,"samplingBit":16,"channelCount":1,"samplingRate":"16kHz","audioPath":"/Mock/01.Management/Female/New/ckmk_q_bm_f_n_173765.wav"},"answer":{"fileFormat":"wav","fileSize":1388878,"duration":43400,"samplingBit":16,"channelCount":1,"samplingRate":"16kHz","audioPath":"/Mock/01.Management/Female/New/ckmk_a_bm_f_n_173765.wav"}}}