{"version":"1.0","dataSet":{"info":{"date":"20230116","occupation":"BM","channel":"MOCK","place":"ONLINE","gender":"FEMALE","ageRange":"-34","experience":"NEW"},"question":{"raw":{"text":"지원자님께서 태어나서 지금까지 한 일들 중에서 가장 후회됐던 일이 있었다면 어떠한 것이 있었는지 왜 그렇게 생각하셨는지까지 함께 설명해 주시기 바랍니다","wordCount":20},"emotion":[],"intent":[]},"answer":{"raw":{"text":"태어나서 지금까지 한 일 가운데 제가 가장 후회하는 일은 대학 졸업 후에 어 조그마한 곳에서 빨리 인턴을 했어야 했는데 그러지 못하고 계속 어 공무원 시험을 준비했던 경험입니다. 물론 공무원 시험을 준비했던 경험을 통해서 저는 여러 가지 공부들을 많이 해 보았고 음 실제로도 업무를 하는 데 있어서 도움이 되는 부분이 있을 수 있습니다. 그렇지만 조금 더 빠르게 실무를 경험할 수 있는 경험들을 내가 시도해 보았다면은 음 지금 더 커리어도 발전할 수 있었지 않았을까 하는 후회들을 하고 있습니다. 왜냐하면 저는 당시에 공무원 시험을 치러서 공무원이 되는 게 제 장래에 굉장히 도움이 될 거라고 생각을 했었는데요. 실제로는 제가 조그만한 곳에서라도 인턴을 해보고 또 고객들을 직접 만나보고 동료들과 함께 협업을 해 보았던 그런 경험들이 음 제가 어 지금 현재 직무를 지원하는 데 있어서도 훨씬 더 도움이 된다 라고 생각했기 때문입니다.","wordCount":126},"emotion":[],"intent":[{"text":"","expression":"","category":"attitude"}],"summary":{"text":"저는 공무원 시험을 준비했던 경험이 가장 후회되는 부분입니다. 하지만 더 빠르게 실무를 경험할 수 있었다면 지금 더 커리어도 발전할 수 있었을 것이라고 생각합니다. 실제로 인턴을 해보고, 고객들과 함께 협업을 해 보았던 경험들이 직무를 지원하는 데 도움이 된다고 생각했기 때문입니다.","wordCount":39}}},"rawDataInfo":{"question":{"fileFormat":"wav","fileSize":425678,"duration":13300,"samplingBit":16,"channelCount":1,"samplingRate":"16kHz","audioPath":"/Mock/01.Management/Female/New/ckmk_q_bm_f_n_169562.wav"},"answer":{"fileFormat":"wav","fileSize":2642318,"duration":82570,"samplingBit":16,"channelCount":1,"samplingRate":"16kHz","audioPath":"/Mock/01.Management/Female/New/ckmk_a_bm_f_n_169562.wav"}}}