{"version":"1.0","dataSet":{"info":{"date":"20230116","occupation":"BM","channel":"MOCK","place":"ONLINE","gender":"FEMALE","ageRange":"-34","experience":"NEW"},"question":{"raw":{"text":"만약 면접자님이 게임 속 캐릭터입니다 그때 어떤 게임에서 어떤 역할을 맡아서 수행하고 싶으신가요","wordCount":13},"emotion":[],"intent":[]},"answer":{"raw":{"text":"네 제가 만약 게임 속 캐릭터라면 어떤 게임에서 어떤 역할을 맡아서 수행하고 싶으신가 라는 질문에 저는 제가 캐릭터라면 저는 서포트한 역할을 하고 싶습니다. 그래서 어떤 게임에서 주요한 인물이 아닌 그 세부적인 좀 옆에서 도와주는 역할을 하면 제가 더 빛날 거라고 생각을 합니다. 그래서 팀원이 돼서도 저는 팀원의 팀원 중에서 뭐 비서나 많은 분들이 에게 도움을 줄 수 있는 역할을 꼭 하고 싶고요. 그리고 딱히 제가 게임 속 캐릭터를 잘 모르는데 메인 캐릭터보다는 그 사람에게 도움이 된 역할을 꼭 하고 싶다 라는 생각을 많이 했습니다. 그래서 제가 항상 팀플을 할 때도 팀장은 제가 부담스럽고 저 맞지 않는 일이라고 생각을 하고요. 좀 세세하게 옆에서 챙겨주고 그 일에 대해서 책임감 있게 수행하는 그런 팀원으로 자리 잡고 싶습니다.","wordCount":114},"emotion":[],"intent":[{"text":"","expression":"","category":"attitude"}],"summary":{"text":"게임 속 캐릭터라면 어떤 역할을 맡아서 수행하고 생각하나 라는 질문에 저는 캐릭터라면 서포트한 역할을 하고 싶습니다. 그래서 어떤 게임에서 주요한 인물이 아닌 세부적인 좀 옆에서 도와주는 역할을 하면 제가 더 빛날 거라고 생각을 합니다.","wordCount":34}}},"rawDataInfo":{"question":{"fileFormat":"wav","fileSize":326798,"duration":10210,"samplingBit":16,"channelCount":1,"samplingRate":"16kHz","audioPath":"/Mock/01.Management/Female/New/ckmk_q_bm_f_n_175201.wav"},"answer":{"fileFormat":"wav","fileSize":2441678,"duration":76300,"samplingBit":16,"channelCount":1,"samplingRate":"16kHz","audioPath":"/Mock/01.Management/Female/New/ckmk_a_bm_f_n_175201.wav"}}}