{"version":"1.0","dataSet":{"info":{"date":"20230116","occupation":"BM","channel":"MOCK","place":"ONLINE","gender":"FEMALE","ageRange":"45-54","experience":"NEW"},"question":{"raw":{"text":"스트레스를 받으시면 어떻게 하시나요 또한 왜 그런 방법으로 스트레스를 해소하고 계시는지 한번 들어보고 싶습니다","wordCount":14},"emotion":[],"intent":[]},"answer":{"raw":{"text":"스트레스를 받으면 친구와 쇼핑하는 것으로 마음을 풉니다. 어 쇼핑을 하는 게 물건은 사는 목적도 있지만 스트레스를 받았을 때 쇼핑은 조금 다릅니다. 바로 수다를 떨기 위해서 쇼핑을 가는 것인데요. 어 친구와 물건에 대해서 이야기를 하다 보면 나도 모르게 물건에 집중하게 되고 그러다 보면 내가 왜 화가 났는지 무엇 때문에 화가 났는지 잊어버리게 되는 부분도 있습니다. 그리고 또 시간을 갖고 생각하다 보면 굳이 내가 그렇게 스트레스 받을 일이 아닐 수도 있겠구나 그런 생각을 하게 됩니다. 그래서 저는 스트레스를 받으면 친구와 수다를 떨면서 쇼핑을 하는 것으로 풀고 있습니다.","wordCount":85},"emotion":[],"intent":[{"text":"","expression":"","category":"attitude"}],"summary":{"text":"스트레스 받으면 친구와 수다를 떨면서 쇼핑을 가는 것으로 마음을 풉니다. 친구와 물건에 대해 이야기하다 보면 제가 왜 화가 났는지 무엇을 위해 화가 났는지 잊어버리게 되기 때문입니다. 그래서 우리는 쇼핑으로 마음을 풀었습니다.","wordCount":31}}},"rawDataInfo":{"question":{"fileFormat":"wav","fileSize":600398,"duration":18760,"samplingBit":16,"channelCount":1,"samplingRate":"16kHz","audioPath":"/Mock/01.Management/Female/New/ckmk_q_bm_f_n_188205.wav"},"answer":{"fileFormat":"wav","fileSize":1363278,"duration":42600,"samplingBit":16,"channelCount":1,"samplingRate":"16kHz","audioPath":"/Mock/01.Management/Female/New/ckmk_a_bm_f_n_188205.wav"}}}