{"version":"1.0","dataSet":{"info":{"date":"20230116","occupation":"BM","channel":"MOCK","place":"ONLINE","gender":"FEMALE","ageRange":"-34","experience":"NEW"},"question":{"raw":{"text":"만약 본인이 께임 속의 캐릭터입니다 그렇다면 어떤 께임에서 어떤 역할을 맡아서 수행하고 싶으신가요","wordCount":13},"emotion":[],"intent":[]},"answer":{"raw":{"text":"제가 만약에 게임 속 캐릭 캐릭터라면 여행을 떠나는 게임에서 앞장서는 역할을 수행하고 싶습니다. 뭐 여러 사람과 같이 여행을 떠나면서 제가 어떤 곳으로 여행할지 앞장 서서 도움을 주는데 결정적인 역할을 하고 싶습니다. 여러 사람이 있다 보면 여행을 가고 싶은 곳이 많을 것이라고 생각합니다. 하지만 거기서 제가 앞장서서 결정하여 다 같이 여행을 간다면은 서로 어떤 여행이 됐으면 좋겠는지 대화도 나누고 그러하기 위해서는 어떤 준비물이 필요한지를 계획하고 싶습니다. 이처럼 저는 여러 사람과 함께 하는 활동 속에서 제가 결정적인 도움을 줄 수 있는 역할을 하면 뿌듯함을 느낄 수 있을 것 같습니다. 그래서 향후 입사를 하게 된다면 이와 비슷한 역할을 수행하고 싶습니다.","wordCount":97},"emotion":[],"intent":[{"text":"","expression":"","category":"attitude"}],"summary":{"text":"저는 게임 속 캐릭터라면 여러 사람과 함께 여행을 떠나는 게임에서 앞장서는 역할을 수행하고 싶습니다. 앞으로 입사를 하게 된다면 향후 입사하게 된다면 이와 비슷한 역할을 수행하고자 합니다.","wordCount":26}}},"rawDataInfo":{"question":{"fileFormat":"wav","fileSize":293198,"duration":9160,"samplingBit":16,"channelCount":1,"samplingRate":"16kHz","audioPath":"/Mock/01.Management/Female/New/ckmk_q_bm_f_n_178389.wav"},"answer":{"fileFormat":"wav","fileSize":2579918,"duration":80620,"samplingBit":16,"channelCount":1,"samplingRate":"16kHz","audioPath":"/Mock/01.Management/Female/New/ckmk_a_bm_f_n_178389.wav"}}}