{"version":"1.0","dataSet":{"info":{"date":"20230116","occupation":"BM","channel":"MOCK","place":"ONLINE","gender":"FEMALE","ageRange":"55-","experience":"NEW"},"question":{"raw":{"text":"창의성과 팀워크 중에 더 중요한 것이 무엇이라고 생각을 하십니까 어 근거도 함께 들어서 말씀해 주세요","wordCount":15},"emotion":[],"intent":[]},"answer":{"raw":{"text":"창의성과 팀워크 중 더 중요한 것은 무엇이라고 생각하십니까 근거도 함께 들어서 말씀해 주세요 라고 질문 하셨습니다. 창의성의 기본 요소 중 가장 중요한 것은 민감성이라 해서 팀워크에 조금은 방해가 되기 합니다. 민감성은 오감으로 들어오는 정보를 민감하게 받아들이는 것을 말하는 데 창의성을 키우는 키우기 위해서는 많은 경험과 혼자만의 독특한 독창성 세계가 있다고 봅니다. 다른 사람이 생각해내지 못하는 새로운 아이들을 발생하는 능력을 유창성이나 독창성의 특징인 많은 아이디어 새로운 아이들을 생각해 는 것도 필요하지만 그렇게 생각한 아이디어 중 실제 구현 가능한 것을 선택하여 다듬고 가치를 부여하는 요소도 팀워크가 잘 되어야 큰 그림이 그려지긴 합니다. 창의성과 팀워크 중 어느 하나 중요하다고 꼭 집어 이야기하기는 어렵지만 그래도 더 중요하다고 생객핸 것은 창의성으로 하겠습니다. 감사합니다.","wordCount":108},"emotion":[],"intent":[{"text":"","expression":"","category":"attitude"}],"summary":{"text":"창의성의 기본 요소 중 가장 중요한 것은 민감성이라 해서 팀워크에 방해가 되기 합니다. 민감성은 오감으로 들어오는 정보를 민감하게 받아들이는 것을 말하는데 창의성을 키우는 데는 많은 경험과 혼자의 독특한 독창성 세계가 필요하다고 봅니다.","wordCount":32}}},"rawDataInfo":{"question":{"fileFormat":"wav","fileSize":400718,"duration":12520,"samplingBit":16,"channelCount":1,"samplingRate":"16kHz","audioPath":"/Mock/01.Management/Female/New/ckmk_q_bm_f_n_175293.wav"},"answer":{"fileFormat":"wav","fileSize":2350158,"duration":73440,"samplingBit":16,"channelCount":1,"samplingRate":"16kHz","audioPath":"/Mock/01.Management/Female/New/ckmk_a_bm_f_n_175293.wav"}}}