{"version":"1.0","dataSet":{"info":{"date":"20230116","occupation":"BM","channel":"MOCK","place":"ONLINE","gender":"FEMALE","ageRange":"-34","experience":"NEW"},"question":{"raw":{"text":"지원자님께서는 소통 능력을 키우기 위해서 어떤 일을 할 수 있을까요 생각나는 방법들이 있다면 자세하게 설명해 주세요","wordCount":16},"emotion":[],"intent":[]},"answer":{"raw":{"text":"소통 능력을 키우기 위해서 어떤 일을 할 수 있냐 라고 물어보신다며 일단 듣는 능력을 키우는 것이 가장 중요하다 라고 생각합니다. 소통은 주고받는 것이지만 제가 주는 것은 쉽지만 그 소통을 받아들이는 것은 보통 개인이 하기 어렵습니다. 그래서 남들이 하는 얘기를 잘 듣고 수용하는 자세를 갖는 것이 가장 소통 능력을 키우기 위해 기본 바탕이 되어야 하는 일이라고 생각합니다. 그 사람의 의견이나 어떠한 생각들을 부정하지 않고 그것을 받아들이고 관대한 관점에서 이해하려고 노력하며 어떠한 소통이든 문제가 없을 것이라고 생각됩니다. 물론 일방적인 소통이 되어서는 안 되겠지만 그래도 서로 소통을 하는 것이기 때문에 제 말을 많이 하는 것보다 남의 말을 먼저 많이 들어준다면 상대방도 자연스럽게 제 말을 많이 들어줄 것이라고 생각합니다. 그렇게 서로 소통을 원활하게 하기 위해서는 서로 들어주는 능력을 키우는 것이 가장 중요하다 라고 생각합니다. 소통 능력을 키우기 위해서는 듣는 연습을 많이 하는 것이 중요할 것이라고 말씀드릴 수 있겠습니다.","wordCount":134},"emotion":[],"intent":[{"text":"","expression":"","category":"attitude"}],"summary":{"text":"소통이 원활하게 이루어지기 위해서는 상대방이 하는 얘기를 잘 듣고 수용하는 자세를 갖는 것이 가장 중요하다고 생각합니다. 듣는 연습을 많이 하는 것이 소통 능력을 키우기 위해 중요한 것이라고 말할 수 있겠습니다.","wordCount":30}}},"rawDataInfo":{"question":{"fileFormat":"wav","fileSize":380558,"duration":11890,"samplingBit":16,"channelCount":1,"samplingRate":"16kHz","audioPath":"/Mock/01.Management/Female/New/ckmk_q_bm_f_n_183027.wav"},"answer":{"fileFormat":"wav","fileSize":2674638,"duration":83580,"samplingBit":16,"channelCount":1,"samplingRate":"16kHz","audioPath":"/Mock/01.Management/Female/New/ckmk_a_bm_f_n_183027.wav"}}}