{"version":"1.0","dataSet":{"info":{"date":"20230116","occupation":"BM","channel":"MOCK","place":"ONLINE","gender":"FEMALE","ageRange":"-34","experience":"NEW"},"question":{"raw":{"text":"글로벌 인재에게 필수인 요소는 무엇이고 면접 면접자님께서 그것을 위해 노력했던 점이 무엇인지 말씀해 주세요","wordCount":14},"emotion":[],"intent":[]},"answer":{"raw":{"text":"글로벌 인재 필수 요소는 무엇인가 저도 심도 깊게 생각해 본 적이 있었습니다. 저는 우선 가장 필수적인 요소는 다양한 언어를 습득해서 그 언어를 통해서 커뮤니케이션 능력을 키워서 회사에 보탬이 되는 게 글로벌 인재에게 필수 요소라고 생각을 합니다. 저는 그래서 영어뿐만 아니라 중국어 일본어 그리고 스페인어까지 예전에 열심히 배우면서 언어 습득 능력을 키웠던 것 같습니다. 다양한 언어를 통해서 글로벌적으로 외국에서 같이 대화를 할 때 조금 더 필요한 사람이 되었던 것 같고요. 그리고 그 사람의 다른 나라의 언어를 제가 습득을 하면 그 나라에 다른 문화까지도 제가 습득할 수 있었던 것 같습니다. 그리고 제가 어학연수를 통해서 그 나라에서 직접 경험하고 생활해 보니까 아 이렇게 해서 전 세계에 다른 문화를 제가 직접 경험을 했었고 그런 점이 글로벌 인재에 꼭 필요한 요소가 아닐까 라고 생각을 합니다. 그래서 제가 글로벌 인재 필수 요소를 갖춘 글로벌 인재 라고 생각을 합니다.","wordCount":132},"emotion":[],"intent":[{"text":"","expression":"","category":"attitude"}],"summary":{"text":"글로벌 인재의 필수 요소는 다양한 언어를 습득해서 커뮤니케이션 능력을 키워서 회사에 보탬이 되는 것입니다. 어학연수를 통해 전 세계에 다른 문화를 직접 경험했고 이런 점이 꼭 글로벌 인재에 필요한 요소라고 생각합니다.","wordCount":30}}},"rawDataInfo":{"question":{"fileFormat":"wav","fileSize":456398,"duration":14260,"samplingBit":16,"channelCount":1,"samplingRate":"16kHz","audioPath":"/Mock/01.Management/Female/New/ckmk_q_bm_f_n_175100.wav"},"answer":{"fileFormat":"wav","fileSize":2463438,"duration":76980,"samplingBit":16,"channelCount":1,"samplingRate":"16kHz","audioPath":"/Mock/01.Management/Female/New/ckmk_a_bm_f_n_175100.wav"}}}