{"version":"1.0","dataSet":{"info":{"date":"20230116","occupation":"BM","channel":"MOCK","place":"ONLINE","gender":"FEMALE","ageRange":"45-54","experience":"NEW"},"question":{"raw":{"text":"만약 지원자님에 직무에 맞지 않는 일을 하시게 된다면 어떻게 하시겠습니까 그래도 괜찮으신가요","wordCount":12},"emotion":[],"intent":[]},"answer":{"raw":{"text":"제가 저가 생각한 직무에 맞지 않는 이제 업무를 하게 된다면 처음에는 좀 당황할 수 있을 것 같습니다. 하지만 직무라는 것이 요즘에는 모든 것이 다 유기적으로 연결되어 있다고 생각합니다. 그래서 한 가지 업무만을 고집할 것이 아니라 여러 가지 직무들을 경험해 봄으로써 내가 추구하는 직무에 좀 더 효율적인 도움이나 접목 방법을 떠올려 어 진행하는 데도 도움이 될 것 같습니다. 그래서 만약에 제가 지원하지 않은 직무의 업무를 만든다고 하더라도 처음에는 좀 시행착오가 있을 수 있겠지만 그것에 적응하고 조금 더 알아보고 업무를 원활하게 할 수 있도록 하는 노력을 기울일 것입니다.","wordCount":86},"emotion":[],"intent":[{"text":"","expression":"","category":"attitude"}],"summary":{"text":"직무는 유기적으로 연결되어 있어서 여러 직무들을 경험해 봄으로써 제가 추구하는 직무에 좀 더 효율적인 도움이나 접목 방법을 떠올려 진행하는 데도 도움이 될 것 같습니다.","wordCount":24}}},"rawDataInfo":{"question":{"fileFormat":"wav","fileSize":294478,"duration":9200,"samplingBit":16,"channelCount":1,"samplingRate":"16kHz","audioPath":"/Mock/01.Management/Female/New/ckmk_q_bm_f_n_173764.wav"},"answer":{"fileFormat":"wav","fileSize":1617678,"duration":50550,"samplingBit":16,"channelCount":1,"samplingRate":"16kHz","audioPath":"/Mock/01.Management/Female/New/ckmk_a_bm_f_n_173764.wav"}}}