{"version":"1.0","dataSet":{"info":{"date":"20230116","occupation":"BM","channel":"MOCK","place":"ONLINE","gender":"FEMALE","ageRange":"-34","experience":"NEW"},"question":{"raw":{"text":"본인이 직장을 선택할 때 가장 중요하게 생각하는 것이 있다면 그 중 세 가지만 어떤 것인지 말씀해 주세요","wordCount":17},"emotion":[],"intent":[]},"answer":{"raw":{"text":"제가 직장을 선택할 때 가장 중요하게 생각하는 거 제가 생각해봤는데 저는 첫 번째로는 우선 거리가 중요할 것 같습니다. 제가 회사를 보통 한 시간 정도 거리였는데 두 시간 거리에 회사를 다녀본 적이 있습니다. 그때 다녀보니까 너무 걷기가 힘들고 가는 것 자체가 부담이 되고 집에 오니까 너무 피곤해서 일에 효율성이 떨어진다 라는 생각이 들어서 일단 거리가 중요할 것 같은데 그래도 한 시간 정도 되는 거리는 저는 괜찮을 것 같고요 그리고 두 번째로는 업무의 강도를 볼 것 같은데요. 저는 업무 강도가 센 거는 상관이 없긴 한데 그게 과도하게 제 너무 매일 야근을 한다던가 잔업이 너무 많다던가 하면은 하는 저도 지쳐가지고 사실 일을 직접 할 때 일 정작 시간에는 제가 효율성이 떨어진다라는 생각이 들어서 강도도 조금 중요할 것 같고 새가 세 번째로 생각을 한다면 저는 같이 일하시는 분들을 좀 볼 거 같습니다. 사람이 가장 중요하잖아요. 그래서 일보다는 사람과 함께 어울릴 수 있는 사람이다 화합까지 가능한 사람이다 이런 점을 좀 중요하게 볼 것 같습니다.","wordCount":149},"emotion":[],"intent":[{"text":"","expression":"","category":"attitude"}],"summary":{"text":"직장 선택 시 중요하게 생각하는 첫 번째로는 걷기가 힘든 한 시간 정도의 거리가 중요할 것 같습니다. 두 번째로는 업무의 강도인데, 사실 일을 직접 할 때 일의 효율성이 떨어진다라는 생각이 들어서 강도도 조금 중요할 것 같고, 세 번째로 생각한다면 같이 일하시는 분들을 좀 볼 거 같은데, 사람과 함께 어울릴 수 있고 화합까지 가능한 사람을 중요하게 볼 것입니다.","wordCount":56}}},"rawDataInfo":{"question":{"fileFormat":"wav","fileSize":320078,"duration":10000,"samplingBit":16,"channelCount":1,"samplingRate":"16kHz","audioPath":"/Mock/01.Management/Female/New/ckmk_q_bm_f_n_176205.wav"},"answer":{"fileFormat":"wav","fileSize":2542798,"duration":79460,"samplingBit":16,"channelCount":1,"samplingRate":"16kHz","audioPath":"/Mock/01.Management/Female/New/ckmk_a_bm_f_n_176205.wav"}}}