{"version":"1.0","dataSet":{"info":{"date":"20230116","occupation":"BM","channel":"MOCK","place":"ONLINE","gender":"FEMALE","ageRange":"-34","experience":"NEW"},"question":{"raw":{"text":"음 면접자분께서 생각하는 신입 사원 채용 프로세스를 바꾼다면 어떻게 바꾸고 싶은지 설명 부탁드리겠습니다","wordCount":13},"emotion":[],"intent":[]},"answer":{"raw":{"text":"신입사원 채용 프로세스 바꿀 기회가 생긴다면 저는 요즘 복면 가왕에서 보듯이 얼굴을 가리고 누군지 알 수 없는 상태에서 볼 수 있는 그런 프로세스를 만들고 싶습니다. 타인의 외모를 보면은 선입견이 생기잖아요. 그런데 선입견 없이 그 사람의 이야기와 목소리만 듣고도 그 사람을 채용할 수 있게 그렇게 한다면 차별이 좀 덜하지 않을까 라고 생각이 들고 그리고 자기소개서 내용은 물론 중요하겠지만 그 앞에 이력서 부분을 블라인드 채용 식으로 해서 가린다면은 좀 더 평등하고 진짜 그 사람이 어떤 사람인지를 알 수 있게 그렇게 채용될 수 있지 않을까 생각을 해서 저는 그러한 방식을 찬성합니다. 그래서 신입사원 채용 프로세스 기회가 없겠지만 제가 생긴다면 저는 얼굴을 가리고 그리고 블라인드 채용을 해보고 싶습니다.","wordCount":104},"emotion":[],"intent":[{"text":"","expression":"","category":"attitude"}],"summary":{"text":"자기소개서에 이력서를 블라인드 채용 방식으로 가린다면 좀 더 평등하고 그 사람이 어떤 사람인지를 알 수 있게 그렇게 채용될 수 있지 않을까 생각을 해서 저는 그러한 방식을 찬성합니다.","wordCount":27}}},"rawDataInfo":{"question":{"fileFormat":"wav","fileSize":416398,"duration":13010,"samplingBit":16,"channelCount":1,"samplingRate":"16kHz","audioPath":"/Mock/01.Management/Female/New/ckmk_q_bm_f_n_176401.wav"},"answer":{"fileFormat":"wav","fileSize":2319438,"duration":72480,"samplingBit":16,"channelCount":1,"samplingRate":"16kHz","audioPath":"/Mock/01.Management/Female/New/ckmk_a_bm_f_n_176401.wav"}}}