{"version":"1.0","dataSet":{"info":{"date":"20230116","occupation":"BM","channel":"MOCK","place":"ONLINE","gender":"FEMALE","ageRange":"-34","experience":"NEW"},"question":{"raw":{"text":"지원자님께서 소통 능력을 키우기 위해 어떠한 일을 할 수 있을까요 지원자님이 생각나는 방법들을 자세하게 구체적으로 말씀 이야기해 주세요","wordCount":18},"emotion":[],"intent":[]},"answer":{"raw":{"text":"네 소통 능력을 키우기 위해서는 저는 일단 말을 많이 해야 된다 라고 생각을 하는데요. 동아리에 가입을 하거나 어떤 커뮤니티에 등록을 하는 게 가장 효과적이라고 말씀드릴 수 있을 것 같습니다. 하지만 우리가 요즘 코로나시대다 보니까 뭐 쉽게 할 수 없는 것들도 있잖아요. 거기에서는 아마 제가 하는 방법으로는요. 어떠한 상황을 가정하고 거기에 맞게 이야기하는 혼잣말 하는 거를 약간 저는 연습을 했었습니다. 예를 들어서 내가 어디에 가서 이 물건을 사야 되는데 직원이 없다. 그래서 이 직원을 찾기 위해서 나는 또 다른 누군가에게 물어봐서 길을 찾아가야 된다. 뭐 대략적으로 어 그 조금은 엉뚱하게 제가 말씀을 드렸는데요. 그런 식으로 제가 어떠한 상황을 가정하고 거기에 맞게 대처하는 것을 여러 번 연습했습니다. 그러다 보니까 소통 능력도 덩달아 좋아지구요. 단어 선택이라든지 아니면 또 거기에 따른 뭐 추임새라고 할까요. 네 그런 것도 넣는 게 조금 늘어서요. 저는 방금 제가 말한 이 방법을 네 많이 사용을 했었고 추천을 하는 바입니다.","wordCount":140},"emotion":[],"intent":[{"text":"","expression":"","category":"attitude"}],"summary":{"text":"소통 능력을 키우기 위해서는 말을 많이 해야 되는데, 동아리 가입이나 어떤 커뮤니티에 등록을 하는 게 가장 효과적이라고 말씀을 할 수 있을 것 같습니다. 소통 능력 향상을 위해서는 어떤 상황을 가정하고 거기에 맞게 대처하는 혼잣말 하는 연습을 많이 했습니다. 그러다 보니 소통 능력도 덩달아 좋아지고 단어 선택이나 추임새도 추가되었습니다.","wordCount":48}}},"rawDataInfo":{"question":{"fileFormat":"wav","fileSize":471758,"duration":14740,"samplingBit":16,"channelCount":1,"samplingRate":"16kHz","audioPath":"/Mock/01.Management/Female/New/ckmk_q_bm_f_n_169394.wav"},"answer":{"fileFormat":"wav","fileSize":2354638,"duration":73580,"samplingBit":16,"channelCount":1,"samplingRate":"16kHz","audioPath":"/Mock/01.Management/Female/New/ckmk_a_bm_f_n_169394.wav"}}}