{"version":"1.0","dataSet":{"info":{"date":"20230116","occupation":"BM","channel":"MOCK","place":"ONLINE","gender":"FEMALE","ageRange":"45-54","experience":"NEW"},"question":{"raw":{"text":"지원장님께서 왜 이 분야에 관심을 가지게 되었는지 궁금한데요 관심을 가지게 된 이유와 또 회사에 지원하게 된 지원 동기를 말씀해 주세요","wordCount":20},"emotion":[],"intent":[]},"answer":{"raw":{"text":"그 보험업 자체가 사실은 사람들이 뭐 좋게 생각하지는 않는 것 같은데요. 예전하고는 좀 많이 다르나 근데 보험 자체의 의미라든지 이런 부분은 굉장히 좋지 않습니까. 그리고 이제 어떤 사고가 생길지도 모르고 이제 그런 부분에서 제가 좀 어 자세하게 이런 보험이라는 게 사실은 뭐 보험금을 안 주려 한다 회사에서는. 어 그렇게 많이 인식하고 있는데 그런 게 아니고 어떤 약관이나 이런 거에 근거에 의해서 다 처리하고 있다. 그리고 이제 상품이나 이런 부분에 대해서도 잘 설명하고 투명하게 해서 어 좀 사람들에게 진짜 도움이 될 수 있는 그런 어 보험업에 대한 인식을 좀 바꾸고 싶은 생각도 있고 요즘은 이제 사람에 대한 부분 뿐이 아니라 반려견이나 반려묘에 대한 어떤 보험에 대한 필요성도 크기 때문에 그쪽에 좀 관심이 있어서 네 지원하게 되었습니다.","wordCount":115},"emotion":[],"intent":[{"text":"그리고 이제 상품이나 이런 부분에 대해서도 잘 설명하고 투명하게   해서 어 좀 사람들에게 진짜 도움이 될 수 있는   그런 어 보험업에 대한 인식을 좀 바꾸고   싶은 생각도 있고 요즘은 이제 사람에 대한 부분 뿐이 아니라 반려견이나   반려묘에 대한 어떤 보험에 대한 필요성도 크기 때문에 그쪽에 좀 관심이 있어서   네 지원하게 되었습니다.","expression":"c_sincere_job","category":"etc"}],"summary":{"text":"보험은 약관에 근거해서 처리하고 있으며 상품에 대해서도 잘 설명하고 투명하게 해서 사람들에게 도움이 될 수 있는 보험업에 대한 인식을 바꾸고 싶은 생각도 있고 반려견이나 반려묘에 대한 보험에 대한 필요성도 크기 때문에 지원하게 되었습니다.","wordCount":33}}},"rawDataInfo":{"question":{"fileFormat":"wav","fileSize":409678,"duration":12800,"samplingBit":16,"channelCount":1,"samplingRate":"16kHz","audioPath":"/Mock/01.Management/Female/New/ckmk_q_bm_f_n_178470.wav"},"answer":{"fileFormat":"wav","fileSize":2569678,"duration":80300,"samplingBit":16,"channelCount":1,"samplingRate":"16kHz","audioPath":"/Mock/01.Management/Female/New/ckmk_a_bm_f_n_178470.wav"}}}