{"version":"1.0","dataSet":{"info":{"date":"20230116","occupation":"BM","channel":"MOCK","place":"ONLINE","gender":"FEMALE","ageRange":"45-54","experience":"NEW"},"question":{"raw":{"text":"면접자님은 일을 하던 중에 상사분과 혹시라도 트러블이 생길 가능성이 있는데 그렇다면 어떻게 대처를 할 것 같아요 그리고 상사가 혼낼 경우에 기분 나쁘진 않겠어요","wordCount":23},"emotion":[],"intent":[]},"answer":{"raw":{"text":"어 그 뭐 일을 하다 보면 또 세상을 살다 보면 가족끼리도 뭐 트러블이 생길 수 있고 또 부모님한테 혼이 나도 기분이 나쁜 경우가 있기 때문에 당연히 뭐 상사가 혼내면 그 당시에는 기분이 좋을 수는 없다고 생각합니다. 그런데 그 혼내는 이유가 타당하고 내가 혼날 일을 했고 잘못했다면 기분이 나쁘지만 그거는 수용하고 이해하고 넘어가야 되고 그런 일이 다시 발생하지 않도록 해야 할 것 같구요. 어 더 중요한 건 그런 트러블이 생기지 않도록 손 발을 잘 맞추어서 잘 일을 해야 되고 어떤 소통이나 이런 부분이 잘 돼야 된다고 예 생각하고 있습니다.","wordCount":88},"emotion":[],"intent":[{"text":"","expression":"","category":"attitude"}],"summary":{"text":"가족끼리도 트러블이 생길 수 있고 부모님한테 혼이 나도 기분이 나쁜 경우가 있기 때문에 상사가 혼내면 기분은 좋을 수 없습니다. 하지만 혼날 일을 했고 잘못했다면 기분은 나쁘지만 수용하고 넘어가야 될 것 같습니다.","wordCount":31}}},"rawDataInfo":{"question":{"fileFormat":"wav","fileSize":595278,"duration":18600,"samplingBit":16,"channelCount":1,"samplingRate":"16kHz","audioPath":"/Mock/01.Management/Female/New/ckmk_q_bm_f_n_175268.wav"},"answer":{"fileFormat":"wav","fileSize":1779918,"duration":55620,"samplingBit":16,"channelCount":1,"samplingRate":"16kHz","audioPath":"/Mock/01.Management/Female/New/ckmk_a_bm_f_n_175268.wav"}}}