{"version":"1.0","dataSet":{"info":{"date":"20230116","occupation":"BM","channel":"MOCK","place":"ONLINE","gender":"FEMALE","ageRange":"-34","experience":"NEW"},"question":{"raw":{"text":"국내 물류 산업이 나아가야 할 방향은 무엇이라고 생각하시나요","wordCount":8},"emotion":[],"intent":[]},"answer":{"raw":{"text":"궁 제가 생각하기에 국내 물류 산업은 아직까지도 인력을 많이 필요로 하고 인력에 기대어서 나아가는 방향이라고 생각을 합니다. 하지만 앞으로 이 인력 시장 인력에 대한 인력을 사용하는 데 있어서 그 페이를 지급해야 하는 부분이 점점 커지고 있습니다. 그렇기 때문에 어 로봇에 관련한 사업에 투자를 해서 물류에도 로봇과 관련 로봇의 힘을 빌리고 또 로봇에 많이 들여서 그 인력에 대한 어 인력으로 지출되는 그런 비용을 줄이고 어 그런 부분에 부분에서 어 소비자들이 느끼기에 조금 더 매력 있는 제품의 가격으로 가격대를 낮출 수 있는 것이 어떨까 하는 생각이 듭니다.","wordCount":85},"emotion":[],"intent":[{"text":"","expression":"","category":"attitude"}],"summary":{"text":"국내 물류 산업은 인력을 많이 필요로 하고 인력에 기대어서 나아가는 방향이지만 앞으로 인력에 대한 인력 사용에 페이를 지급해야 하는 부분이 커지고 있습니다. 로봇에 관련 사업에 투자해서 인력 지출 비용을 줄이고 제품의 가격대를 낮출 수 있었으면 합니다.","wordCount":36}}},"rawDataInfo":{"question":{"fileFormat":"wav","fileSize":242638,"duration":7580,"samplingBit":16,"channelCount":1,"samplingRate":"16kHz","audioPath":"/Mock/01.Management/Female/New/ckmk_q_bm_f_n_174964.wav"},"answer":{"fileFormat":"wav","fileSize":1927758,"duration":60240,"samplingBit":16,"channelCount":1,"samplingRate":"16kHz","audioPath":"/Mock/01.Management/Female/New/ckmk_a_bm_f_n_174964.wav"}}}