{"version":"1.0","dataSet":{"info":{"date":"20230116","occupation":"BM","channel":"MOCK","place":"ONLINE","gender":"FEMALE","ageRange":"-34","experience":"NEW"},"question":{"raw":{"text":"지원자님께서는 이 분야에 지원하기 위해서 여러 가지 노력을 하셨을 텐데요 어 관련된 어떤 노력을 하셨는지 지금 생각나는 대로 말씀해 주시기 바랍니다","wordCount":21},"emotion":[],"intent":[]},"answer":{"raw":{"text":"그 저는 이 분야에 지원하기 위해서 저는 다양한 노력을 해왔습니다. 특히 대학교 일 학년 때부터 준비를 많이 했었는데 이 분야는 좀 광활하고 많은 분들이 지원을 한다는 생각에 저도 저만의 특징을 살려야겠다 라고 생각을 해서 저는 경제 관련 자격증을 일단 취득을 했습니다. 그 경제 관련 자격증을 취득하면서 조금 더 경제에 관심을 갖게 되었고 이 분야에 어떻게 하면 더 잘 성장할 수 있을까 라고 고민하는 시기가 되었고요. 그리고 저는 아무리 생 아무리 생각해도 커뮤니케이션 능력과 그리고 피피티 사용 그리고 발표 능력이 좀 중요하다라는 생각을 해서 제가 거의 모든 시간에서 다 발표를 했고 그리고 방송 학원을 다니면서 또 발표를 잘하는 법까지 알게 되었습니다. 그래서 이러한 분야를 제가 지원하기 위해서 거의 한 오 년 넘게 항상 노력을 해 왔고요. 그리고 그 전에 다른 회사에서 제가 사무 업무를 보는 것까지 모든 것을 다 배웠기 때문에 저는 준비된 인재라고 생각합니다.","wordCount":134},"emotion":[],"intent":[{"text":"특히 대학교 일 학년 때부터 준비를 많이 했었는데 이 분야는   좀 광활하고 많은 분들이 지원을 한다는 생각에 저도 저만의 특징을 살려야겠다 라고 생각을 해서 저는   경제 관련 자격증을 일단 취득을 했습니다.","expression":"c_imp","category":"personality"},{"text":"그리고 저는   아무리 생 아무리 생각해도 커뮤니케이션 능력과 그리고   피피티 사용 그리고 발표 능력이 좀 중요하다라는 생각을 해서 제가 거의 모든 시간에서 다 발표를 했고 그리고 방송 학원을 다니면서 또 발표를 잘하는 법까지 알게 되었습니다.","expression":"c_imp","category":"personality"}],"summary":{"text":"저는 이 분야에 지원을 하기 위해서 다양한 노력을 해왔습니다. 경제 관련 자격증을 취득하면서 경제에 관심을 갖게 되고, 커뮤니케이션 능력과, 피피티 사용, 발표 능력에 관심을 가졌기 때문에 준비된 인재라고 생각합니다.","wordCount":29}}},"rawDataInfo":{"question":{"fileFormat":"wav","fileSize":487758,"duration":15240,"samplingBit":16,"channelCount":1,"samplingRate":"16kHz","audioPath":"/Mock/01.Management/Female/New/ckmk_q_bm_f_n_176209.wav"},"answer":{"fileFormat":"wav","fileSize":2547278,"duration":79600,"samplingBit":16,"channelCount":1,"samplingRate":"16kHz","audioPath":"/Mock/01.Management/Female/New/ckmk_a_bm_f_n_176209.wav"}}}