{"version":"1.0","dataSet":{"info":{"date":"20230116","occupation":"BM","channel":"MOCK","place":"ONLINE","gender":"FEMALE","ageRange":"-34","experience":"NEW"},"question":{"raw":{"text":"어 회사에서 진출하려는 다음 국가를 선택하려고 할 때 어떤 기준으로 해야 할까요","wordCount":12},"emotion":[],"intent":[]},"answer":{"raw":{"text":"아무래도 요즘에는 글로벌 시장에 잘 진출하는 게 중요하다고 생각을 합니다. 어 왜냐하면 글로벌 나라에 여러 가지로 진출을 해야만 어 수요 확대와 또 매출 증진이라는 효과가 계속 있기 때문인데요. 그래서 아무래도 다음 국가를 선택할 때 중요한 점은 저희의 제품과 서비스들이 과연 그 시장에서 얼마나 효과적으로 먹힐 수 있을지에 대한 분석이 좀 이루어져야 될 것 같다는 생각이 듭니다. 그럴려면 그 시장에서 저희 제품과 서비스에 대한 수요가 있어야 될 것 같은데요. 아무래도 수요가 있어야 그거에 맞는 시장 공략과 또 타겟팅을 설정을 하고 또 전략이 필요할 텐데 그럴려면 먼저 어떤 제품을 그냥 일반적으로 한 번 팔아보는 그런 전략들 혹은 아니면 그것들이 앞으로 시장에 어떤 영향력을 미칠지에 대해서 어 실험을 통해서 먼저 어 책정을 해 보고 그다음에 진출을 해야 될 것 같다는 생각이 듭니다. 그래서 기준이라고 하면 앞으로 시장에 대한 확장성이 있는 곳을 당연히 진출을 해야 될 것 같다는 생각이 드는데요. 하지만 시장 진출에 영향력이 있는 곳이 지금 당장은 어디인지 모르고 측정이 불과하기 때문에 일단 사전에 진출하기에 앞서서 그런 것들을 실험해 볼 필요가 있을 것 같습니다.","wordCount":161},"emotion":[],"intent":[{"text":"","expression":"","category":"attitude"}],"summary":{"text":"요즘에는 글로벌 시장에 진출해야 수요 확대와 매출 증진 효과를 볼 수 있습니다. 그래서 다음 국가를 선택할 때 어떤 제품과 서비스가 그 시장에서 효과적으로 먹힐지 분석해야 합니다. 그래서 일단 시장에 대한 확장성이 있는 곳을 진출을 해야 합니다. 하지만 시장 진출에 영향력이 있는 곳이 어디인지 모르고 측정이 불과하기 때문에 그런 것들을 실험해 볼 필요가 있을 것 같습니다.","wordCount":55}}},"rawDataInfo":{"question":{"fileFormat":"wav","fileSize":283598,"duration":8860,"samplingBit":16,"channelCount":1,"samplingRate":"16kHz","audioPath":"/Mock/01.Management/Female/New/ckmk_q_bm_f_n_174343.wav"},"answer":{"fileFormat":"wav","fileSize":2892238,"duration":90380,"samplingBit":16,"channelCount":1,"samplingRate":"16kHz","audioPath":"/Mock/01.Management/Female/New/ckmk_a_bm_f_n_174343.wav"}}}