{"version":"1.0","dataSet":{"info":{"date":"20230116","occupation":"BM","channel":"MOCK","place":"ONLINE","gender":"FEMALE","ageRange":"-34","experience":"NEW"},"question":{"raw":{"text":"지원자님은 입사 후에 쉬운 일 어려운 일이 있을 때 업무에 대한 분배 어떻게 하실 건가요 어떻게 나눠서 업무 처리를 하실 생각인지 말씀해 주세요","wordCount":23},"emotion":[],"intent":[]},"answer":{"raw":{"text":"입사 후에 쉬운 일 그리고 어려운 일이 분명히 닥칠 텐데요. 저는 그렇게 여러 가지 일들이 쏟아질 때 우선순위를 분배할 수 있는 능력이 업무 능력 중에 정말 중요하다 라고 생각합니다. 그 이유는 우리가 업무들이 쏟아지게 되면 여러 가지 역할들을 음 동시 다발적으로 시행해야 될 수가 있는데요. 그럴 때 지금 당장 처리해야 될 긴급한 일 혹은 장기적으로 아직 시간을 좀 두고 처리해야 될 아직 덜 중요한 일들이 있을 수 있기 때문에 이런 여러 가지 업무들이 닥칠 때 우선순위를 분류를 해서 진행을 할 수 있는 부분이 어 한정된 시와 시간을 가장 잘 활용할 수 있는 부분이라고 생각합니다. 그렇기 때문에 저는 처음에 신입으로 들어가게 된다면 지금 현재 흘러가는 일의 방향성이 어떻게 흘러가는지 먼저 전체적인 방향을 파악해 본 이후에 제 업무들을 하나하나 시행해 보도록 하겠습니다. 그리고 그 내용들은 스케줄표로 정리를 하면은 놓치는 부분이 하나도 없을 것이라고 생각하고 있습니다.","wordCount":133},"emotion":[],"intent":[{"text":"","expression":"","category":"attitude"}],"summary":{"text":"업무가 쏟아질 때 우선순위를 분배하는 능력이 업무 능력 중 가장 중요하다고 생각합니다. 지금 당장 처리해야 될 긴급한 일, 아직 시간을 좀 두고 처리해야 될 덜 중요한 일들이 있을 수 있기 때문에 우선순위를 분류를 해서 진행을 할 수 있는 부분이 한정된 시간을 가장 잘 활용할 수 있는 부분이라고 생각합니다.","wordCount":48}}},"rawDataInfo":{"question":{"fileFormat":"wav","fileSize":641358,"duration":20040,"samplingBit":16,"channelCount":1,"samplingRate":"16kHz","audioPath":"/Mock/01.Management/Female/New/ckmk_q_bm_f_n_169559.wav"},"answer":{"fileFormat":"wav","fileSize":2867278,"duration":89600,"samplingBit":16,"channelCount":1,"samplingRate":"16kHz","audioPath":"/Mock/01.Management/Female/New/ckmk_a_bm_f_n_169559.wav"}}}