{"version":"1.0","dataSet":{"info":{"date":"20230116","occupation":"BM","channel":"MOCK","place":"ONLINE","gender":"FEMALE","ageRange":"-34","experience":"NEW"},"question":{"raw":{"text":"어 연봉제 그 고 성과 연봉 인사 고과 등 인사 업무에 대해서 아는 것이 있다면 어 과거 회사에서 경험했던 거를 바탕으로 해서 아주 구체적으로 어 얘기해 주시면 감사하겠습니다","wordCount":28},"emotion":[],"intent":[]},"answer":{"raw":{"text":"연봉제는 그 전년도에 업적에 맞춰서 해당 연도의 연봉을 결정하는 것입니다. 또한 성과 연봉은 기본급과는 별개로 그 세 사람의 성과에 따라서 등급을 나누어 에스에이비씨 등으로 나누어 해당 등급에 맞는 성과의 연봉을 받는 것입니다. 인사 고과는 사람들의 인사를 파악하기 위해서 인사의 점수를 부여한 것입니다. 고과 점수가 높다는 것은 교육을 많이 들었다던가 실적이 높다던가 벌점이 없다던가의 등을 통해서 결정됩니다. 연봉제나 성과 연봉을 사용하는 이유는 사람들이 염 직 능력에 따라서 돈을 받을 수 있게 하기 위해서입니다. 그 기존에 우리가 사용했던 연공제에 따르면 그냥 연도만 지나가면 연봉이 자동으로 오르게 됩니다. 그러나 이러한 연공제를 사용했을 때에는 사람들이 무감해지는 문제가 있습니다. 따라서 연봉제나 성과 연봉 등을 사용하여 사람들이 자신이 능력에 따라서 돈을 받을 수 있게 된다면 더 노력을 하게 된다 될 것입니다. 또한 인사 고과를 통해 그 능력을 파악할 수 있습니다.","wordCount":124},"emotion":[{"text":"연봉제는 그 전년도에 업적에 맞춰서 해당 연도의 연봉을 결정하는 것입니다.","expression":"u-fact","category":"neutral"},{"text":"또한 성과 연봉은 기본급과는 별개로 그 세 사람의 성과에 따라서 등급을 나누어   에스에이비씨 등으로 나누어 해당 등급에 맞는 성과의 연봉을 받는 것입니다.","expression":"u-fact","category":"neutral"},{"text":"인사 고과는 사람들의 인사를 파악하기 위해서 인사의 점수를 부여한 것입니다.","expression":"u-fact","category":"neutral"},{"text":"고과 점수가 높다는 것은 교육을 많이 들었다던가 실적이 높다던가 벌점이 없다던가의 등을 통해서   결정됩니다.","expression":"u-fact","category":"neutral"}],"intent":[{"text":"","expression":"","category":"attitude"}],"summary":{"text":"연봉제는 업적에 따라 해당 연도의 연봉을 결정하는 것이고, 성과연봉은 세 사람의 성과에 따라 등급을 나누어 에스 에이 비 씨 등으로 나누어 해당 등급에 맞는 성과의 연봉을 받는 것입니다. 인사고과는 인사의 점수를 부여한 것으로 사람들의 능력을 파악할 수 있습니다.","wordCount":38}}},"rawDataInfo":{"question":{"fileFormat":"wav","fileSize":653518,"duration":20420,"samplingBit":16,"channelCount":1,"samplingRate":"16kHz","audioPath":"/Mock/01.Management/Female/New/ckmk_q_bm_f_n_180869.wav"},"answer":{"fileFormat":"wav","fileSize":2790478,"duration":87200,"samplingBit":16,"channelCount":1,"samplingRate":"16kHz","audioPath":"/Mock/01.Management/Female/New/ckmk_a_bm_f_n_180869.wav"}}}