{"version":"1.0","dataSet":{"info":{"date":"20230116","occupation":"BM","channel":"MOCK","place":"ONLINE","gender":"FEMALE","ageRange":"-34","experience":"NEW"},"question":{"raw":{"text":"사람들과 협업을 하면서 가장 어려웠던 점이 있으셨다면 어 무엇이었는지 말씀해 주시고 그리고 어떻게 극복을 했는지도 말씀 부탁드립니다","wordCount":17},"emotion":[],"intent":[]},"answer":{"raw":{"text":"사람들과 협업하면서 가장 어려웠던 점은 다른 사람들의 의견을 수용하고 또한 제 의견을 피력하는 게 어려웠던 점입니다. 저는 약간 소극적인 태도가 있기 때문에 다른 사람들의 의견을 거절하는 것이 어쩔 때는 어렵습니다. 그래서 다른 사람들의 의견을 수용하고 또 그에 맞는 저의 피드백도 드려야 하는데 그런 점이 어 수월하게 이루어지지 않을 때가 종종 있었습니다. 그래서 저는 일단 저의 의견과 저의 생각을 정리하고 그것을 전달하는 데 많은 노력을 쏟아부었습니다. 왜냐하면 어떤 일을 하든 많은 사람들과 같이 하는 일이기 때문에 서로의 의사소통이 중요하다 라고 생각합니다. 제 의견을 무조건 어 피력하는 것도 안 좋지만 제 의견을 무조건 내보이지 않는 것도 안 좋다고 생각합니다. 저의 의견도 중요하고 또한 도움이 될 수 있기 때문에 이것을 두려워하지 않고 상대에게 이 쟁점에 대해서 정확히 말을 하고 서로 의논하고 의사소통할 수 있도록 어 서로 노력하면서 이렇게 극복하였다고 말씀드릴 수 있겠습니다.","wordCount":129},"emotion":[],"intent":[{"text":"저는 약간 소극적인 태도가 있기 때문에 다른 사람들의 의견을 거절하는 것이 어쩔 때는 어렵습니다.","expression":"c_person","category":"background"}],"summary":{"text":"협업할 때, 소극적인 태도로 인해 다른 사람들의 의견을 수용하고 피드백을 드려야 하는 것이 어려웠습니다. 하지만 서로의 의견을 무조건적으로 수용하는 것도, 의견을 내보이지는 않는 것도 좋지 않다고 생각합니다. 의견을 두려워하지 않고 서로 의논하고 의사소통할 수 있도록 노력하면서 이렇게 극복했습니다.","wordCount":38}}},"rawDataInfo":{"question":{"fileFormat":"wav","fileSize":470798,"duration":14710,"samplingBit":16,"channelCount":1,"samplingRate":"16kHz","audioPath":"/Mock/01.Management/Female/New/ckmk_q_bm_f_n_182838.wav"},"answer":{"fileFormat":"wav","fileSize":2661838,"duration":83180,"samplingBit":16,"channelCount":1,"samplingRate":"16kHz","audioPath":"/Mock/01.Management/Female/New/ckmk_a_bm_f_n_182838.wav"}}}