{"version":"1.0","dataSet":{"info":{"date":"20230116","occupation":"BM","channel":"MOCK","place":"ONLINE","gender":"FEMALE","ageRange":"-34","experience":"NEW"},"question":{"raw":{"text":"지원자님께서 직장을 선택할 때 가장 중요하게 생각하는 세 가지가 있다면 지원자님이 각각 어떤 게 있는지 무엇이 있는지 말씀과 설명해 주세요","wordCount":20},"emotion":[],"intent":[]},"answer":{"raw":{"text":"제가 직장을 선택할 때 가장 중요하게 생각하는 세 가지는 일단 제가 발전할 수 있는 회사인지 변화가 많은 회사인지 이고 두 번째는 아무래도 일하는 그런 업무적인 프로세스가 수평적이고 저 저가 선택하고 의견을 낼 수 있는 그런 자유로운 분위기인 것인가 그리고 세 번째는 두 번째와 같은 연장성상 연장선상에 있는 내용이지만 사람들이 그래도 조금 자유롭고 너무 틀을 갖추지 않으며 어 커뮤니케이션을 즐겨 하시는 그런 분위기인가 입니다. 이게 제가 생각하는 가장 큰 세 가지 인 것 같습니다.","wordCount":73},"emotion":[],"intent":[{"text":"제가 직장을 선택할 때 가장 중요하게 생각하는 세 가지는 일단 제가 발전할 수 있는 회사인지 변화가 많은 회사인지 이고 두 번째는 아무래도 일하는 그런 업무적인 프로세스가 수평적이고 저 저가 선택하고 의견을 낼 수 있는 그런 자유로운 분위기인 것인가 그리고 세 번째는 두 번째와 같은 연장성상 연장선상에 있는 내용이지만 사람들이 그래도 조금 자유롭고 너무 틀을 갖추지 않으며 어 커뮤니케이션을 즐겨 하시는 그런 분위기인가 입니다.","expression":"c_value","category":"background"}],"summary":{"text":"저는 직장을 선택할 때 발전이 가능한 회사인지 변화가 많은 회사인지, 업무 프로세스가 수평적이고 자유로운 분위기인지와 같은 세 가지를 중요하게 생각합니다.","wordCount":20}}},"rawDataInfo":{"question":{"fileFormat":"wav","fileSize":471758,"duration":14740,"samplingBit":16,"channelCount":1,"samplingRate":"16kHz","audioPath":"/Mock/01.Management/Female/New/ckmk_q_bm_f_n_178707.wav"},"answer":{"fileFormat":"wav","fileSize":1697358,"duration":53040,"samplingBit":16,"channelCount":1,"samplingRate":"16kHz","audioPath":"/Mock/01.Management/Female/New/ckmk_a_bm_f_n_178707.wav"}}}