{"version":"1.0","dataSet":{"info":{"date":"20230116","occupation":"BM","channel":"MOCK","place":"ONLINE","gender":"FEMALE","ageRange":"35-44","experience":"NEW"},"question":{"raw":{"text":"자 그러면 아주 기본적인 질문을 하나 드려보겠습니다 어 저희가 생각하는 그 물류라는 것은 무엇일까요","wordCount":14},"emotion":[],"intent":[]},"answer":{"raw":{"text":"물류란 어떤 물건을 만들기 위해서 원자재를 수입해오고 그 원자 쟁을 재를 공장에서 가공하여 그것을 소비자들에게 이 있는 상점으로 배달하는 데까지의 일련의 과정을 뜻합니다. 이 과정에서 운송 보관 하역뿐만 아니라 조립 가공 분류 등 물류는 아주 광범위합니다. 물류산업은 국내에서 구 위의 구 위 산업으로 국내 비중에 거의 칠 프로나 되는 거대한 산업입니다. 경영 사무 측면에서는 제품의 원가 절감이 더 이상 불가능한 이 시점에 이윤을 크게 높일 수 있는 새로운 방법으로 각광받고 있습니다. 또한 에스시엠으로 효율적인 재고 관리를 하여 재고비를 크게 아낌과 동시에 안정적인 물량 확보를 할 수 있습니다. 특히나 대기업처럼 물류 관리 시스템을 갖추지 못하는 중소기업의 경우에는 적절한 물류 전략을 세운다면 칠에서 십 프로 정도의 불필요한 지출을 막아 더 큰 이익을 볼 수 있다고 생각합니다. 따라서 효율적인 에스씨엠 관리와 물류 물류 혁신은 이십 일 세기 국가와 기업 경쟁력의 핵심이라고 생각합니다.","wordCount":129},"emotion":[],"intent":[{"text":"","expression":"","category":"attitude"}],"summary":{"text":"물류산업은 국내 비중에 거의 칠 프로가 되는 거대한 산업입니다. 경영 사무 측면에서는 제품의 원가 절감이 더 이상 불가능한 이 시점에 이윤을 크게 높일 수 있는 새로운 방법으로 각광받고 있습니다. 효율적인 에스씨엠 관리와 물류 물류 혁신이 국가와 기업 경쟁력의 핵심이라고 생각합니다.","wordCount":40}}},"rawDataInfo":{"question":{"fileFormat":"wav","fileSize":320078,"duration":10000,"samplingBit":16,"channelCount":1,"samplingRate":"16kHz","audioPath":"/Mock/01.Management/Female/New/ckmk_q_bm_f_n_190363.wav"},"answer":{"fileFormat":"wav","fileSize":2510798,"duration":78460,"samplingBit":16,"channelCount":1,"samplingRate":"16kHz","audioPath":"/Mock/01.Management/Female/New/ckmk_a_bm_f_n_190363.wav"}}}