{"version":"1.0","dataSet":{"info":{"date":"20230116","occupation":"BM","channel":"MOCK","place":"ONLINE","gender":"FEMALE","ageRange":"35-44","experience":"NEW"},"question":{"raw":{"text":"본인이 알고 있는 프로젝트 관리 기법에 관해서 어 설명 부탁드리겠습니다","wordCount":10},"emotion":[],"intent":[]},"answer":{"raw":{"text":"제가 알고 있는 프로잔트 관리 기법 중에서는 면접 주요 피행 기법들을 살펴보겠습니다. 예자의 기법은 유연성과 스피드 짧은 시간에 전력 질를 요하는 딜리버리사이클이 짧은 프로젝트를 대상으로 합니다. 특히 상과 관계 통제보다 소규모 팀 단위에서 실시간으로 커뮤니케이션을 통해 프로젝트를 진행하는 상황이 아주 잘 맞습니다. 씨피엠 기법은 상호 의존적인 활동이 요구되는 프로젝트에서 단계별 기법으로 자주 사용됩니다. 다음에 씨씨피엠 은 프로젝트 활동보다는 프로젝트 내부에 리소스 사용에 초첨을 맞춘다는 점에서 씨피엠 과 구별이 됩니다. 좋은 프로젝트 관리 기법을 판단하는 기준은 여러 가지 있지만 모든 비즈니스 타임 규모 산업을 다 만족시키는 최고의 기법은 존재할 수 없겠지만 언제 어떤 기법을 사용하고 또 어떻게 해야 피엠을 효율적으로 할 수 있는지는 생각해 볼 수 있습니다.","wordCount":106},"emotion":[{"text":"예자의 기법은 유연성과 스피드 짧은 시간에 전력 질를 요하는   딜리버리사이클이 짧은 프로젝트를 대상으로 합니다.","expression":"u-fact","category":"neutral"},{"text":"씨피엠 기법은 상호 의존적인 활동이 요구되는 프로젝트에서 단계별 기법으로 자주 사용됩니다.","expression":"u-fact","category":"neutral"}],"intent":[{"text":"좋은 프로젝트 관리 기법을 판단하는 기준은 여러 가지 있지만 모든 비즈니스 타임 규모 산업을 다 만족시키는   최고의 기법은 존재할 수 없겠지만 언제 어떤 기법을 사용하고 또 어떻게 해야 피엠을 효율적으로 할 수 있는지는 생각해 볼 수 있습니다.","expression":"m_holistic","category":"attitude"}],"summary":{"text":"예자의 기법은 유연성과 스피드 짧은 시간에 전력 질를 요하는 딜리버리사이클이 짧은 프로젝트를 대상으로 합니다. 씨피엠 기법은 상호 의존적인 활동이 요구되는 프로젝트에서 단계별 기법으로 자주 사용됩니다.","wordCount":25}}},"rawDataInfo":{"question":{"fileFormat":"wav","fileSize":279438,"duration":8730,"samplingBit":16,"channelCount":1,"samplingRate":"16kHz","audioPath":"/Mock/01.Management/Female/New/ckmk_q_bm_f_n_178844.wav"},"answer":{"fileFormat":"wav","fileSize":2209998,"duration":69060,"samplingBit":16,"channelCount":1,"samplingRate":"16kHz","audioPath":"/Mock/01.Management/Female/New/ckmk_a_bm_f_n_178844.wav"}}}