{"version":"1.0","dataSet":{"info":{"date":"20230116","occupation":"BM","channel":"MOCK","place":"ONLINE","gender":"FEMALE","ageRange":"-34","experience":"NEW"},"question":{"raw":{"text":"어 만약에 입사를 해서 일을 하고 있는데 팀원과 불화가 생긴다고 가정을 해 봅시다 아 그렇다면 어떻게 해결하실 건지 궁금한데요 해결법과 그 이유를 말씀을 해 주시기 바랍니다","wordCount":26},"emotion":[],"intent":[]},"answer":{"raw":{"text":"만약에 일을 하던 중 팀원과 불화가 생긴다면 일단 저는 그 불화의 원인이 무엇인지 어느 포인트에서 불화가 생겼는지 해서 원인을 먼저 찾아서 그 원인을 해결책에 대해서 생각을 할 것 같습니다. 그리고 나서 그 팀원과 제가 어떤 북 어떤 형식으로 일을 진행해서 맞지 않는지 그니까 일에 문제 뿐만 아니라 팀원과 커뮤니케이션과 일하는 방식 같은 소소한 부분까지 어느 부분에서 마찰이 생겼는지 보고 그것을 최대한 빠른 시간 안에 해결할 수 있도록 노력할 것 노력할 것 같습니다. 제가 양보할 부분이 있다면 제가 많이 양보를 해서 일단 원하는 결과에 도달하는 방법으로 일을 진행할 것 같습니다.","wordCount":89},"emotion":[],"intent":[{"text":"","expression":"","category":"attitude"}],"summary":{"text":"일을 하던 중 팀원과 불화가 생긴다면 그 원인을 먼저 찾아서 해결책을 생각할 것 같습니다. 일에 문제 뿐만 아니라 팀원과의 소통 등 어느 부분에서 마찰이 생겼는지 보고 최대한 빨리 빨리 해결할 수 있도록 노력할 것입니다.","wordCount":34}}},"rawDataInfo":{"question":{"fileFormat":"wav","fileSize":546318,"duration":17070,"samplingBit":16,"channelCount":1,"samplingRate":"16kHz","audioPath":"/Mock/01.Management/Female/New/ckmk_q_bm_f_n_178709.wav"},"answer":{"fileFormat":"wav","fileSize":1843918,"duration":57620,"samplingBit":16,"channelCount":1,"samplingRate":"16kHz","audioPath":"/Mock/01.Management/Female/New/ckmk_a_bm_f_n_178709.wav"}}}