{"version":"1.0","dataSet":{"info":{"date":"20230116","occupation":"BM","channel":"MOCK","place":"ONLINE","gender":"FEMALE","ageRange":"45-54","experience":"NEW"},"question":{"raw":{"text":"최근에 인상 깊게 본 서비스는 무엇입니까 말씀해 주세요","wordCount":8},"emotion":[],"intent":[]},"answer":{"raw":{"text":"아 제가 경험해 보지는 않았구요. 어 이런 서비스가 내가 살면서 불편했기 때문에 이런 서비스가 있을까 있으면 좋겠다 하다가 제가 좀 검색을 해 본 서비스가 있습니다. 그 아파트에서 이제 재활용을 버리다 보면 일주일에 한 번씩 하다 보니 집에 이제 요새 일회용품이나 이런 부분들이 많다 보니까 쌓여 있어서 좀 지저분하고 자리를 차지해서 불편한 경우가 많은데 이런 걸 대신할 수 있지 않을까 이런 사업을 해볼까 라는 생각을 함과 동시에 이제 검색을 해 보았더니 아니나 다를까 그런 서비스가 존재하고 있었습니다. 집 앞에 내놓으면 어 무게 별로 어 분리를 다 해 주는 그런 써비스를 이미 하고 있어서 예 저는 인상 깊게 봤구요. 근데 좀 비싼 것 같아서 비용이 제가 경험해 보진 못했습니다.","wordCount":107},"emotion":[],"intent":[{"text":"","expression":"","category":"attitude"}],"summary":{"text":"재활용을 버리다 보면 일회용품이 쌓여 있어 지저분하고 불편한 경우가 많습니다. 이런 것을 대신할 수 있지 않을까 라는 생각을 하며 검색을 해 보니 집 앞에 내놓으면 무게 별로 분리를 다 해 주는 서비스가 있었습니다. 그런데 비용이 비싸서 경험해 보진 못했습니다.","wordCount":39}}},"rawDataInfo":{"question":{"fileFormat":"wav","fileSize":242638,"duration":7580,"samplingBit":16,"channelCount":1,"samplingRate":"16kHz","audioPath":"/Mock/01.Management/Female/New/ckmk_q_bm_f_n_175265.wav"},"answer":{"fileFormat":"wav","fileSize":2209998,"duration":69060,"samplingBit":16,"channelCount":1,"samplingRate":"16kHz","audioPath":"/Mock/01.Management/Female/New/ckmk_a_bm_f_n_175265.wav"}}}