{"version":"1.0","dataSet":{"info":{"date":"20230116","occupation":"BM","channel":"MOCK","place":"ONLINE","gender":"FEMALE","ageRange":"55-","experience":"NEW"},"question":{"raw":{"text":"입사 후 근무를 하면서 어 정작 이 분야가 본인과 잘 맞지 않는다고 어 깨달은다면 그때는 어떻게 하실 생각이십니까 계속 다니실 건가요","wordCount":21},"emotion":[],"intent":[]},"answer":{"raw":{"text":"어 지원한 분야가 저와 잘 맞지 않는다는 사실을 알게 됐다 할지라도 제가 이 회사를 어 에 어 입사하기 위해서 많은 노력과 시간과 어 열정을 들였을 것입니다. 아 다 잘 맞지 않는다고 해서 쉽게 포기하면 안 되구요. 음 그 분야는 어 저 제가 모르는 다른 분야 제가 몰랐던 분야에 사실이나 어떤 어 그런 어 능력이나 어떤 그런 쪽에 일을 혹시 아 찾아볼 수도 있고 알아볼 수도 있겠 있그 새로운 정보를 알 수도 있기 때문에 우선은 그 분야에 대해서 알아보도록 열심히 노력해 보겠습니다. 아 그러나 그게 제 저의 능력과 맞지 않고 오히려 저의 어 그 그런 그 능력이 그 회사나 주변 동료에게 도움이 되지 않거나 제가 만약에 너무 어 맞지 않아서 행복하지 않다고 생각이 되 되면 어 다른 분야로 다시 찾아보는 것도 음 생각해 보겠습니다. 그러나 쉽게 포기하지 않고 어 저의 그 어 능력의 범위를 늘려 본다는 생각으로 아 최대한 열심히 어 맞춰보도록 노력하겠습니다.","wordCount":142},"emotion":[],"intent":[{"text":"","expression":"","category":"attitude"}],"summary":{"text":"지원자 분야가 저와 잘 맞지 않더라도 제가 이 회사에 입사하기 위해서 많은 노력과 시간과 열정을 들였을 것입니다. 그 분야는 제가 모르는 다른 분야에 사실이나 능력, 새로운 정보를 알 수 있기 때문에 열심히 노력해 보겠습니다. 그러나 자신의 능력과 맞지 않는다면 다른 분야로 다시 찾아보는 것도 생각해 보겠습니다.","wordCount":46}}},"rawDataInfo":{"question":{"fileFormat":"wav","fileSize":523598,"duration":16360,"samplingBit":16,"channelCount":1,"samplingRate":"16kHz","audioPath":"/Mock/01.Management/Female/New/ckmk_q_bm_f_n_174219.wav"},"answer":{"fileFormat":"wav","fileSize":2744078,"duration":85750,"samplingBit":16,"channelCount":1,"samplingRate":"16kHz","audioPath":"/Mock/01.Management/Female/New/ckmk_a_bm_f_n_174219.wav"}}}