{"version":"1.0","dataSet":{"info":{"date":"20230116","occupation":"BM","channel":"MOCK","place":"ONLINE","gender":"FEMALE","ageRange":"-34","experience":"NEW"},"question":{"raw":{"text":"스터디를 따로 하고 계신 게 있으신가요 있으시다면 어떤 공부를 왜 하고 계신지도 말씀 부탁드립니다","wordCount":14},"emotion":[],"intent":[]},"answer":{"raw":{"text":"저는 지금 행정 사무 업무 처리와 관련해서 스터디를 좀 진행을 하고 있습니다. 같이 그 실력을 향상시키기 위한 팀원들과 또 직원들이 모여서 저희가 스터디를 하고 있는데요. 평일 저녁 시간이나 아니면 주말에 간혹 모여서 어 친목 도모도 하고요. 그리고 업무에 관한 일도 같이 논의를 하고 있습니다. 특히 이제 행정 사무 업무 같은 경우에는 어떤 방식으로 배우고 접근하느냐에 따라서 효율성이 다르다고 생각을 합니다. 조금 더 능숙하다면 좀 빠르고 신속하게 처리할 수 있고요. 그리고 그것들이 능숙 해지다 보면 뭐 다른 업무를 할 수 있을 정도로 여유가 생기기 때문에 그런 면에서 저도 조금 능숙해지고 더 익숙해지려고 노력하고 있는 상황입니다. 그리고 특히 스터디를 할 경우에 중요한 점은 제가 모르는 부분이거나 아니면 제가 기본적으로 업무를 매번 반복해 왔는데 거기서 조금 더 효율적인 방법들을 서로 공유 할 수 있다는 점이 참 유익하고 좋은 것 같습니다. 그래서 이런 스터디를 통해서 친분 도모 뿐만이 아니라 또 앞으로 같이 업무를 함에 있어서 조금 더 발전적인 방향을 서로 공유를 해서 나아가는 게 중요하다고 생각을 하고요. 저도 앞으로도 계속 이렇게 스터디를 통해서 노력하고 공부할 생각입니다.","wordCount":162},"emotion":[],"intent":[{"text":"","expression":"","category":"attitude"}],"summary":{"text":"행정 사무 업무 처리와 관련해 팀원들과 스터디를 진행하고 있습니다. 평일 저녁 시간이나 주말, 친목 도모, 업무 관련 논의도 하며, 어떤 방식으로 배우고 접근하느냐에 따라 효율성이 다르기 때문에 앞으로 같이 업무를 함에 있어서 조금 더 발전적인 방향을 서로 공유를 해서 나아가는 게 중요하다고 생각을 합니다.","wordCount":44}}},"rawDataInfo":{"question":{"fileFormat":"wav","fileSize":371278,"duration":11600,"samplingBit":16,"channelCount":1,"samplingRate":"16kHz","audioPath":"/Mock/01.Management/Female/New/ckmk_q_bm_f_n_174137.wav"},"answer":{"fileFormat":"wav","fileSize":2752718,"duration":86020,"samplingBit":16,"channelCount":1,"samplingRate":"16kHz","audioPath":"/Mock/01.Management/Female/New/ckmk_a_bm_f_n_174137.wav"}}}