{"version":"1.0","dataSet":{"info":{"date":"20230116","occupation":"BM","channel":"MOCK","place":"ONLINE","gender":"FEMALE","ageRange":"35-44","experience":"NEW"},"question":{"raw":{"text":"만약 지원자님께서 일을 하다가 그 직무가 적성에 맞지가 않아요 어 그런 상황이 왔을 때 지원자님은 어떻게 행동하시겠습니까","wordCount":17},"emotion":[],"intent":[]},"answer":{"raw":{"text":"네 직무가 적성에 맞지 않는다. 아 이런 문제는 저는 솔직히 말하면 어 내 입맛대로 살 수 없다 약간 이런 생각이 듭니다. 이십 대 때 뭐 젊을 때에는 패기가 넘치고 의욕도 앞서고 뭔가 다 할 수 있을 것 같고 겁도 없고 또 그러면서 인제는 이직도 준비하고 실제로 이직 도 해봤고 근데 어 다른 곳에 갔더니요 다 비슷비슷 하덥디다. 그래서 그냥 내가 하기 나름이구나 이런 생각도 많이 깨닫게 되고 어 어차피 사람이 하는 일이고 사람과 사람이 부딪치는 일이다 보니 그 안에서의 문제가 좀 힘들지 직 어 직무가 적성에 맞지 않아서는 그렇게 뭐 내가 할 수 있는 안이라면 그냥 저는 할 것 같습니다. 적성에 맞지 않는다고 해서 뭐 따르게 조치를 취한다기보다는 내가 할 수 있는 역량 안에서라면 할 것인데요. 좀 힘든 직무다 그럴 경우에는 상사와 한 번 상의를 해 볼 것 같아요. 이게 계속 가야 되는 나는 이 회사가 좋아서 다니고 있는데 직무가 쪼끔 힘들다 하면은 다른 팀으로 이 움직일 수도 있는 방법이 있고 하니까 상사와 한 번 논의를 해 볼 것 같습니다.","wordCount":160},"emotion":[],"intent":[{"text":"","expression":"","category":"attitude"}],"summary":{"text":"저는 직무가 적성에 맞지 않는다고 해서 조치를 취하기보다는 제가 할 수 있는 역량 안에서 라면 할 것 같습니다. 좀 힘든 직무다 그럴 경우에는 상사와 한 번 논의를 해 볼 것입니다.","wordCount":30}}},"rawDataInfo":{"question":{"fileFormat":"wav","fileSize":489678,"duration":15300,"samplingBit":16,"channelCount":1,"samplingRate":"16kHz","audioPath":"/Mock/01.Management/Female/New/ckmk_q_bm_f_n_181440.wav"},"answer":{"fileFormat":"wav","fileSize":2737358,"duration":85540,"samplingBit":16,"channelCount":1,"samplingRate":"16kHz","audioPath":"/Mock/01.Management/Female/New/ckmk_a_bm_f_n_181440.wav"}}}