{"version":"1.0","dataSet":{"info":{"date":"20230116","occupation":"BM","channel":"MOCK","place":"ONLINE","gender":"FEMALE","ageRange":"-34","experience":"NEW"},"question":{"raw":{"text":"네 지원자님께서는 본인이 현재 가지고 있는 위치보다 더 어려운 목표를 달성해 본 적이 있으신가요 어 그러한 경험이 있다면 어 그것이 어떤 것이었는지 한번 말씀해 주시기 바랍니다","wordCount":26},"emotion":[],"intent":[]},"answer":{"raw":{"text":"제가 현재 가지고 있는 위치보다 어려운 목표를 달성한 적이 있냐고 물어보셨는데요. 어 저는 이 질문의 답변에 대해서 어 제가 이전 회사에서 경험한 것 것을 말씀드리고 싶습니다. 제가 이전 회사에서는 청소년 관련된 업무를 했었는데요. 청소년을 데리고 해외 탐방을 가는 그런 메인 지도자로서의 역할을 하게 되었습니다. 그때 가장 걱정이 되었던 것은 청소년들의 안전 그리고 제가 한 마디 한 마디 하는 것들이 청 청소년 시기에 가치관을 청소년 시기가 가치관을 확립하는 시기인데 어 거기에 많은 역량을 줄 거라는 생각에 부담을 느꼈었습니다. 그래서 그 부담을 책임감으로 바꿔서 안 안전에 관한 부분이라든가 아니면 그 나라의 문화 그리고 청소년에게 전달에 전달하고 싶은 이야기들을 어 차례 차근차근 준비를 했고 그 경험을 통해서 제가 맡게 되었던 청소년 지도자로서의 어 그런 역할을 어 잘 끝마칠 수 있었던 경험을 한 적이 있습니다.","wordCount":121},"emotion":[],"intent":[{"text":"제가 이전 회사에서는 청소년 관련된 업무를 했었는데요.","expression":"c_private","category":"background"}],"summary":{"text":"저는 이전 회사에서 청소년 관련 업무를 했습니다. 청소년을 데리고 해외 탐방을 가는 메인 지도자 역할을 하면서 청소년의 안전, 가치관 확립에 많은 역량을 줄 거라는 부담이 있었습니다. 그 부담을 책임감으로 바꿔서 안전, 문화, 전달에 전달하고 싶은 이야기들을 준비를 했고 청소년 지도자로서의 역할을 잘 끝마칠 수 있었던 경험을 한 적이 있습니다.","wordCount":49}}},"rawDataInfo":{"question":{"fileFormat":"wav","fileSize":558158,"duration":17440,"samplingBit":16,"channelCount":1,"samplingRate":"16kHz","audioPath":"/Mock/01.Management/Female/New/ckmk_q_bm_f_n_184223.wav"},"answer":{"fileFormat":"wav","fileSize":2671758,"duration":83490,"samplingBit":16,"channelCount":1,"samplingRate":"16kHz","audioPath":"/Mock/01.Management/Female/New/ckmk_a_bm_f_n_184223.wav"}}}