{"version":"1.0","dataSet":{"info":{"date":"20230116","occupation":"BM","channel":"MOCK","place":"ONLINE","gender":"FEMALE","ageRange":"35-44","experience":"NEW"},"question":{"raw":{"text":"네 지원자님은 평소에 좀 검색을 자주 하시는 편이신가요 또 어떤 검색을 주로 하시는지 또 왜 하시는지도 궁금하거든요 네 관련해서 말씀을 한 번 부탁드리고 싶습니다","wordCount":24},"emotion":[],"intent":[]},"answer":{"raw":{"text":"평소에 제가 알고자 하는 거는 주로 검색을 자주 하는 편입니다. 어 주로 네이버를 나 아니면 구글을 통해서 검색을 많이 하고요. 어 제가 어 수업이나 아니면 다른 데 뭔가 찾고자 할 때 그런 정보들을 알기 위해서 물론 책도 찾지만은 인터넷이 좀 더 더 빠르게 느껴질 때가 있습니다. 어 구글 같은 경우에는 그림 위주로 많이 찾는 것이고 네이버는 주로 단어라든가 그리고 뭐 새로운 일에 대한 정보 같은 것을 주로 검색을 많이 하는 편입니다. 그리고 뭐 쇼핑할 때나 지금도 검색을 많이 사용하고 있습니다. 이 코로나 시대에 맞아서 모든 것이 다 비대면으로 바뀌었습니다. 뭐 쇼핑이라든가 그런 음식 주문도 주로 네이버에서 검색을 해서 맛집 평가를 하시는 분들을 보고 그리고 저 또한 이제 주로 네 주로 거 네이버나 이런 것들을 검색하는 데 많이 사용합니다. 그리고 저는 쇼핑할 때 주로 많이 쓰기도 합니다.","wordCount":126},"emotion":[],"intent":[{"text":"","expression":"","category":"attitude"}],"summary":{"text":"평소 제가 알고자 하는 것을 주로 검색을 자주 하는 편인데, 주로 네이버나 구글을 통해서 검색을 많이 합니다. 구글 같은 경우에는 그림 위주로 많이 찾고, 네이버는 주로 새로운 일에 대한 정보 등을 주로 검색하는 편입니다. 그리고 쇼핑할 때나 지금도 많이 사용하고 있습니다.","wordCount":41}}},"rawDataInfo":{"question":{"fileFormat":"wav","fileSize":575758,"duration":17990,"samplingBit":16,"channelCount":1,"samplingRate":"16kHz","audioPath":"/Mock/01.Management/Female/New/ckmk_q_bm_f_n_178849.wav"},"answer":{"fileFormat":"wav","fileSize":2576398,"duration":80510,"samplingBit":16,"channelCount":1,"samplingRate":"16kHz","audioPath":"/Mock/01.Management/Female/New/ckmk_a_bm_f_n_178849.wav"}}}