{"version":"1.0","dataSet":{"info":{"date":"20230116","occupation":"BM","channel":"MOCK","place":"ONLINE","gender":"FEMALE","ageRange":"-34","experience":"NEW"},"question":{"raw":{"text":"응시자께서 생각했을 때 물류의 미래는 어떨 것 같으신지 말씀해 주시겠어요","wordCount":10},"emotion":[],"intent":[]},"answer":{"raw":{"text":"물류를 둘러싼 환경 변화에 대해서 말씀드리겠습니다. 저는 요즘 이에스지 세 시대를 맞이하여 물류의 환경도 많이 변화하고 있다 라고 생각합니다. 조금 더 친환경적인 물류 유통 방식을 추구해야 한다고 생각합니다. 왜냐하면 사람들의 의식 수준도 높아졌기 때문에 그에 맞는 물류 미래가 준비되어야 합니다. 과대한 포장 쓰레기나 또는 표 불필요한 포장 쓰레기들을 지양하고 그리하여 우리가 친환경 시대에 맞는 물류 시스템을 갖추어야 한다고 생각합니다. 또한 물류는 지금은 다국적 그리고 글로벌 세계에 있기 때문에 많은 다른 나라들과도 유통이 되고 있습니다. 그러므로 어떠한 물건을 살 때 한 나라에만 국한된 것이 아니라 다른 나라들과 여러 유통을 하기 때문에 다양한 언어들 그에 따른 설명서 이런 것들도 준비를 잘 되어야 하고 또한 친환경적인 포장법 패킹법을 연구하여 보다 친환경적이고 글로벌한 미래를 물류 미래를 준비해야 한다고 생각합니다.","wordCount":115},"emotion":[{"text":"그러므로 어떠한 물건을 살 때 한 나라에만 국한된 것이 아니라 다른 나라들과 여러 유통을 하기 때문에 다양한 언어들 그에 따른 설명서 이런 것들도 준비를 잘 되어야 하고 또한 친환경적인 포장법 패킹법을 연구하여 보다 친환경적이고 글로벌한 미래를 물류 미래를 준비해야 한다고 생각합니다.","expression":"u-belief","category":"neutral"}],"intent":[{"text":"","expression":"","category":"attitude"}],"summary":{"text":"물류는 사람들의 의식 수준도 높아졌기 때문에 과대한 포장 쓰레기나 불필요한 포장 쓰레기들을 지양하고 친환경 시대에 맞는 물류 시스템을 갖추어야 합니다. 또한 물류는 많은 나라들과 유통하기 때문에 다양한 언어들 그에 따른 설명서와 친환경적인 포장법 패킹법을 연구하여 물류 미래를 준비해야 합니다.","wordCount":39}}},"rawDataInfo":{"question":{"fileFormat":"wav","fileSize":299278,"duration":9350,"samplingBit":16,"channelCount":1,"samplingRate":"16kHz","audioPath":"/Mock/01.Management/Female/New/ckmk_q_bm_f_n_182669.wav"},"answer":{"fileFormat":"wav","fileSize":2679118,"duration":83720,"samplingBit":16,"channelCount":1,"samplingRate":"16kHz","audioPath":"/Mock/01.Management/Female/New/ckmk_a_bm_f_n_182669.wav"}}}