{"version":"1.0","dataSet":{"info":{"date":"20230116","occupation":"BM","channel":"MOCK","place":"ONLINE","gender":"FEMALE","ageRange":"-34","experience":"NEW"},"question":{"raw":{"text":"문서 작업 등 행정 사무에 관한 경험이 있다면 사례와 함께 설명을 해주실 수 있나요","wordCount":14},"emotion":[],"intent":[]},"answer":{"raw":{"text":"저는 기본적으로 이제 사무 업무를 했기 때문에 행정 사무와 업무와 관련해서 쪼끔 더 전문적인 지식을 가지고 있고 또 스킬도 있다고 생각을 합니다. 어 기본적으로 같은 업무를 처리함에 있어서도 쪼끔 더 빨리 처리하거나 아니면 그 내용들을 종합적으로 분석을 해서 지원하는 경우는 좀 다르다고 생각을 하는데요. 제가 이제 전에 회사의 경력이 보통 지금 행정 사무와 관련돼서 어 대부분의 역량이 집중이 되어 있는 상황이고요. 그리고 제가 입사하면서부터 그리고 계속해서 이 업무를 위해서 노력하고 발전시켜 왔기 때문에 그 부분에 있어서는 좀 업무 처리가 빠르고 신속하고 제 나름대로는 어 좀 효율성이 있다고 생각을 합니다. 어 사실 이제 같은 내용을 어 같은 사람이 처리를 하더라도 어떻게 하느냐에 따라서 방법론적으로 쪼끔 더 빠르거나 아니면 쪼끔 더 신속하게 할 수도 있을 것 같고요. 그리고 행정청 사무에 또 중요성은 정확하게 그 내용을 알고 처리하는 게 중요하다고 생각합니다. 왜냐하면 다른 담당자나 사람들이 봤을 때도 그 업무 처리가 완벽하게 돼 있어야 문제가 발생하지 않기 때문에 제 역할이 있는 부분에 대해서는 저는 최선을 다 하고 있고요. 그리고 앞으로도 그것들이 잘 처리되고 진행될 수 있도록 하겠습니다.","wordCount":163},"emotion":[],"intent":[{"text":"저는 기본적으로 이제 사무 업무를 했기 때문에 행정 사무와 업무와 관련해서   쪼끔 더 전문적인 지식을 가지고 있고 또 스킬도 있다고 생각을 합니다.","expression":"m_admin","category":"technology"},{"text":"제가 이제 전에 회사의 경력이   보통 지금 행정 사무와 관련돼서 어 대부분의 역량이 집중이 되어 있는 상황이고요.","expression":"m_admin","category":"technology"}],"summary":{"text":"행정 사무와 관련해서는 제 능력이 있고 스킬도 있다고 생각합니다. 전 회사 경력이 행정 사무에 집중되어 있고, 입사 후 이 업무를 발전시켜왔기 때문에 업무 처리 방식이 빠르고 효율적이라고 생각합니다. 행정적 사무는 정확하게 내용을 알고 처리하는 게 중요하기 때문에 제 역할이 있는 부분에 대해서는 최선을 다할 것입니다.","wordCount":45}}},"rawDataInfo":{"question":{"fileFormat":"wav","fileSize":314958,"duration":9840,"samplingBit":16,"channelCount":1,"samplingRate":"16kHz","audioPath":"/Mock/01.Management/Female/New/ckmk_q_bm_f_n_174136.wav"},"answer":{"fileFormat":"wav","fileSize":2752718,"duration":86020,"samplingBit":16,"channelCount":1,"samplingRate":"16kHz","audioPath":"/Mock/01.Management/Female/New/ckmk_a_bm_f_n_174136.wav"}}}