{"version":"1.0","dataSet":{"info":{"date":"20230116","occupation":"BM","channel":"MOCK","place":"ONLINE","gender":"FEMALE","ageRange":"45-54","experience":"NEW"},"question":{"raw":{"text":"지원자님께서는 남을 잘 이끄는 리더형 그리고 남을 잘 따르는 팔로워형 이 둘 중에 본인은 어떠한 유형이신지 이유는 무엇인지에 대해서 답변 부탁드립니다","wordCount":21},"emotion":[],"intent":[]},"answer":{"raw":{"text":"어 저 같은 경우에는 남을 잘 이끄는 리더형과 남을 잘 따르는 팔로워형 중에 리더형에 더 가깝다고 생각이 듭니다. 저 같은 경우에는 첫째로 태어나기도 하고 밑에 동생은 두 명이 있습니다. 그리고 어 고등학교나 대학교 직업 선택의 기로에 섰을 때 대부분 저 스스로 결정을 하고 어 따랐기 때 따랐기 때문에 부모님이나 누가 이끌어주는 의사 결정이라던가 이런 계획을 따랐다기보다는 제가 스스로 판단하고 결정하고 책임지는 그러한 상황들이 많았습니다. 그러다 보니 어 제가 어떤 의사결정을 하고 밑에 동생들이나 다른 친구들을 끌어가는 그런 리더형이 저는 더 맞다고 생각을 합니다.","wordCount":83},"emotion":[],"intent":[{"text":"저 같은 경우에는 첫째로 태어나기도 하고 밑에 동생은 두 명이 있습니다.","expression":"c_private","category":"background"}],"summary":{"text":"저 같은 경우에는 남을 잘 이끄는 리더형과 남을 잘 따르는 팔로워형 중에 리더형에 더 가깝다고 생각 합니다. 제가 어떤 의사결정을 하고 밑에 동생들이나 다른 친구들을 끌어가는 그런 리더형이 더 맞다고 생각합니다.","wordCount":31}}},"rawDataInfo":{"question":{"fileFormat":"wav","fileSize":494798,"duration":15460,"samplingBit":16,"channelCount":1,"samplingRate":"16kHz","audioPath":"/Mock/01.Management/Female/New/ckmk_q_bm_f_n_188212.wav"},"answer":{"fileFormat":"wav","fileSize":1551438,"duration":48480,"samplingBit":16,"channelCount":1,"samplingRate":"16kHz","audioPath":"/Mock/01.Management/Female/New/ckmk_a_bm_f_n_188212.wav"}}}