{"version":"1.0","dataSet":{"info":{"date":"20230116","occupation":"BM","channel":"MOCK","place":"ONLINE","gender":"FEMALE","ageRange":"-34","experience":"NEW"},"question":{"raw":{"text":"업무를 하다 보면 분쟁이 발생할 수 있습니다 이를 대비한 지원자님만의 대처 방법이 있는지 만약 있다면 어떤 대처 방법인지 말씀해 주시기 바랍니다","wordCount":21},"emotion":[],"intent":[]},"answer":{"raw":{"text":"네 업무 시 분쟁이 발생했을 때 저는 우선 상황 판단을 먼저 해 볼 것 같습니다. 지금 이 분쟁이 어떻게 발생했고 어떤 사람들 때문에 발생했는지 일단 확인을 먼저 하고요. 그 발생했을 때 상황을 판단을 해서 아 내가 어떻게 하면 이때 어떻게 대처를 하면 좋을까 고민을 해 볼 것 같은데 저는 평소에 분쟁이 발생했을 때 조용히 있다가 상황 판단을 끝내고 난 뒤에 이제 한 마디 두 마디 정도 얹어서 이렇게 하면 더 좋을 것 같다 라고 이야기를 하는 편이기 합니다. 그래서 친구들끼리도 분쟁이 발생을 하잖아요. 그때 저는 항상 가만히 보고 있다가 아 이거는 이러 이런 상황이구나 이렇게 파악이 다 되면은 친구들에게 제일 좋은 해법을 알려주는 편이고 만약에 회사에서도 분쟁이 발생을 한다면 제가 우선 먼저 나서지 않고 동태를 파악하고 그 이후에 제가 제 이야기를 각자의 사람들에게 가서 대화를 좀 해보고 그리고 같이 잘 풀 수 있는 방안을 제안할 것 같습니다.","wordCount":137},"emotion":[],"intent":[{"text":"","expression":"","category":"attitude"}],"summary":{"text":"분쟁 발생 시 저는 조용히 있다가 상황 판단을 끝내고 나서 한 마디 두 마디 얹어서 더 좋을 것 같다고 이야기를 하는 편입니다. 회사에서도 분쟁이 발생했을 때는 우선 나서지 않고 동태를 파악한 후에 제 이야기를 각자의 사람들에게 가서 대화를 해보고 같이 잘 풀 수 있는 방안을 제안할 것 같습니다.","wordCount":48}}},"rawDataInfo":{"question":{"fileFormat":"wav","fileSize":640718,"duration":20020,"samplingBit":16,"channelCount":1,"samplingRate":"16kHz","audioPath":"/Mock/01.Management/Female/New/ckmk_q_bm_f_n_175932.wav"},"answer":{"fileFormat":"wav","fileSize":2368078,"duration":74000,"samplingBit":16,"channelCount":1,"samplingRate":"16kHz","audioPath":"/Mock/01.Management/Female/New/ckmk_a_bm_f_n_175932.wav"}}}