{"version":"1.0","dataSet":{"info":{"date":"20230116","occupation":"BM","channel":"MOCK","place":"ONLINE","gender":"FEMALE","ageRange":"35-44","experience":"NEW"},"question":{"raw":{"text":"지원자님이 입사 후 쉬운 일 어려운 일이 있을 때 이 일에 대한 분배를 어떻게 하실 건가요 지원자님이 어떻게 나눠서 처리할 생각이신지 간단히 설명도 함께 이야기 해 주세요","wordCount":27},"emotion":[],"intent":[]},"answer":{"raw":{"text":"가장 중요하게 생각해야 할 부분은 어떤 방법이 가장 최고의 성과를 낼 것인가 하는 겁니다. 도출해 하는 결과물과 이를 위해 필요한 작업을 중심으로 업무를 정리하고 프로젝트의 성공을 위해서 내 일 니 일 이렇게 선을 긋지 말고 하나의 팀으로서 시너지를 극대화하도록 노력해야 할 것입니다. 효율적이면서도 효과적인 협업과 분업이 필요합니다. 명확한 오너십을 부여하여 궁극적인 권한과 책임을 책임감을 갖도록 하는 것이 중요할 것 같습니다. 이를 돕는 사람들에게는 관련된 책임과 권한을 균형 있게 부여해야 합니다. 오너십이 분명해도 어느 한 사람의 힘으로 모든 일이 이루어질 수는 없습니다. 협조 의무가 있는 사람에게는 여기에 필요한 권한도 함께 부여해야 합니다. 내 일과 남의 일에 이분법적 사고가 아니라 내가 리드하는 일과 내가 지원함으로써 조직의 시너지를 만들어낼 수 있는 일로 업무를 나누어 볼 수 있는 시각이 필요할 것 같습니다.","wordCount":118},"emotion":[],"intent":[{"text":"","expression":"","category":"attitude"}],"summary":{"text":"결과물과 필요한 작업을 중심으로 업무를 정리하고 하나의 팀으로서 시너지를 극대화하도록 노력해야 할 것입니다. 명확한 오너십을 부여하여 궁극적인 권한과 책임감을 갖도록 하는 것이 중요하다고 생각합니다. 협조 의무가 있는 사람에게는 필요한 권한도 함께 부여해야 합니다.","wordCount":33}}},"rawDataInfo":{"question":{"fileFormat":"wav","fileSize":514958,"duration":16090,"samplingBit":16,"channelCount":1,"samplingRate":"16kHz","audioPath":"/Mock/01.Management/Female/New/ckmk_q_bm_f_n_185373.wav"},"answer":{"fileFormat":"wav","fileSize":2323278,"duration":72600,"samplingBit":16,"channelCount":1,"samplingRate":"16kHz","audioPath":"/Mock/01.Management/Female/New/ckmk_a_bm_f_n_185373.wav"}}}