{"version":"1.0","dataSet":{"info":{"date":"20230116","occupation":"BM","channel":"MOCK","place":"ONLINE","gender":"FEMALE","ageRange":"45-54","experience":"NEW"},"question":{"raw":{"text":"어 본인은 팀장에 더 잘 맞을 것 같나요 아니면 팀원에 더 잘 맞을 것 같나요 그렇게 생각하는 이유를 한 번 같이 말씀을 해 주시기 바랍니다","wordCount":25},"emotion":[],"intent":[]},"answer":{"raw":{"text":"아 예 저는 팀장과 팀원 중에 어 말씀 드릴 수 있는 건 팀원이 더 맞다고 생각합니다. 그러니까 팀장 같은 경우는 뭔가 계획을 하고 이제 그런 그 리더십 이런 게 중요한데 사실 뭐 계획이라든지 그런 리더십 이런 부분이 좀 주 그 부족하다고 생각하기 때문에 아 팀장에는 좀 맞지 않을 것 같구요. 그런데 이제 팀원 중에서도 팀원 중에 그냥 말단 그냥 시키는 일만 하는 그런 팀원이라기보다는 그 팀장의 오른팔 밑에서 바로 어 팀원들을 좀 다 아우러서 어 밖으로 나와 있는 그런 팀장을 써포트를 잘 해 주는 그런 리더 같은 팀원이 맞을 것 같습니다.","wordCount":91},"emotion":[],"intent":[{"text":"","expression":"","category":"attitude"}],"summary":{"text":"저는 팀원이 더 맞다고 생각합니다. 팀원은 팀원들을 다 아우르며 밖으로 나와 있는 팀장을 잘 써포트 해 주는 리더 같은 팀원이 맞을 것 같습니다.","wordCount":23}}},"rawDataInfo":{"question":{"fileFormat":"wav","fileSize":508238,"duration":15880,"samplingBit":16,"channelCount":1,"samplingRate":"16kHz","audioPath":"/Mock/01.Management/Female/New/ckmk_q_bm_f_n_175369.wav"},"answer":{"fileFormat":"wav","fileSize":2023118,"duration":63220,"samplingBit":16,"channelCount":1,"samplingRate":"16kHz","audioPath":"/Mock/01.Management/Female/New/ckmk_a_bm_f_n_175369.wav"}}}