{"version":"1.0","dataSet":{"info":{"date":"20230116","occupation":"BM","channel":"MOCK","place":"ONLINE","gender":"FEMALE","ageRange":"-34","experience":"NEW"},"question":{"raw":{"text":"지원자님께서 만약 일을 하던 중 팀원과 불화가 생긴다면 어떻게 해결하시겠습니까 해결법과 그 이유에 대해 설명과 말씀해 주시겠습니까","wordCount":17},"emotion":[],"intent":[]},"answer":{"raw":{"text":"만약 일을 하던 중 팀원과 불화가 생긴다면 어 저는 우선 그 팀원과 따로 이야기할 시간을 가질 것 같습니다. 음 지금까지 제가 여러 팀 프로젝트를 해오면서 당연히 불화가 생겼던 순간들도 있는데요. 어 돌이켜보면 대부분의 불화는 어 그 한 명이 나빠서가 아니라 서로가 어 이 업무에 대한 욕심이 있고 혹은 서로가 지향하는 바가 조금씩 달라서 이뤄졌던 것이지 어 한 사람의 인격이 나쁘거나 그래서 있었던 적은 거의 없습니다. 음 그렇기 때문에 어 저는 서로의 감정을 조금 내려놓고 차분하게 대화를 하다 보면 음 해결점을 찾을 수 있을 것이라고 생각을 하고 또 업무적으로 서로 합의를 보지 못하더라도 서로의 감정은 풀고 갈 수 있도록 저는 그렇게 해결을 할 것 같습니다.","wordCount":104},"emotion":[],"intent":[{"text":"","expression":"","category":"attitude"}],"summary":{"text":"업무 수행 중 팀원과 불화가 생겼다면 따로 대화를 나눠야 할 것 같습니다. 지금까지 불화는 모두 각자의 업무에 대한 욕심과 지향점이 달라서 생긴 것이므로, 서로의 감정을 잠시 내려놓은 채 대화를 하면 해결점을 찾을 수 있을 것이라 생각합니다.","wordCount":36}}},"rawDataInfo":{"question":{"fileFormat":"wav","fileSize":441678,"duration":13800,"samplingBit":16,"channelCount":1,"samplingRate":"16kHz","audioPath":"/Mock/01.Management/Female/New/ckmk_q_bm_f_n_190148.wav"},"answer":{"fileFormat":"wav","fileSize":2167438,"duration":67730,"samplingBit":16,"channelCount":1,"samplingRate":"16kHz","audioPath":"/Mock/01.Management/Female/New/ckmk_a_bm_f_n_190148.wav"}}}