{"version":"1.0","dataSet":{"info":{"date":"20230116","occupation":"BM","channel":"MOCK","place":"ONLINE","gender":"FEMALE","ageRange":"35-44","experience":"NEW"},"question":{"raw":{"text":"지원자님만의 스트레스 해소법이 있는지 있다면 왜 그런 방법으로 스트레스를 해소하시는지 궁금합니다","wordCount":11},"emotion":[],"intent":[]},"answer":{"raw":{"text":"스트레스를 받는 상황이 발생되면 저는 두 가지 방법으로 그 스트레스를 해소합니다. 첫번째는 일찍 자는 것입니다. 머릿속에 복잡하거나 마음을 우울하게 하는 스트레스 상황에서 일단 저를 잠시 빼어내는 것이 제가 스트레스를 해소하는 첫 번째 방법입니다. 두 번째 방법은 일찍 잔 이후 새벽같이 일찍 일어나는 겁니다. 고요한 시간에 일어나는 것 그리고 일단 어젯밤 스트레스 상황으로부터 저를 구출했다는 것 이 두 가지가 합쳐지면 어 내가 제가 겪고 있는 스트레스 상황을 조금 더 객관적으로 살펴볼 수 있는 마음의 상태가 된다고 생각합니다. 그러고 나면은 그 문제들을 좀 객관화로 객관화 해 해 볼 수 있고 제가 당장 할 수 있는 일이 무엇인지를 조금 더 차분하게 계획 할 수 있고 그런 일련의 과정을 통해서 스트레스를 해소하거나 벗어나는 데 늘 도움을 받고 있습니다.","wordCount":114},"emotion":[],"intent":[{"text":"","expression":"","category":"attitude"}],"summary":{"text":"저는 스트레스를 받는 상황이 발생되면 일찍 자는 것과 새벽같이 일찍 일어나는 방법으로 스트레스를 해소합니다. 그리고 그 문제들을 좀 객관화로 하여 당장 할 수 있는 일이 무엇인지를 조금 더 차분하게 계획 할 수 있고 그런 일련의 과정을 통해 스트레스를 해소하거나 벗어나는 데 늘 도움을 받고 있습니다.","wordCount":45}}},"rawDataInfo":{"question":{"fileFormat":"wav","fileSize":298958,"duration":9340,"samplingBit":16,"channelCount":1,"samplingRate":"16kHz","audioPath":"/Mock/01.Management/Female/New/ckmk_q_bm_f_n_180224.wav"},"answer":{"fileFormat":"wav","fileSize":2064718,"duration":64519,"samplingBit":16,"channelCount":1,"samplingRate":"16kHz","audioPath":"/Mock/01.Management/Female/New/ckmk_a_bm_f_n_180224.wav"}}}