{"version":"1.0","dataSet":{"info":{"date":"20230116","occupation":"BM","channel":"MOCK","place":"ONLINE","gender":"FEMALE","ageRange":"35-44","experience":"NEW"},"question":{"raw":{"text":"커뮤니케이션을 잘 할 수 있는 지원자님만의 스킬이 있는지요 어 있다면 한 번 소개시켜 주시겠습니까 직접 한 번 보여주시면 더 좋겠습니다","wordCount":20},"emotion":[],"intent":[]},"answer":{"raw":{"text":"네 커뮤니케이션을 잘하는 노하우 노하우까지는 아닙니다. 저는 뭐 딱히 특별한 기술이 있거나 이러지는 않구요. 좀 그냥 전반적인 모습에서 저는 좀 친화력인 것 같습니다. 어 새로운 사람을 특히 만났을 때 서로가 되게 불편하잖아요. 이 사람은 어떤 사람일지 또 어떤 말을 해야 될지 잘 모르고 조심스럽고 특히 우리나라 사람들은 첫 만남을 되게 어려워하고 막 그런데 저는 인제 그런 자리에서 좀 빨리 친해지고 좀 마음이 편해져야 좀 대화가 잘 되는 것 같고 어 좀 생각도 잘 떠오르는 것 같아서 어 얼마나 빨리 잘 친화력이 있는지가 좀 중요한 것 같아요. 그런데 이제 제가 성격상으로 어 어디 가서 친화력이 없다는 얘기는 잘 안 들어봐서 제가 느끼는 저의 장점은 강점은 어 친화력 또 뭐 그냥 좀 푸근함 좀 이런 것 같습니다. 그래서 그런 식으로 그냥 편안하게 상대를 편안하게 해주면서 대화를 끌어가는 것 같습니다.","wordCount":127},"emotion":[],"intent":[{"text":"좀 그냥 전반적인 모습에서 저는 좀 친화력인 것 같습니다.","expression":"c_person","category":"background"},{"text":"그런데 이제 제가 성격상으로 어 어디 가서 친화력이 없다는 얘기는 잘 안 들어봐서 제가 느끼는 저의 장점은 강점은 어 친화력 또 뭐 그냥 좀 푸근함 좀 이런 것 같습니다.","expression":"c_person","category":"background"}],"summary":{"text":"커뮤니케이션을 잘하는 노하우까지는 아니지만 전반적인 모습에서 친화력인 것 같습니다. 새로운 사람을 만날 때 서로가 불편한데 그런 자리에서 친해지고 마음이 편해져야 대화가 잘 되고 생각이 떠오릅니다. 친화력이 중요한 것 같은데 제 장점은 친화력과 푸근함입니다. 그래서 대화를 편안하게 끌어가는 것 같습니다.","wordCount":39}}},"rawDataInfo":{"question":{"fileFormat":"wav","fileSize":449358,"duration":14040,"samplingBit":16,"channelCount":1,"samplingRate":"16kHz","audioPath":"/Mock/01.Management/Female/New/ckmk_q_bm_f_n_181555.wav"},"answer":{"fileFormat":"wav","fileSize":2449998,"duration":76560,"samplingBit":16,"channelCount":1,"samplingRate":"16kHz","audioPath":"/Mock/01.Management/Female/New/ckmk_a_bm_f_n_181555.wav"}}}