{"version":"1.0","dataSet":{"info":{"date":"20230116","occupation":"BM","channel":"MOCK","place":"ONLINE","gender":"FEMALE","ageRange":"-34","experience":"NEW"},"question":{"raw":{"text":"지원자님께서 만약 내일 죽는다는 것을 알게 됐을 때에 당장 어떤 거 하고 싶으신가요 과연 이 면접을 끝까지 보실 건가요","wordCount":19},"emotion":[],"intent":[]},"answer":{"raw":{"text":"네 우선은 이 면접은 끝까지 다 봐야겠죠. 왜냐하면은 이것은 우리의 하나의 시간이고 그리고 이 시간에 정말 중요한 약속이고 일정이니까요. 저는 이 일정을 잘 끝내고 거창한 것은 하지 않을 것 같습니다. 그냥 소소하게 일상 속에서 뭐 행복을 느낄 것 같은데요. 예를 들어서 가족들과 밥 맛있는 밥을 먹으러 간다든지 아니면 영화를 본다든지 아니면 밤 산책을 한다든지 그런 식으로 소소하게 하루를 마무리 지을 것 같습니다. 거창하게 무언가를 하는 것보다는 때로는 소소한 일상에서 오는 행복을 찾는 걸 저는 더 중요하게 생각을 해서요. 그리고 거창하게 뭘 할려고 하면은 오히려 기억에 남는 것도 없을 것 같습니다. 그래서 저는 당장 뭐 할 거 라는 라는 답변에는 일단은 면접을 아주 멋있게 마무리 짓도록 하겠습니다 라고 답변해 드릴 수 있을 것 같습니다.","wordCount":113},"emotion":[],"intent":[{"text":"거창하게 무언가를 하는 것보다는 때로는 소소한 일상에서 오는 행복을 찾는 걸   저는 더 중요하게 생각을 해서요.","expression":"c_value","category":"background"}],"summary":{"text":"저는 거창하게 무언가를 하는 것보다는 소소한 일상에서 오는 행복을 찾는 것을 더 중요하게 생각하여 일단 이 면접은 끝까지 다 봐야겠지만 거창하게 뭘 할려고 하면은 기억에 남지 않을 것 같습니다.","wordCount":29}}},"rawDataInfo":{"question":{"fileFormat":"wav","fileSize":327758,"duration":10240,"samplingBit":16,"channelCount":1,"samplingRate":"16kHz","audioPath":"/Mock/01.Management/Female/New/ckmk_q_bm_f_n_169456.wav"},"answer":{"fileFormat":"wav","fileSize":1930318,"duration":60320,"samplingBit":16,"channelCount":1,"samplingRate":"16kHz","audioPath":"/Mock/01.Management/Female/New/ckmk_a_bm_f_n_169456.wav"}}}