{"version":"1.0","dataSet":{"info":{"date":"20230116","occupation":"BM","channel":"MOCK","place":"ONLINE","gender":"FEMALE","ageRange":"35-44","experience":"NEW"},"question":{"raw":{"text":"일을 하다 보면 업무량이 과도하게 많아질 수 있는데요 그래도 잘 버틸 자신이 있으신가요","wordCount":13},"emotion":[],"intent":[]},"answer":{"raw":{"text":"일을 하다보며 업무량이 과도하게 많아질 수 있는 경우가 생길 것입니다. 그래도 저는 업무량이 많다고 해서 피하지는 않겠습니다. 도전적인 마인드로 기꺼이 받아들여 보겠습니다. 직원들에게 저는 좋은 첫 인상을 남기고 싶습니다. 저에게 할당된 수많은 업무를 처리한다면 직원들에게도 직접 동료들에게도 좋은 인상을 심어줄 거라고 저는 생각합니다. 물론 업무량 때문에 피곤하고 힘든 일도 있겠지만은 제 역량을 향상시킬 수 있는 좋은 기회라고도 생각합니다. 그리고 훗날 그 저 제가 야근했던 그 역량이 저의 성공에 도움이 될 것 같다는 생각이 듭니다. 그러므로 저는 야근은 해서래도 저의 모든 업무를 잘 처리할 것입니다. 물론 뭐 처리하다 보면 실수도 있겠지만은 저를 믿어 주었기 때문에 업무량도 많다고 생각합니다. 기꺼이 잘 처리해 낼 자신이 있습니다.","wordCount":103},"emotion":[],"intent":[{"text":"","expression":"","category":"attitude"}],"summary":{"text":"업무량이 많다고 해서 피하지는 않겠습니다. 직원들에게 좋은 첫 인상을 남기고 싶습니다. 업무량 때문에 피곤할 수도 있지만 제 역량을 향상시킬 수 있는 좋은 기회라고 생각합니다. 기꺼이 잘 처리해 낼 자신이 있습니다.","wordCount":30}}},"rawDataInfo":{"question":{"fileFormat":"wav","fileSize":293198,"duration":9160,"samplingBit":16,"channelCount":1,"samplingRate":"16kHz","audioPath":"/Mock/01.Management/Female/New/ckmk_q_bm_f_n_178843.wav"},"answer":{"fileFormat":"wav","fileSize":2428878,"duration":75900,"samplingBit":16,"channelCount":1,"samplingRate":"16kHz","audioPath":"/Mock/01.Management/Female/New/ckmk_a_bm_f_n_178843.wav"}}}