{"version":"1.0","dataSet":{"info":{"date":"20230116","occupation":"BM","channel":"MOCK","place":"ONLINE","gender":"FEMALE","ageRange":"-34","experience":"NEW"},"question":{"raw":{"text":"팀 프로젝트를 하던 중에 가장 핵심적인 역할을 했던 동료가 빠지게 되었습니다 팀 프로젝트가 엎어질 위기까지 갔는데 이 상황을 어떻게 타개하실 건가요","wordCount":21},"emotion":[],"intent":[]},"answer":{"raw":{"text":"프로젝트가 잘 진행되고 있는 도중에 전문가인 팀원이 빠져버린다면 저는 우선 그 프로젝트를 무사히 완수하기 완수하기 위해서 빠진 팀원과 비슷한 역량을 가지거나 비슷한 분야에 있는 대체 인원을 찾기 위해 노력할 것입니다. 대체 인원을 찾을 수만 있다면 다소 그 프로젝트에 대한 목적과 방법에 대해 익히는 시간이 필요하겠지만 그 정도에 시간은 감수하고 프로젝트를 무사히 마치는 것이 중요하다고 생각합니다. 그래서 이와 같이 중간에 문제가 생겨서 프로젝트가 중단될 위기에 있다면 프로젝트를 무사히 완료시키기 위해 최선을 다할 것이고 그에 대한 해결책을 강구하도록 노력할 것입니다. 또한 혼자서 해결하기 어렵다면 주변 팀원들과도 협의를 하여 좋은 방법을 찾을 수 있도록 노력할 것입니다.","wordCount":93},"emotion":[],"intent":[{"text":"","expression":"","category":"attitude"}],"summary":{"text":"프로젝트가 잘 진행되고 있는 도중에 전문가인 팀원이 빠진다면 저는 그 프로젝트를 완수하기 위해서 빠진 팀원과 비슷한 역량을 가지거나 비슷한 분야에 있는 대체 인원을 찾기 위해 노력할 것입니다.","wordCount":27}}},"rawDataInfo":{"question":{"fileFormat":"wav","fileSize":428238,"duration":13380,"samplingBit":16,"channelCount":1,"samplingRate":"16kHz","audioPath":"/Mock/01.Management/Female/New/ckmk_q_bm_f_n_178384.wav"},"answer":{"fileFormat":"wav","fileSize":2577358,"duration":80540,"samplingBit":16,"channelCount":1,"samplingRate":"16kHz","audioPath":"/Mock/01.Management/Female/New/ckmk_a_bm_f_n_178384.wav"}}}