{"version":"1.0","dataSet":{"info":{"date":"20230116","occupation":"BM","channel":"MOCK","place":"ONLINE","gender":"FEMALE","ageRange":"-34","experience":"NEW"},"question":{"raw":{"text":"인사 그룹의 일원으로서 갖춰야 할 것은 어떤 것이며 무엇이라고 생각하고 계신가요","wordCount":11},"emotion":[],"intent":[]},"answer":{"raw":{"text":"인사 팀은 회사와 회사 직원을 연결해 주는 역할을 합니다. 인사 업무는 회사에 들어가 있는 종업원을 뽑고 그들을 관리하고 그들을 퇴직하는 모든 것을 관리합니다. 따라서 가장 먼저 좋은 사람을 뽑기 위해 회사가 어떤 인재관을 가졌는지 알아야 합니다. 회사의 인재관을 맞춰서 인재관에 맞춰서 사람을 뽑아야 그 사람이 회사에 잘 적응을 하게 됩니다. 또한 그 회사에 뽑아 놓는 것에서 그치지 않고 회사에서 잘 지 직원들이 잘 적응할 수 있도록 노력해야 합니다. 회사에서 직원들이 잘 적응을 못하거나 본인에게 맞지 않는 업무를 하고 있다면 회사로서도 직원으로서도 모두 큰 피해를 입게 됩니다. 따라서 회 잘 좋은 직원을 뽑고 그 좋은 직원을 좋은 자리에 배치하는 것이 중요합니다. 또한 회사에서 일을 하다보면 당연히 퇴직까지 있게 됩니다. 이러한 것을 다 하려면 인사 그룹의 일원으로서 꼼꼼함과 관찰력이 필요합니다. 직원들과 회사를 이어 주어야 하기 때문입니다.","wordCount":124},"emotion":[{"text":"인사 업무는 회사에 들어가 있는 종업원을 뽑고 그들을 관리하고 그들을 퇴직하는 모든 것을   관리합니다.","expression":"u-fact","category":"neutral"}],"intent":[{"text":"","expression":"","category":"attitude"}],"summary":{"text":"인사 팀은 회사와 회사 직원을 연결해 주는 역할을 합니다. 회사의 인재관에 맞춰서 사람을 뽑아야 그 사람이 회사에 잘 적응을 하게 됩니다. 또한 회사에서 직원들이 잘 적응하지 못하거나 본인에게 맞지 않는 업무를 하고 있다면 회사와 직원 모두 큰 피해를 입게 됩니다. 꼼꼼함과 관찰력이 필요합니다.","wordCount":43}}},"rawDataInfo":{"question":{"fileFormat":"wav","fileSize":268878,"duration":8400,"samplingBit":16,"channelCount":1,"samplingRate":"16kHz","audioPath":"/Mock/01.Management/Female/New/ckmk_q_bm_f_n_180865.wav"},"answer":{"fileFormat":"wav","fileSize":2647758,"duration":82740,"samplingBit":16,"channelCount":1,"samplingRate":"16kHz","audioPath":"/Mock/01.Management/Female/New/ckmk_a_bm_f_n_180865.wav"}}}