{"version":"1.0","dataSet":{"info":{"date":"20230116","occupation":"BM","channel":"MOCK","place":"ONLINE","gender":"FEMALE","ageRange":"45-54","experience":"NEW"},"question":{"raw":{"text":"일을 하면서 어떤 것이 가장 어려울 것이라고 예상되나요 그리고 그것에 대해서는 어떤 방법으로 대처하실 건가요","wordCount":15},"emotion":[],"intent":[]},"answer":{"raw":{"text":"어 일을 하면서 어려울 것으로 생각되는 건 업무 자체는 어 그렇게 힘들 거라는 생각은 들지 않습니다. 뭐 어려운 일이 있으면 어려운 대로 쉬운 일은 쉬운 대로 잘 처리해 나갈 자신이 있는데요. 살다 보니 이게 그 사람과 사람 인간 관계가 어 쉬우면서도 참 어려운 것 같습니다. 서로 그 인간 관계가 좋아야 어떤 팀웍이라든지 이런 부분이 잘 이루어져서 어 행복한 마음이 있어야 또 보고 싶은 사람이 있어야 또 회사에 출근하고도 싶고 한데 보기 싫거나 잘 맞지 않는 사람하고 일을 해야 된다면 그런 게 많이 힘들 것 같고 그렇기 때문에 일단 그 다 상대방을 많이 이해하려는 노력이 필요할 것 같고 배려하는 그런 마음 자세로 어 임해야 될 것 같다고 생각합니다.","wordCount":107},"emotion":[],"intent":[{"text":"","expression":"","category":"attitude"}],"summary":{"text":"인간 관계가 좋아야 팀웍이 잘 이루어져 행복한 마음이 있어야 하고, 보고 싶은 사람이 있어야 회사 출근도 하고 싶은데 보기 싫거나 잘 맞지 않는 사람하고 일을 한다면 힘든 것이므로 상대방을 많이 이해하려는 노력이 필요할 것 같습니다.","wordCount":35}}},"rawDataInfo":{"question":{"fileFormat":"wav","fileSize":316238,"duration":9880,"samplingBit":16,"channelCount":1,"samplingRate":"16kHz","audioPath":"/Mock/01.Management/Female/New/ckmk_q_bm_f_n_182165.wav"},"answer":{"fileFormat":"wav","fileSize":2103758,"duration":65740,"samplingBit":16,"channelCount":1,"samplingRate":"16kHz","audioPath":"/Mock/01.Management/Female/New/ckmk_a_bm_f_n_182165.wav"}}}