{"version":"1.0","dataSet":{"info":{"date":"20230116","occupation":"BM","channel":"MOCK","place":"ONLINE","gender":"FEMALE","ageRange":"-34","experience":"NEW"},"question":{"raw":{"text":"동물 실험이 인간에게 주는 이익에 관해서 어 말씀을 좀 부탁드립니다 동물 실험에 대한 지원자님의 생각이 궁금합니다","wordCount":16},"emotion":[],"intent":[]},"answer":{"raw":{"text":"어 신제품을 가장 인간에게 가장 큰 피해 없이 적용시킬 수 있다는 점에서 동물 실험이 우리에게 주는 이익이 있다고 생각합니다. 그러나 어 사실 저는 동물 실험에 대해서 반대합니다. 어 신체 구조가 비슷하다고 하더라도 첫 번째로 그들 또한 인간이 느끼는 고통을 느끼며 두 번째로 어 아직 밝혀지지 않은 많은 분야의 생명 시스템이 인간과 동물이 서로 다르다는 것을 입증하기 때문에 저는 동물 실험을 백 프로 믿어서는 믿으면 안 된다고 생각합니다. 따라서 동물 실험이 인간 인 동물 실험에 하는 것에 대해서 반대합니다.","wordCount":78},"emotion":[],"intent":[{"text":"","expression":"","category":"attitude"}],"summary":{"text":"신제품을 인간에게 가장 큰 피해 없이 적용시킬 수 있다는 점에서 동물 실험이 우리에게 주는 이익이 있다고 생각합니다. 그러나 동물 실험은 반대합니다. 그들 또한 인간이 느끼는 고통을 느끼며 많은 분야의 생명 시스템이 인간과 동물이 서로 다르다는 것을 입증하기 때문에 동물 실험을 백 프로 믿어서는 믿으면 안 된다고 생각합니다.","wordCount":47}}},"rawDataInfo":{"question":{"fileFormat":"wav","fileSize":461518,"duration":14420,"samplingBit":16,"channelCount":1,"samplingRate":"16kHz","audioPath":"/Mock/01.Management/Female/New/ckmk_q_bm_f_n_171761.wav"},"answer":{"fileFormat":"wav","fileSize":2089678,"duration":65300,"samplingBit":16,"channelCount":1,"samplingRate":"16kHz","audioPath":"/Mock/01.Management/Female/New/ckmk_a_bm_f_n_171761.wav"}}}