{"version":"1.0","dataSet":{"info":{"date":"20230116","occupation":"BM","channel":"MOCK","place":"ONLINE","gender":"FEMALE","ageRange":"35-44","experience":"NEW"},"question":{"raw":{"text":"지원자님께서는 나만의 스트레스 해소법이 있으신가요 있으시다면 왜 그러한 방법으로 스트레스를 해소를 하시는지에 대해서도 설명을 부탁드립니다","wordCount":15},"emotion":[],"intent":[]},"answer":{"raw":{"text":"저의 스트레스 해소법은 나만의 시간을 갖기입니다. 저와 같은 직장인들은 야근이나 주말 출근으로 인해 정작 자신을 위한 시간을 갖기가 어려운 게 현실입니다. 바쁜 직장생활에 치이다 보면 짧게는 몇 주 길게는 몇 달에 한 번 친구들과의 모임을 갖는 게 현실입니다. 저는 가끔씩 짧게라도 나를 위한 시간을 준비합니다. 하루나 이틀 정도는 보고 싶었던 전시나 공연 영화를 보기도 하고 아니면 무작정 가고 싶었던 장소를 찾아가 혼자 선책을 한 적도 있습니다. 계획 없이 떠나는 장일치기 여행도 좋습니다. 가끔은 복잡한 생각 없이 떠나는 것을 추천합니다. 나만의 시간을 가지면 나라는 존재의 소중함을 깨닫고 스트레스도 풀리는 일석이조의 효과를 얻을 수 있다고 생각합니다. 요즘 이런 시간 덕분에 스스로를 다독이면서 주변 사람들에게도 친절해진 저를 새롭게 발견하고 있습니다.","wordCount":107},"emotion":[],"intent":[{"text":"","expression":"","category":"attitude"}],"summary":{"text":"나만의 시간을 가지면 저의 존재의 소중함을 깨닫고 스트레스도 풀리는 일석이조의 효과를 얻을 수 있다고 생각합니다. 요즘 이런 시간 덕분에 스스로를 다독이면서 주변 사람들에게도 친절해진 나를 새롭게 발견하고 있습니다.","wordCount":28}}},"rawDataInfo":{"question":{"fileFormat":"wav","fileSize":428238,"duration":13380,"samplingBit":16,"channelCount":1,"samplingRate":"16kHz","audioPath":"/Mock/01.Management/Female/New/ckmk_q_bm_f_n_187560.wav"},"answer":{"fileFormat":"wav","fileSize":2142158,"duration":66940,"samplingBit":16,"channelCount":1,"samplingRate":"16kHz","audioPath":"/Mock/01.Management/Female/New/ckmk_a_bm_f_n_187560.wav"}}}