{"version":"1.0","dataSet":{"info":{"date":"20230116","occupation":"BM","channel":"MOCK","place":"ONLINE","gender":"FEMALE","ageRange":"45-54","experience":"NEW"},"question":{"raw":{"text":"어 만약 지원자님이 하고 싶은 직무 말고 다른 직무를 어 지원자님이 맡게 된다면 어 괜찮으신가요 어떻게 해야 할지 말씀해 주시기 바랍니다","wordCount":21},"emotion":[],"intent":[]},"answer":{"raw":{"text":"어 제가 그 적은 나이가 아니다 보니 세상 일이 또 회사의 업무 자체가 내가 하고 싶은 일만 할 수 없다는 걸 너무 잘 알고 있습니다. 그렇기 때문에 물론 하고 싶은 직무를 생각은 할 수는 있지만 아 나는 꼭 이 일을 해야만 해 이런 생각은 정말 무의미하다고 생각을 하구요. 어 그렇기 때문에 말씀드릴 수 있는 건 당연히 다른 직무를 맡게 되더라도 어 열심히 할 것이고요. 음 사실은 이제 내가 정말 하고 싶은 일을 하는 것도 즐거울 것 같은데 만약 그렇지 않다면 내가 하고 싶은 일에 대한 역량을 좀 쌓아서 아 저 사람은 저 일이 어 어울릴 거야 저걸 시켜야 해 라는 그 타인의 그 말을 들을 수 있을 정도의 제 또 능력을 따로 쌓아야 될 것 같지 않나 말씀드리겠습니다.","wordCount":118},"emotion":[],"intent":[{"text":"","expression":"","category":"attitude"}],"summary":{"text":"회사 업무 자체가 제가 하고 싶은 일만 할 수 없기 때문에 다른 직무를 맡게 되더라도 열심히 할 것이고, 만약 그렇지 않다면 하고 싶은 일에 대한 역량을 좀 쌓아야 될 것 같습니다.","wordCount":31}}},"rawDataInfo":{"question":{"fileFormat":"wav","fileSize":507598,"duration":15860,"samplingBit":16,"channelCount":1,"samplingRate":"16kHz","audioPath":"/Mock/01.Management/Female/New/ckmk_q_bm_f_n_178472.wav"},"answer":{"fileFormat":"wav","fileSize":2224078,"duration":69500,"samplingBit":16,"channelCount":1,"samplingRate":"16kHz","audioPath":"/Mock/01.Management/Female/New/ckmk_a_bm_f_n_178472.wav"}}}