{"version":"1.0","dataSet":{"info":{"date":"20230116","occupation":"BM","channel":"MOCK","place":"ONLINE","gender":"FEMALE","ageRange":"-34","experience":"NEW"},"question":{"raw":{"text":"면접자님이 생각하시는 좋은 회사는 어떤 회사라고 생각하시나요 아 그 이유도 함께 설명해 주셨으면 좋겠습니다","wordCount":14},"emotion":[],"intent":[]},"answer":{"raw":{"text":"제가 생각하는 좋은 회사란 거기서 일하고 있는 직원들이 행복할 수 있도록 노력하는 회사라고 생각합니다. 회사란 개개인이 모여서 열심히 일 일하는 집단이라고 할 수 있는데요. 개개인의 행복을 배제하고서는 좋은 회사 그리고 좋은 경영이 될 수 없고 또 더불어서 그 회사의 실적이나 경쟁력도 떨어진다고 생각합니다. 개인이 행복한 회사란 개인의 행복은 제가 생각했을 때 기본적으로 지켜야 지켜져야 될 것은 워라벨입니다. 일과 그리고 일 이후의 삶이 밸런스를 맞 밸런스가 맞춰졌을 때 비로소 그 사람의 행복 그리고 그 사람이 어 삶이 윤택해질 수 있다고 생각을 하고 그런 문화를 만들기 위해서 회사가 열심히 노력을 해 주어야 한다고 생각합니다. 저는 이 회사가 그런 워라벨를 잘 지켜준다고 생각하기 때문에 지원에 더 힘을 싣게 되었습니다.","wordCount":106},"emotion":[],"intent":[{"text":"개인이 행복한 회사란 개인의 행복은 제가 생각했을 때 기본적으로 지켜야 지켜져야 될 것은 워라벨입니다.","expression":"c_value","category":"background"},{"text":"일과 그리고 일 이후의 삶이 밸런스를 맞 밸런스가 맞춰졌을 때 비로소 그 사람의 행복 그리고 그 사람이 어 삶이 윤택해질 수 있다고 생각을 하고 그런 문화를 만들기 위해서 회사가 열심히 노력을 해 주어야 한다고 생각합니다.","expression":"c_value","category":"background"}],"summary":{"text":"좋은 회사는 직원들이 행복할 수 있도록 노력하는 회사입니다. 회사란 개개인이 모여 열심히 일하는 집단입니다. 워라벨은 개인의 행복과 삶의 밸런스가 맞춰졌을 때 비로소 그 사람의 행복과 삶이 윤택해질 수 있다고 생각을 하고 그런 문화를 만들기 위해 회사가 열심히 노력해야 합니다.","wordCount":39}}},"rawDataInfo":{"question":{"fileFormat":"wav","fileSize":420878,"duration":13150,"samplingBit":16,"channelCount":1,"samplingRate":"16kHz","audioPath":"/Mock/01.Management/Female/New/ckmk_q_bm_f_n_178062.wav"},"answer":{"fileFormat":"wav","fileSize":2475918,"duration":77370,"samplingBit":16,"channelCount":1,"samplingRate":"16kHz","audioPath":"/Mock/01.Management/Female/New/ckmk_a_bm_f_n_178062.wav"}}}