{"version":"1.0","dataSet":{"info":{"date":"20230116","occupation":"BM","channel":"MOCK","place":"ONLINE","gender":"FEMALE","ageRange":"-34","experience":"NEW"},"question":{"raw":{"text":"대한민국의 금융 정책 기관으로서 우리 신용 보증 기금은 어떤 일을 해야 할까요 어 본인이 생각하는 신용 보증 기금의 업무 영역에 대해서 말씀해 주시기 바랍니다","wordCount":24},"emotion":[],"intent":[]},"answer":{"raw":{"text":"대한민국의 금융정책기관으로서 신용보증기금이 호가대해야 할 업무 영역은 저는 개인의 신용보증이라고 생각합니다. 대한민국의 금융정책기관이므로 가장 기본적인 대한민국 국민에 대한 신용보증이 필요합니다. 요즘은 고 금리 시대로 많이 금리가 올라서 많은 사람들이 힘들어 하고 있습니다. 그러다보니 대출을 많이 받게 되고 있고 그렇게 되면서 신용보증기금의 역할도 매우 중요하게 되고 있습니다. 지금 하루하루가 다르게 금리가 오르는 만큼 사람들의 상황이 안 좋아지기도 합니다. 이러한 상황일수록 신용보증기금이 대한민국의 금융정책 기관으로써 많은 영역을 앞서서 맡아야 하고 또한 개인들이 파산하지 않도록 또는 어떠한 어려움에 처하지 않도록 많은 업무 영역을 늘리고 그에 따른 적용이 필요하다 라고 생각합니다. 신용보증기금은 우리나라 국민들을 위해서 만들어진 것이나 다름 없기 때문에 국민들의 신용보증을 정확히 하고 확대하는 것에 가장 큰 업무 영역 목적을 두어야 된다 라고 생각합니다.","wordCount":111},"emotion":[],"intent":[{"text":"","expression":"","category":"attitude"}],"summary":{"text":"신용보증기금은 우리나라 금융 정책 기관으로써 국민들의 신용보증을 정확히 하고 확대하는 것에 가장 큰 업무 영역 목적을 두어야 한다고 생각합니다. 고금리 시대로 대출로 인해 신용보증기금의 역할도 매우 중요해졌으며, 많은 업무를 맡아 개인들이 파산하지 않도록 하고 그에 따른 적용을 해야 합니다.","wordCount":39}}},"rawDataInfo":{"question":{"fileFormat":"wav","fileSize":488078,"duration":15250,"samplingBit":16,"channelCount":1,"samplingRate":"16kHz","audioPath":"/Mock/01.Management/Female/New/ckmk_q_bm_f_n_182836.wav"},"answer":{"fileFormat":"wav","fileSize":2815118,"duration":87970,"samplingBit":16,"channelCount":1,"samplingRate":"16kHz","audioPath":"/Mock/01.Management/Female/New/ckmk_a_bm_f_n_182836.wav"}}}