{"version":"1.0","dataSet":{"info":{"date":"20230116","occupation":"BM","channel":"MOCK","place":"ONLINE","gender":"FEMALE","ageRange":"45-54","experience":"NEW"},"question":{"raw":{"text":"몇 년 전 우버 택시와 관한 논란이 있었습니다 지원자님께서는 찬성과 반대 입장에 대해 각각 어떻게 생각하십니까","wordCount":16},"emotion":[],"intent":[]},"answer":{"raw":{"text":"아 네 우버 택시에 관한 논란 잘 알고 있구요. 찬반 양론이 있었던 것도 잘 알고 있습니다. 그 부분에 대한 생각은 그 처해진 상황에 따라서 요게 좀 다르다고 생각을 하고 양쪽에 의견이 저는 다 좀 이해는 가더라고요. 사실 저는 어쨌든 소비자의 입장이고 소비자는 그걸 찬성하는 입장이 아닌가 싶거든요. 왜냐하면 심야에 뭐 택시가 많이 안 잡히고 또 잡히더라도 이제 그 장소나 이런 부분을 좀 따져 가면서 이렇 그 운영을 많이 하다 보니 아무래도 이제 좀 많아지면 택시 그 운영하는 뭐 사람들이 많아지면 그런 일이 더 적어질 거다 생각을 하니 그까 저는 찬성의 입장이면서 또 반대의 입장도 이해가 가는 게 어쨌든 반대 입장은 그런 그 택시 업계가 아닌가 싶구요. 그쪽은 아무래도 또 그 다른 우버 택시 기사들이 많아지면 본인들에 할 일이 적어지니까 아 그래서 양쪽의 의견들이 다 이해가 간다고 말씀드리겠습니다.","wordCount":127},"emotion":[],"intent":[{"text":"","expression":"","category":"attitude"}],"summary":{"text":"우버 택시에 관한 논란은 처해진 상황에 따라서 의견이 다르다고 생각하며, 소비자와 소비자는 찬성하는 입장이 아닌가 싶습니다. 반대 입장은 택시 업계가 아닌가 싶은데, 다른 우버 택시 기사들이 많아질수록 본인들이 할 일이 적어지니 양쪽의 의견들이 이해가 간다고 말씀드리겠습니다.","wordCount":36}}},"rawDataInfo":{"question":{"fileFormat":"wav","fileSize":444238,"duration":13880,"samplingBit":16,"channelCount":1,"samplingRate":"16kHz","audioPath":"/Mock/01.Management/Female/New/ckmk_q_bm_f_n_175370.wav"},"answer":{"fileFormat":"wav","fileSize":2761038,"duration":86280,"samplingBit":16,"channelCount":1,"samplingRate":"16kHz","audioPath":"/Mock/01.Management/Female/New/ckmk_a_bm_f_n_175370.wav"}}}