{"version":"1.0","dataSet":{"info":{"date":"20230116","occupation":"BM","channel":"MOCK","place":"ONLINE","gender":"FEMALE","ageRange":"-34","experience":"NEW"},"question":{"raw":{"text":"일을 하다 보면 업무량이 과도하게 많아지는 경우 지원자님께서는 어떻게 대처하시겠습니까","wordCount":10},"emotion":[],"intent":[]},"answer":{"raw":{"text":"일을 하다보면 업무량이 과도하게 많아질 수 있다고 하셨는데요. 어 저는 직급이나 어떤 역할이 많아지게 되면 업무량이 많아지게 되는 것은 어쩔 수 없는 수순이라고 생각합니다. 그렇기 때문에 어느 정도로 업무량이 늘어난다면 그것은 제가 감내해야 할 부분이라고 생각을 합니다. 하지만 제가 제 체력과 그리고 제 삶이 무너지지 않는 선에서 그것을 해결할 수 있는 수준이었으면 좋겠구요. 만약에 그것이 너무 저 저에게 과도하게 부담이 되고 그것 때문에 제가 어 몸에 병이 오거나 하는 수준에 부담으로 다가오게 된다면 그것은 어느정도 조정을 해야 할 것이고 어 그런 부분이 이 회사 내에서 조정이 되지 않는다면 절대적인 인력의 부족이기 때문에 인력을 확충해 달라고 말씀을 드려 볼 것 같습니다. 어 개인이 행복해야 회사도 결국에는 발전이 있는 것이라고 생각하기 때문에 충분히 받아들여 주실 거라고 생각합니다.","wordCount":115},"emotion":[],"intent":[{"text":"","expression":"","category":"attitude"}],"summary":{"text":"업무량이 과도한 것은 어쩔 수 없는 수순이지만, 체력과 삶이 무너지지 않는 선에서 그것을 해결할 수 있었으면 좋겠습니다. 만약 그것이 회사 내에서 조정이 되지 않는다면 인력을 확충해 달라고 말씀을 드려 볼 것 같습니다. 개인이 행복해야 회사도 발전이 있는 것이라고 생각하기 때문에 충분히 받아들여 주실 것이라 생각합니다.","wordCount":45}}},"rawDataInfo":{"question":{"fileFormat":"wav","fileSize":330958,"duration":10340,"samplingBit":16,"channelCount":1,"samplingRate":"16kHz","audioPath":"/Mock/01.Management/Female/New/ckmk_q_bm_f_n_174965.wav"},"answer":{"fileFormat":"wav","fileSize":2356558,"duration":73640,"samplingBit":16,"channelCount":1,"samplingRate":"16kHz","audioPath":"/Mock/01.Management/Female/New/ckmk_a_bm_f_n_174965.wav"}}}