{"version":"1.0","dataSet":{"info":{"date":"20230116","occupation":"BM","channel":"MOCK","place":"ONLINE","gender":"FEMALE","ageRange":"-34","experience":"NEW"},"question":{"raw":{"text":"면접자님께서는 만약에 지금 지원하신 직무가 아닌 타 부서에 배치가 된다면 그렇다면 어떻게 대응을 하시겠습니까 그래도 괜찮은지 답변이 궁금합니다","wordCount":18},"emotion":[],"intent":[]},"answer":{"raw":{"text":"어 다른 부서에 배치된다는 것 자체에 대해서는 어 전혀 불만이나 어 그런 것은 없을 것 같습니다. 그렇지만 저는 이 직무를 가장 잘 할 수 있다고 확신해서 이 직무에 지원한 것이고 어 다른 부서에 배치된다면 당장 입사 취소를 하거나 그렇지는 않겠지만 직접 경험을 해보고 저에게 맞지 않는 업무라면 어 저는 음 그 때에는 퇴사를 결정할 것 같습니다. 음 저는 제가 이 직무에 지원을 한 이유는 어 저 제가 이루고 싶은 저의 가치관과 어 이 직무에서 제가 맡게 될 업무들이 일치한다고 느꼈기 때문에 지원한 것이기 때문에 어 다른 부서에 배치된다면 또 감사한 마음으로 경험해 볼 수는 있겠지만 그것을 지속적으로 어 잘 해나갈 자신은 없습니다.","wordCount":102},"emotion":[],"intent":[{"text":"","expression":"","category":"attitude"}],"summary":{"text":"저는 이 직무를 가장 잘 할 수 있다고 확신해서 지원한 것이기 때문에, 다른 부서에 배치된다면 당장 입사 취소하지는 않겠지만 직접 경험을 해보고 맞지 않는 업무라면 퇴사를 결정할 것 같습니다.","wordCount":29}}},"rawDataInfo":{"question":{"fileFormat":"wav","fileSize":519438,"duration":16230,"samplingBit":16,"channelCount":1,"samplingRate":"16kHz","audioPath":"/Mock/01.Management/Female/New/ckmk_q_bm_f_n_190213.wav"},"answer":{"fileFormat":"wav","fileSize":2263438,"duration":70730,"samplingBit":16,"channelCount":1,"samplingRate":"16kHz","audioPath":"/Mock/01.Management/Female/New/ckmk_a_bm_f_n_190213.wav"}}}