{"version":"1.0","dataSet":{"info":{"date":"20230116","occupation":"BM","channel":"MOCK","place":"ONLINE","gender":"FEMALE","ageRange":"-34","experience":"NEW"},"question":{"raw":{"text":"다음과 네이버 구글에 검색을 비교해 보고 각각 검색 엔진들에 장점 단점 차이점에 대해서 말씀해 주세요","wordCount":15},"emotion":[],"intent":[]},"answer":{"raw":{"text":"최근에 뭐 여러 가지 검색 엔진들이 많이 사용이 되고 있습니다. 어 저는 그중에서도 우리나라 네이버가 가장 압도적이고 일 위의 점유율을 차지하고 있다는 점에서 어 사람들이 사용을 많이 하고 있는 것 같은데요. 저 역시도 이제 우리나라에서는 네이버를 통해서 많이 검색어로 활용하고 또 여러 가지를 통해서 네 그것들을 이용하고 있는 상황입니다. 사실 뭐 네이버는 검색어 기능뿐만이 아니라 뭐 뉴스 아니면은 뭐 쇼핑부터 시작해서 뭐 여러 가지 다방면에서 활용이 되고 있는 것 것 같은데요. 어 다른 포털 사이트에 비해서 특히 압도적으로 네이버가 이렇게 점유하고 있는 이유는 좀 여러 가지가 있을 것 같습니다. 우리나라 사람들이 정보를 처리하고 또 그것들을 익히는 과정들에 아마 네이버가 가장 익숙하고 또 사람들이 편리하기 때문에 이용하는 것 같다 라는 생각이 들고요. 사실 그동안 뭐 다음 같은 경우 에도 네이버가 나오기 전까지는 굉장히 압도적인 점유율을 가지고 있었는데 갑자기 이제 네이버가 성장을 하면서 이것들이 축소된 측면이 있는 것 같습니다. 그래서 어쨌든 검색어 채널이 사람들이 많이 이용하기 위해서는 편리하게 운영이 되야 될 것 같고요. 그리고 사람들이 원하는 방향성에 맞춰서 계속해서 발전할 필요가 있는 거 같습니다.","wordCount":162},"emotion":[],"intent":[{"text":"","expression":"","category":"attitude"}],"summary":{"text":"검색어 채널이 사람들이 많이 이용하기 위해서는 편리하게 운영이 되야 될 것 같고, 사람들이 원하는 방향성에 맞춰서 계속해서 발전할 필요가 있는 거 같습니다.","wordCount":22}}},"rawDataInfo":{"question":{"fileFormat":"wav","fileSize":346958,"duration":10840,"samplingBit":16,"channelCount":1,"samplingRate":"16kHz","audioPath":"/Mock/01.Management/Female/New/ckmk_q_bm_f_n_174141.wav"},"answer":{"fileFormat":"wav","fileSize":2830798,"duration":88460,"samplingBit":16,"channelCount":1,"samplingRate":"16kHz","audioPath":"/Mock/01.Management/Female/New/ckmk_a_bm_f_n_174141.wav"}}}