{"version":"1.0","dataSet":{"info":{"date":"20230116","occupation":"BM","channel":"MOCK","place":"ONLINE","gender":"FEMALE","ageRange":"-34","experience":"NEW"},"question":{"raw":{"text":"당신은 문서 작업과 같은 행정 사무를 많이 경험해 보셨나요 문서 작업 등 행정 사무에 관한 경험이 있다면 그 사례와 함께 어떠한 경험이었는지 함께 설명해 주십시오","wordCount":25},"emotion":[],"intent":[]},"answer":{"raw":{"text":"과거 문서 작업 중 행정 사무에 관한 경험 말씀해 주셨는데 저는 봉사활동에서 행정 사무 경험이 굉장히 많습니다. 제가 봉사활동을 삼 년 이상 하면서 봉사 단체에서 제가 행정 관련 업무를 도와드렸는데요. 그때 제가 항상 자료 정리 그리고 자료 수집을 하면서 봉사에 관해서 좀 더 깨닫게 되었고 그리고 문서 작업을 제가 배우게 되었습니다. 그러면서 문서 작업이 처음에는 굉장히 접근하기 어렵지만 지금은 굉장히 쉬운 일이 되었고 그리고 문서 작업과 정리에 대해서 제가 조금 더 능통하게 되었던 것 같습니다. 그렇게 하면서 저는 봉사단체에 사실 그 직원분들 그리고 봉사 활동하시는 분들의 그런 명단을 제가 다 받아서 다 정리를 했고 어떤 일을 할지 수행할지까지 제가 다 거의 일 년 이 년 작업을 제가 다 했었는데 그때 제가 야근을 하면서도 정말 끝까지 최선을 다 했고 그리고 제가 실수 한 번 안 했다고 하더라구요. 그만큼 제가 실수 없이 끝까지 책임감 있게 열심히 할 수 있겠구나 라는 걸 깨달았고 그리고 문서 작업 관련 프로세스도 제가 이제는 잘 이용할 수 있게 되었습니다.","wordCount":152},"emotion":[{"text":"제가 봉사활동을 삼 년 이상 하면서   봉사 단체에서 제가 행정 관련 업무를 도와드렸는데요.","expression":"u-fact","category":"neutral"},{"text":"그렇게 하면서 저는 봉사단체에 사실 그 직원분들 그리고 봉사 활동하시는 분들의 그런 명단을 제가 다 받아서 다 정리를 했고 어떤 일을 할지 수행할지까지 제가 다   거의 일 년 이 년 작업을 제가 다 했었는데 그때 제가 야근을 하면서도 정말 끝까지 최선을 다 했고 그리고 제가 실수 한 번 안 했다고 하더라구요.","expression":"u-fact","category":"neutral"}],"intent":[{"text":"과거 문서 작업 중 행정 사무에 관한 경험 말씀해 주셨는데 저는 봉사활동에서 행정 사무 경험이 굉장히 많습니다.","expression":"m_admin","category":"technology"},{"text":"제가 봉사활동을 삼 년 이상 하면서   봉사 단체에서 제가 행정 관련 업무를 도와드렸는데요.","expression":"c_private","category":"background"},{"text":"그때 제가 항상 자료 정리 그리고 자료 수집을 하면서 봉사에 관해서 좀 더 깨닫게 되었고 그리고 문서 작업을   제가 배우게 되었습니다.","expression":"m_admin","category":"technology"},{"text":"그러면서 문서 작업이 처음에는 굉장히 접근하기 어렵지만 지금은 굉장히 쉬운 일이 되었고 그리고 문서 작업과 정리에 대해서 제가 조금 더   능통하게 되었던 것 같습니다.","expression":"m_admin","category":"technology"},{"text":"그만큼 제가 실수 없이   끝까지 책임감 있게 열심히 할 수 있겠구나 라는 걸 깨달았고 그리고 문서 작업 관련 프로세스도   제가 이제는 잘 이용할 수 있게 되었습니다.","expression":"m_admin","category":"technology"}],"summary":{"text":"봉사 단체에서 행정 관련 업무를 도우면서 봉사에 관해서 많이 배우고 문서 작업을 배우게 되면서 문서 작업이 처음에는 굉장히 어려운 일이 되었지만 지금은 굉장히 쉬운 일이 되었고 그리고 문서 작업 관련 프로세스도 잘 이용할 수 있게 되었습니다.","wordCount":36}}},"rawDataInfo":{"question":{"fileFormat":"wav","fileSize":674638,"duration":21080,"samplingBit":16,"channelCount":1,"samplingRate":"16kHz","audioPath":"/Mock/01.Management/Female/New/ckmk_q_bm_f_n_175746.wav"},"answer":{"fileFormat":"wav","fileSize":2479118,"duration":77470,"samplingBit":16,"channelCount":1,"samplingRate":"16kHz","audioPath":"/Mock/01.Management/Female/New/ckmk_a_bm_f_n_175746.wav"}}}