{"version":"1.0","dataSet":{"info":{"date":"20230116","occupation":"BM","channel":"MOCK","place":"ONLINE","gender":"FEMALE","ageRange":"45-54","experience":"NEW"},"question":{"raw":{"text":"우리 회사에서 일을 하다 보면 영어로 서류를 작성해야 할 일이 있을 수도 있을 것 같아요 영어로 서류를 작성하실 수 있으실까요","wordCount":20},"emotion":[],"intent":[]},"answer":{"raw":{"text":"아 영어 서류 작성 말씀이시군요. 네 제가 아 영어를 뭐 많이 잘 한다 뭐 회화나 이런 부분은 쪼끔 어려울 수 있겠습니다만 그 문서 작성의 경우는 네 잘 할 수 있다고 말씀드릴 수 있구요. 일단 그렇지만 이제 그 해본 지는 쪼끔 그런 그 작성했었던 부분이 좀 시간이 소요된 관계로 다시 이제 시작을 할 경우 쪼끔 어려움이 없지 않아 있을 수도 있겠지만 그 부분은 제가 공부하고 노력하고 또 어 선배나 사수한테 도움을 구해서 어 일정에 차질 없이 네 업무에 차질 없이 잘 할 수 있다고 말씀드릴 수 있습니다.","wordCount":86},"emotion":[],"intent":[{"text":"","expression":"","category":"attitude"}],"summary":{"text":"영어 서류 작성은 잘 할 수 있습니다. 문서 작성은 시간이 소요되어 다시 시작을 할 경우 어려움이 있을 수 있으나 선배나 사수에게 도움을 구해서 업무에 차질 없이 잘 할 것입니다.","wordCount":29}}},"rawDataInfo":{"question":{"fileFormat":"wav","fileSize":345038,"duration":10780,"samplingBit":16,"channelCount":1,"samplingRate":"16kHz","audioPath":"/Mock/01.Management/Female/New/ckmk_q_bm_f_n_175263.wav"},"answer":{"fileFormat":"wav","fileSize":1650638,"duration":51580,"samplingBit":16,"channelCount":1,"samplingRate":"16kHz","audioPath":"/Mock/01.Management/Female/New/ckmk_a_bm_f_n_175263.wav"}}}