{"version":"1.0","dataSet":{"info":{"date":"20230116","occupation":"BM","channel":"MOCK","place":"ONLINE","gender":"FEMALE","ageRange":"55-","experience":"NEW"},"question":{"raw":{"text":"아 지금까지 살아오시면서 가장 힘들었던 경험은 어떤 것이었는지요 어 그 경험을 설명해 주시구요 또 그것을 어떻게 극복하셨는지 아 그것 그 점도 한번 들어보고 싶네요","wordCount":24},"emotion":[],"intent":[]},"answer":{"raw":{"text":"지금까지 살아오시면서 가장 힘들었던 경험은 무엇인가요 그것을 어떻게 극복하셨는지 또 궁금합니다 라고 질문하셨습니다. 여기에 대한 저의 답변을 말씀드리겠습니다. 저희 어머니는 시골에서 혼자 생활하는 독거 노인이었습니다. 그런데 몇 년 전에 어머님의 병환으로 인해 거동을 못하시게 되었습니다. 거동을 못하시니 옆에서 돌볼 수 있는 사람이 필요한데 저를 포함한 자식들이 모두 직장 생활을 하기에 누구 하나 돌보겠다고 하는 사람이 없었습니다. 할 수 없이 어머님을 저희 가까운 요양원으로 모시게 되었습니다. 그 결정을 하기까지 고려한다는 생각에 정말 마음 고생을 많이 했습니다. 이제는 요양원에 잘 적응하여 생활하시니까 마음이 안정되었습니다. 나라에 이런 제도가 있어 저희에게 큰 힘이 되어 감사하게 생각합니다. 이상 살아오면서 가장 힘들었던 경험과 극복한 내용에 대한 저의 답변이었습니다. 감사합니다.","wordCount":103},"emotion":[{"text":"나라에 이런 제도가 있어 저희에게 큰 힘이 되어 감사하게 생각합니다.","expression":"p-gratitude","category":"positive"}],"intent":[{"text":"저희 어머니는 시골에서 혼자 생활하는 독거 노인이었습니다.","expression":"c_private","category":"background"}],"summary":{"text":"저희 어머니는 시골에서 혼자 생활하는 독거 노인이었습니다. 그런데 몇 년 전 어머님의 병환으로 거동을 못하시게 되셨는데 옆에서 돌볼 사람이 없어 가까운 요양원으로 모시게 되었습니다. 그 결정을 하기까지 마음 고생을 많이 했습니다. ","wordCount":31}}},"rawDataInfo":{"question":{"fileFormat":"wav","fileSize":486478,"duration":15200,"samplingBit":16,"channelCount":1,"samplingRate":"16kHz","audioPath":"/Mock/01.Management/Female/New/ckmk_q_bm_f_n_185704.wav"},"answer":{"fileFormat":"wav","fileSize":2562638,"duration":80080,"samplingBit":16,"channelCount":1,"samplingRate":"16kHz","audioPath":"/Mock/01.Management/Female/New/ckmk_a_bm_f_n_185704.wav"}}}