{"version":"1.0","dataSet":{"info":{"date":"20230116","occupation":"BM","channel":"MOCK","place":"ONLINE","gender":"FEMALE","ageRange":"-34","experience":"NEW"},"question":{"raw":{"text":"면접자님께서는 남들과는 다른 자신만의 경쟁력을 설명해 주세요 경쟁력을 키우기 위해 어떤 노력을 했는지도 함께 설명 부탁드립니다","wordCount":16},"emotion":[],"intent":[]},"answer":{"raw":{"text":"남들과는 다른 저만의 경쟁력 한다면 저는 제가 원래 뷰티 쪽에 관심이 많았습니다. 그래서 어렸을 적에 뭐 화장품 관련 모델 활동도 했었고 그리고 다양한 분야에서 뷰티 쪽의 일을 경험하기도 했었는데요. 뭐 홍보대사 그리고 제가 직접 메이크업을 배우기도 하면서 뷰티 쪽에 굉장히 크게 제가 투자를 했습니다. 그렇게 투자를 하면서 남들보다 조금 더 쉽게 제가 제 자신을 꾸미는 방법을 깨닫기도 했고 그리고 사실 메이크업을 제가 받을 일도 많았었는데 제가 직접 하면서 뭐 돈도 아끼고 조금 제 자신에 대해서 개성이 더 살아난 것 같습니다. 그래서 이렇게 저의 노력이 거의 십 년 정도 쌓이다 보니까 지금은 자연스럽게 더 이루어진 것 같고 그런 점이 제 경쟁력이 되었던 것 같습니다. 그래서 제 경쟁력을 키우기 위해서 거의 십 년간 부단하게 노력을 했던 것 같습니다.","wordCount":116},"emotion":[{"text":"남들과는 다른 저만의 경쟁력 한다면 저는 제가 원래 뷰티 쪽에 관심이 많았습니다.","expression":"p-interest","category":"positive"}],"intent":[{"text":"그래서 어렸을 적에   뭐 화장품 관련 모델 활동도 했었고 그리고 다양한 분야에서 뷰티 쪽의 일을 경험하기도 했었는데요.","expression":"c_private","category":"background"}],"summary":{"text":"저는 원래 뷰티 쪽에 관심이 많아서 어렸을 적에 화장품 관련 모델 활동과 다양한 분야에서 뷰티 쪽의 일을 경험하고 홍보대사 그리고 직접 메이크업을 배우기도 하면서 뷰티 쪽에 크게 투자를 했습니다. 그래서 남들보다 조금 더 쉽게 제 자신을 꾸미는 방법을 깨닫고 돈도 아끼고 개성이 더 살려졌습니다.","wordCount":44}}},"rawDataInfo":{"question":{"fileFormat":"wav","fileSize":444878,"duration":13900,"samplingBit":16,"channelCount":1,"samplingRate":"16kHz","audioPath":"/Mock/01.Management/Female/New/ckmk_q_bm_f_n_175095.wav"},"answer":{"fileFormat":"wav","fileSize":2402638,"duration":75080,"samplingBit":16,"channelCount":1,"samplingRate":"16kHz","audioPath":"/Mock/01.Management/Female/New/ckmk_a_bm_f_n_175095.wav"}}}