{"version":"1.0","dataSet":{"info":{"date":"20230116","occupation":"BM","channel":"MOCK","place":"ONLINE","gender":"FEMALE","ageRange":"-34","experience":"NEW"},"question":{"raw":{"text":"혹시 우리 회사에 들어와 지원자님 본인이 하고 싶은 업무가 있으신가요 만약 있으시다면 이유와 함께 말씀해 주세요 듣고 싶습니다","wordCount":18},"emotion":[],"intent":[]},"answer":{"raw":{"text":"저는 마케팅 업무에 종사하고 싶습니다. 마케팅 업무는 우리 회사가 만든 제품을 어떻게 사람들에게 알릴지를 결정하는 일입니다. 아무리 좋은 제품을 만들었어도 마케팅이 되지 않으면 사람들은 저희 회사 제품을 알 수 없습니다. 따라서 마케팅 업무는 저희 회사와 고객을 연결해 주는 역할을 합니다. 대부분의 업무는 고 회사를 내에서 업무를 제품을 개발하거나 아니면 고객과 만나는 작업을 합니다. 마케팅 업무는 고객과 회사를 연결해 주는 역할을 하기 때문에 매우 중요합니다. 좋은 제품을 만들어도 그 제품이 좋은지를 모르면 무용지물입니다. 따라서 저희 저는 마케팅 업무를 하면서 우리 회사가 가지고 있는 장점을 고객들에게 알리고 싶습니다. 고객들이 저희 회사의 제품을 알게 된다면 분명 분명히 좋아할 것입니다. 어떤 저 어떤 것이 고객들에게 니즈를 충족하는지를 파악하고 그 니즈를 제 저 그 니즈를 제공하고 싶습니다. 그러기 위해서는 마케팅 업무가 저에게 가장 중요합니다.","wordCount":119},"emotion":[],"intent":[{"text":"","expression":"","category":"attitude"}],"summary":{"text":"마케팅 업무는 회사와 고객을 연결해 주는 역할을 하기 때문에 매우 중요합니다. 좋은 제품을 만들어도 그 제품이 좋는지를 알면 무용지물이므로 마케팅 업무를 하면서 우리 회사가 가지고 있는 장점을 고객들에게 알리고 싶습니다.","wordCount":30}}},"rawDataInfo":{"question":{"fileFormat":"wav","fileSize":505038,"duration":15780,"samplingBit":16,"channelCount":1,"samplingRate":"16kHz","audioPath":"/Mock/01.Management/Female/New/ckmk_q_bm_f_n_180864.wav"},"answer":{"fileFormat":"wav","fileSize":2428878,"duration":75900,"samplingBit":16,"channelCount":1,"samplingRate":"16kHz","audioPath":"/Mock/01.Management/Female/New/ckmk_a_bm_f_n_180864.wav"}}}