{"version":"1.0","dataSet":{"info":{"date":"20230116","occupation":"BM","channel":"MOCK","place":"ONLINE","gender":"FEMALE","ageRange":"55-","experience":"NEW"},"question":{"raw":{"text":"본인만의 스트레스 해소법이 있습니까 있다면 왜 그런 방법으로 스트레스를 해소하는지 말씀해 주세요","wordCount":12},"emotion":[],"intent":[]},"answer":{"raw":{"text":"나만의 스트레스 해소법이 있는지 있다면 왜 그런 방법으로 스트레스를 해소하는지 말씀해 주시겠어요 라고 질문하셨습니다. 거기에 대한 저의 답변입니다. 저는 스트레스 받을 때면 주로 평소 좋아하는 가수의 음악을 들으며 마음을 안정시키려고 노력하는 편입니다. 음악을 들으면 심신이 안정되면서 에너지가 충전되고 마음이 진정되어 편안한 상태로 돌아가기 쉽습니다. 그리고 다른 방법으로는 오티티를 이용하여 영화를 봄으로써 다른 곳에 몰두하여 역시 내 몸의 에너지를 충전할 수 있습니다. 이와 같은 방법이 스트레스를 벗어나는 저의 방법입니다. 이상 스트레스 해소하는 저의 방법에 대하여 말씀드렸습니다. 감사합니다.","wordCount":76},"emotion":[],"intent":[{"text":"","expression":"","category":"attitude"}],"summary":{"text":"스트레스 해소법으로는 좋아하는 가수의 음악을 들으며 마음을 안정시키는 것, 오티티를 이용하여 영화를 보는 것이 있습니다. 이상 스트레스 해소하는 방법에 대하여 말씀드렸습니다.","wordCount":21}}},"rawDataInfo":{"question":{"fileFormat":"wav","fileSize":360398,"duration":11260,"samplingBit":16,"channelCount":1,"samplingRate":"16kHz","audioPath":"/Mock/01.Management/Female/New/ckmk_q_bm_f_n_185633.wav"},"answer":{"fileFormat":"wav","fileSize":2151438,"duration":67230,"samplingBit":16,"channelCount":1,"samplingRate":"16kHz","audioPath":"/Mock/01.Management/Female/New/ckmk_a_bm_f_n_185633.wav"}}}