{"version":"1.0","dataSet":{"info":{"date":"20230116","occupation":"BM","channel":"MOCK","place":"ONLINE","gender":"FEMALE","ageRange":"45-54","experience":"NEW"},"question":{"raw":{"text":"협업할 때 가장 어려웠던 부분과 해결 방법을 함께 말씀해 주세요","wordCount":10},"emotion":[],"intent":[]},"answer":{"raw":{"text":"저의 직장생활 경험이 많진 않지만 어 제가 잘 모르는 부분에 부문 부문의 팀들 팀원들과 같이 협업할 때가 좀 어려웠습니다. 특히 이 마케팅 부문이었는데요. 마케팅 부분 같은 경우에는 업무를 모르는 것도 있지만 전문 용어를 너무 많이 사용하다 보니까 제가 그 부분을 이해하는 게 좀 힘들어서 어 회의할 때 좀 어려움을 겪었습니다. 그거를 한 두 번 정도 회의하다 보니까 그 부분을 깨달아서 제가 조금 마케팅 팀원들을 조금 괴롭혔습니다. 용어도 좀 배우고 쉽게 좀 설명을 달라고 부탁을 드려서 어 업무를 무사히 수행할 수 있게 되었습니다.","wordCount":82},"emotion":[],"intent":[{"text":"","expression":"","category":"attitude"}],"summary":{"text":"업무뿐만 아니라 전문용어를 너무 많이 사용하다 보니 팀원들과 협업할 때 어려움을 겪었습니다. 이것을 깨달아 용어도 좀 배우고 쉽게 설명을 달라고 부탁을 드려서 업무를 수행할 수 있게 되었습니다.","wordCount":27}}},"rawDataInfo":{"question":{"fileFormat":"wav","fileSize":242638,"duration":7580,"samplingBit":16,"channelCount":1,"samplingRate":"16kHz","audioPath":"/Mock/01.Management/Female/New/ckmk_q_bm_f_n_188206.wav"},"answer":{"fileFormat":"wav","fileSize":1335118,"duration":41720,"samplingBit":16,"channelCount":1,"samplingRate":"16kHz","audioPath":"/Mock/01.Management/Female/New/ckmk_a_bm_f_n_188206.wav"}}}