{"version":"1.0","dataSet":{"info":{"date":"20230116","occupation":"BM","channel":"MOCK","place":"ONLINE","gender":"FEMALE","ageRange":"-34","experience":"NEW"},"question":{"raw":{"text":"최근 본 뉴스들 가운데서 가장 인상 깊었던 뉴스는 어떤 것이 있나요 왜 그것이 인상 깊었는지 그 이유도 같이 말씀해 주세요","wordCount":20},"emotion":[],"intent":[]},"answer":{"raw":{"text":"최근 에스피씨 노동자의 소스 배합기 사망 사건 뉴스를 인상깊게 보았습니다. 아직 노동자에 대한 보호나 노동자에 과 일어난 사고에 대한 대처가 미흡하다고 느껴졌기 때문입니다. 대부분의 사람들은 노동자로 살아가게 됩니다.그런데 그런 노동자의 삶이 계속 나아지지 않는다는 걸 뉴스에서 매번 접하는 건 굉장히 가슴 아픈 일입니다. 이번에 사고로 사망한 사람은 어린 여자라고 합니다. 어린 나이에 대학 대신 공장을 가서 돈을 버는 걸 선택하였지만 노동자는 제대로 된 보호를 받을 수 없었습니다. 열악한 노동 환경에 처해져 있는 많은 사람들이 그 과 그 과정에서 노동 과정에서 소외를 당하고 그로 인해 죽음까지 간다는 거는 이십 일 세기 이천 이십 이 년을 살아가고 있는 지금의 지금도 여전히 그러한 일이 이뤄진 일어난다는 건 굉장히 가슴 아픈 일이기 때문입니다. 노동 환경이 좀 더 나아졌으면 좋겠습니다.","wordCount":115},"emotion":[],"intent":[{"text":"","expression":"","category":"attitude"}],"summary":{"text":"최근 에스피씨 노동자의 소스 배합기 사망 사건은 노동자에 대한 보호나 사고에 대한 대처가 미흡하다고 느껴집니다. 열악한 노동 환경에 처해있는 많은 사람들이 그 과정에서 소외를 당하고 그로 인해 죽음까지 간다는 건 굉장히 가슴 아픈 일입니다.","wordCount":34}}},"rawDataInfo":{"question":{"fileFormat":"wav","fileSize":333518,"duration":10420,"samplingBit":16,"channelCount":1,"samplingRate":"16kHz","audioPath":"/Mock/01.Management/Female/New/ckmk_q_bm_f_n_181177.wav"},"answer":{"fileFormat":"wav","fileSize":2589518,"duration":80920,"samplingBit":16,"channelCount":1,"samplingRate":"16kHz","audioPath":"/Mock/01.Management/Female/New/ckmk_a_bm_f_n_181177.wav"}}}