{"version":"1.0","dataSet":{"info":{"date":"20230116","occupation":"BM","channel":"MOCK","place":"ONLINE","gender":"FEMALE","ageRange":"45-54","experience":"NEW"},"question":{"raw":{"text":"지원자님께서 이전 직장 혹은 대학에서 어떤 프로젝트를 해 봤는지 지원자님이 생각하는 게 있다면 한 번 설명과 말씀해 주세요","wordCount":18},"emotion":[],"intent":[]},"answer":{"raw":{"text":"어 대학교 때 프로젝트 관리라는 수업을 들으면서 어 간단하게 그 지식 관리 시스템을 만들어 봤는데 그 부분이 기억이 납니다. 프로젝트 설계 분석 음 테스트 구축 여러 단계들이 있었는데요. 뭐 처음 하는 프로젝트라 많이 힘들기도 하고 우여곡절도 많았습니다. 어 특히 시스템 구현 같은 경우에는 제가 부족한 부분이라 좀 많이 힘이 들었는데요. 다행히 저랑 달리 시스템 구축 부분을 잘 하는 친구들이 도와줘서 어 밤을 새기로 새긴 몇 번 새긴 했지만 그래도 무사히 마칠 수 있던 있었던 그런 기억이 납니다.","wordCount":77},"emotion":[],"intent":[{"text":"","expression":"","category":"attitude"}],"summary":{"text":"대학교 때 지식 관리 시스템을 만들어 봤습니다. 처음 하는 프로젝트라 많이 힘들기도 하고 우여곡절도 많았지만 다행히 잘 하는 친구들이 도와줘서 안전하게 마칠 수 있었던 기억이 납니다.","wordCount":26}}},"rawDataInfo":{"question":{"fileFormat":"wav","fileSize":426958,"duration":13340,"samplingBit":16,"channelCount":1,"samplingRate":"16kHz","audioPath":"/Mock/01.Management/Female/New/ckmk_q_bm_f_n_188211.wav"},"answer":{"fileFormat":"wav","fileSize":1440398,"duration":45010,"samplingBit":16,"channelCount":1,"samplingRate":"16kHz","audioPath":"/Mock/01.Management/Female/New/ckmk_a_bm_f_n_188211.wav"}}}