{"version":"1.0","dataSet":{"info":{"date":"20230116","occupation":"BM","channel":"MOCK","place":"ONLINE","gender":"FEMALE","ageRange":"-34","experience":"NEW"},"question":{"raw":{"text":"일을 하다 보면 업무량이 과도하게 많아질 수도 있습니다 어 그래도 잘 버틸 자신이 있으십니까","wordCount":14},"emotion":[],"intent":[]},"answer":{"raw":{"text":"일을 하다 보면 업무량이 과도하게 많아질 수 있다고 하셨는데요. 저는 직급이나 그 역할이 중에 중요해지면 중요해질수록 업무량이 점점 많아지는 것은 어 자연스러운 일이라고 생각하는 사람 중의 하나입니다. 그렇기 때문에 어느 정도의 업무량이 늘어나는 것은 제가 감내하고 가야 할 부분이 부분이라고 생각합니다. 하지만 제가 업무량이 너무 많아져서 거기에 대해서 스트레스를 너무 많이 받고 제 몸이 아파질 정도가 된다면 그것은 절대적인 절대적인 업무량이 어 많아서이기 때문에 회사에 어 더 인력을 확충할 수 있는지에 대해 대한 확인을 할 것 같고요. 어 그리고 제가 제 업무량이 너무 많아서 일의 효율성이 떨어진다거나 하는 상황이 발생하면 어 위에 상사분들과 선배님들과 논의를 통해서 조정을 하는 시간을 가질 것 같습니다.","wordCount":102},"emotion":[],"intent":[{"text":"","expression":"","category":"attitude"}],"summary":{"text":"직급이나 역할이 중요해질수록 업무량이 많아지는 것은 자연스러운 일입니다. 하지만 업무량이 너무 많아져서 스트레스를 많이 받거나 몸이 아파지는 일이 있다면 회사에 더 인력을 확충할 수 있는지 확인해야 합니다. 일의 효율성이 떨어지는 일이 생기면 논의를 통해 조정을 할 것입니다.","wordCount":37}}},"rawDataInfo":{"question":{"fileFormat":"wav","fileSize":343118,"duration":10720,"samplingBit":16,"channelCount":1,"samplingRate":"16kHz","audioPath":"/Mock/01.Management/Female/New/ckmk_q_bm_f_n_184147.wav"},"answer":{"fileFormat":"wav","fileSize":2339278,"duration":73100,"samplingBit":16,"channelCount":1,"samplingRate":"16kHz","audioPath":"/Mock/01.Management/Female/New/ckmk_a_bm_f_n_184147.wav"}}}