{"version":"1.0","dataSet":{"info":{"date":"20230116","occupation":"BM","channel":"MOCK","place":"ONLINE","gender":"FEMALE","ageRange":"-34","experience":"NEW"},"question":{"raw":{"text":"직무 수행하는 도중 모르는 과제가 등장했습니다 이때 어떻게 해결하시겠습니까 해결법과 그렇게 해결하는 이유에 대해서 말씀해 주세요","wordCount":16},"emotion":[],"intent":[]},"answer":{"raw":{"text":"제가 직무 수행시 모르는 과제가 등장하면 주변 동기에게 같이 물어보고 같이 해결하도록 노력하겠습니다. 왜냐하면 제가 모르는 것을 동기도 모를 수도 있고 또한 동기가 모르는 상황에서 제가 같이 모르거나 아니면 제가 알 수도 있고 그러한 상황이 올 거라고 생각됩니다. 그러므로 동기와 경쟁하는 경쟁 의식을 갖지 않고 서로 돕는 협력 의식을 높이 어 행동하여 서로 물어보고 또한 서로의 문제점을 같이 보완하려고 노력할 것입니다. 그래서 제가 모르는 과제가 등장하며 동기에게 물어보고 동기도 알고 있다면 그에 따라 해결 방법을 같이 강구해 보고 동기도 모른다면 그럴 스 시에는 다른 방법으로 이 문제를 해결할 수 있도록 서로 함께 힘을 합쳐 해결해 나가겠습니다. 그리고 제가 만약에 동기가 모르는 것을 제가 알고 있을 때에도 같이 이 문제를 해결할 수 있도록 정보를 나눠주고 이렇게 하면서 협동심과 팀워크도 높이며 모르는 과제도 잘 수행할 수 있고 잘 해결할 수 있도록 서로 도와가면서 동기와 함께 열심히 일을 해보고 싶습니다.","wordCount":137},"emotion":[],"intent":[{"text":"","expression":"","category":"attitude"}],"summary":{"text":"직무 수행에서 모르는 과제가 등장하면 주변 동기에게 같이 해결하고 협력 의식으로 서로 도울 것입니다. 만약 동기가 모르는 것을 알고 있을 때도 같이 해결하고 협동심과 팀워크도 높이며 모르는 과제도 잘 수행할 수 있도록 서로 도와가면서 동기와 함께 열심히 일하고 싶습니다.","wordCount":39}}},"rawDataInfo":{"question":{"fileFormat":"wav","fileSize":373838,"duration":11680,"samplingBit":16,"channelCount":1,"samplingRate":"16kHz","audioPath":"/Mock/01.Management/Female/New/ckmk_q_bm_f_n_183028.wav"},"answer":{"fileFormat":"wav","fileSize":2743758,"duration":85740,"samplingBit":16,"channelCount":1,"samplingRate":"16kHz","audioPath":"/Mock/01.Management/Female/New/ckmk_a_bm_f_n_183028.wav"}}}