{"version":"1.0","dataSet":{"info":{"date":"20230116","occupation":"BM","channel":"MOCK","place":"ONLINE","gender":"FEMALE","ageRange":"35-44","experience":"NEW"},"question":{"raw":{"text":"지원자님은 살면서 무엇인가에 푹 빠져 몰두해 본 것이 있나요 있다면 어떠한 것인지 궁금합니다","wordCount":13},"emotion":[],"intent":[]},"answer":{"raw":{"text":"저는 일본 애니메이션에 푹 빠져 산 적이 있습니다. 어 애니메이션을 중에서 일본어 공부도 할 수 있었고 일본 문화를 간접적으로 체험할 수 있어서 한동안 일본 애니메이션에 푹 빠져 살았습니다. 그리고 일본 애니메이션을 보면서 어 한 가지 특징이 있는데 일본 애니메이션은 바로 인생을 살아가는 인간의 관찰에 관한 부부들 기초로 삼고 있다는 것입니다. 어린이의 특성과 어른의 특성을 생생하게 표현하고 그 속에서 새로운 교훈과 메세지 창의력 등을 나타나는 게 주요 특성입니다.","wordCount":67},"emotion":[],"intent":[{"text":"","expression":"","category":"attitude"}],"summary":{"text":"일본 애니메이션의 특징은 인생을 살아가는 인간의 관찰에 관한 부부들 기초로 삼고 있다는 것입니다. 어린이와 어른의 특성을 생생하게 표현하고 새로운 교훈과 메세지 창의력 등을 나타냅니다.","wordCount":24}}},"rawDataInfo":{"question":{"fileFormat":"wav","fileSize":318798,"duration":9960,"samplingBit":16,"channelCount":1,"samplingRate":"16kHz","audioPath":"/Mock/01.Management/Female/New/ckmk_q_bm_f_n_187556.wav"},"answer":{"fileFormat":"wav","fileSize":1317838,"duration":41180,"samplingBit":16,"channelCount":1,"samplingRate":"16kHz","audioPath":"/Mock/01.Management/Female/New/ckmk_a_bm_f_n_187556.wav"}}}