{"version":"1.0","dataSet":{"info":{"date":"20230116","occupation":"BM","channel":"MOCK","place":"ONLINE","gender":"FEMALE","ageRange":"-34","experience":"NEW"},"question":{"raw":{"text":"본인만의 스트레스 해소 방법이 있다면 무엇이 있습니까 왜 그 방법으로 스트레스를 해소하시는지도 함께 말씀해 주세요","wordCount":15},"emotion":[],"intent":[]},"answer":{"raw":{"text":"저만의 스트레스 해소 방법은 어 명상입니다. 왜냐하면 친구들을 만날 때도 또는 연인을 만날 때도 가끔은 스트레스가 쌓입니다. 왜냐하면 모든 것은 인간관계이기 때문에 모든 인간관계가 완벽할 수는 없습니다. 때로는 좋을 때도 있고 때로는 싫을 때도 있습니다. 그럴 때 특히 필요한 것은 저 혼자만의 시간이라고 생각합니다. 하지만 제 혼자만의 시간을 잘 보내는 것이 생각보다 어렵기 때문에 명상을 하는 것이 스트레스 해소 방법에 도움이 됩니다. 명상을 하면 몸과 마음이 이완되고 그리고 스트레스가 날아가기 때문에 저의 정신 건강을 위해서도 매우 좋은 방법입니다. 숨을 크게 들이마셨다가 내쉬는 것만으로도 기분이 해소되고 감정이 해소될 때가 있습니다. 명상이라고 해서 너무 오랜 시간 하는 것이 아니라 잠깐이라도 십 초라도 시간을 내어 명상을 하는 것이 평상시 저의 스트레스를 해소시킬 수 있는 방법으로 매우 좋다 라고 생각합니다. 그래서 저는 스트레스 해소 방법으로 명상을 선택하고 종종 명상을 하며 스트레스를 풀고 있습니다.","wordCount":129},"emotion":[],"intent":[{"text":"","expression":"","category":"attitude"}],"summary":{"text":"인간관계에서 오는 스트레스를 해소할 방법으로 제 스트레스 해소에 도움이 되는 것은 명상입니다. 명상은 몸과 마음이 이완되고 스트레스가 날아가기 때문에 정신 건강을 위해서도 매우 좋은 방법입니다. 그래서 저는 스트레스 해소 방법으로 명상을 선택하고 종종 명상을 하며 스트레스를 풀고 있습니다.","wordCount":38}}},"rawDataInfo":{"question":{"fileFormat":"wav","fileSize":349198,"duration":10910,"samplingBit":16,"channelCount":1,"samplingRate":"16kHz","audioPath":"/Mock/01.Management/Female/New/ckmk_q_bm_f_n_183032.wav"},"answer":{"fileFormat":"wav","fileSize":2729678,"duration":85300,"samplingBit":16,"channelCount":1,"samplingRate":"16kHz","audioPath":"/Mock/01.Management/Female/New/ckmk_a_bm_f_n_183032.wav"}}}