{"version":"1.0","dataSet":{"info":{"date":"20230116","occupation":"BM","channel":"MOCK","place":"ONLINE","gender":"FEMALE","ageRange":"45-54","experience":"NEW"},"question":{"raw":{"text":"네 본인이 창의적으로 어떤 문제를 해결해 본 경험이 있는지요 어 그러한 경험이 있다면 그 과정을 최대한 자세하게 설명해 주시기 바랍니다","wordCount":20},"emotion":[],"intent":[]},"answer":{"raw":{"text":"어 창의적이라고 말씀을 드릴 수 있는 문제인지 모르겠으나 지금 최근에 했었던 일이기 때문에 말씀드린다면 저희가 이제 아파트에 살다가 단독주택으로 이사를 오다 보니 이제 요즘 추워져서 어 외풍이 좀 심하더라구요. 그래서 창문에 어 지금 외풍 차단 비닐을 좀 붙이는데 그게 이제 창문을 여닫을 수 있게 지퍼가 달려 있는 그런 제품들이 있긴 한데 그 좀 가격이 비싸더라구요. 그래서 저는 좀 제가 생각을 해서 김장 비닐 그런 비닐을 좀 넓은 것을 구매했고 그런 건 좀 저렴하거든요. 그것을 그 위에 어 부착을 하고 양쪽 옆에 이제 환기는 또 되어야 되다 보니까 어 그 찍찍이 테이프라고 하죠. 붙였다 떼었다 할 수 있는 그걸 양 옆에 붙이고요. 그래서 어 따뜻하게도 지내면서 또 환기도 되고 저렴한 가격에 그렇게 처리를 했었던 경험을 말씀드리고 싶습니다.","wordCount":116},"emotion":[],"intent":[{"text":"","expression":"","category":"attitude"}],"summary":{"text":"단독주택으로 이사 오면서 창문에 외풍 차단 비닐을 붙이는데 지퍼가 있는 제품들은 가격이 비싸서 저는 김장 비닐을 넓은 것을 구매해서 그 위에 부착하고 양쪽 옆에 환기를 위해 찍찍이 테이프를 붙였다 떼었다 할 수 있는 것을 양쪽 옆에 붙였습니다.","wordCount":37}}},"rawDataInfo":{"question":{"fileFormat":"wav","fileSize":409678,"duration":12800,"samplingBit":16,"channelCount":1,"samplingRate":"16kHz","audioPath":"/Mock/01.Management/Female/New/ckmk_q_bm_f_n_175372.wav"},"answer":{"fileFormat":"wav","fileSize":2524238,"duration":78880,"samplingBit":16,"channelCount":1,"samplingRate":"16kHz","audioPath":"/Mock/01.Management/Female/New/ckmk_a_bm_f_n_175372.wav"}}}