{"version":"1.0","dataSet":{"info":{"date":"20230116","occupation":"BM","channel":"MOCK","place":"ONLINE","gender":"FEMALE","ageRange":"-34","experience":"NEW"},"question":{"raw":{"text":"문서 작업을 하실 때 실수나 오탈자 등을 방지하기 위해 본인만의 비결이 있다면 설명해 주시겠어요","wordCount":14},"emotion":[],"intent":[]},"answer":{"raw":{"text":"저는 제가 대학교를 아이티 아이티 컴퓨터 공학과로 나와서 일단 코딩을 할 때 그런 오탈자 같은 곳에 정말 많이 예민하기도 했고 프로그래밍 같은 경우에는 뭐 세미콜롬을 하나 안 찍으면 일이 진행이 아 안되는 상황이 벌어지니까 정말 많이 신중하게 예민하게 보려고 노력을 해서 제가 일단 그런 오탈자를 보는 눈이 조금 많이 발달이 됐습니다. 그리고 문서 작업실 실수나 오탈자를 방지하기 위한 저만의 방법은 일단 처음부터 꼼꼼하게 오탈자가 있나 없나 확인을 하는 것이고 문 일단 일단 전체적으로 러프하게 한번 짜고 다시 보자 이게 아닌 문단별로 세세하게 원주법 검사기를 돌려보면서 그렇게 이를 단계적으로 진행하는 방법입니다.","wordCount":90},"emotion":[],"intent":[{"text":"그리고 문서 작업실 실수나 오탈자를 방지하기 위한 저만의 방법은 일단 처음부터 꼼꼼하게 오탈자가 있나 없나 확인을 하는 것이고 문 일단 일단 전체적으로 러프하게 한번 짜고 다시 보자 이게 아닌 문단별로 세세하게 원주법 검사기를 돌려보면서 그렇게 이를 단계적으로 진행하는 방법입니다.","expression":"m_holistic","category":"attitude"}],"summary":{"text":"실수나 오탈자를 방지하기 위한 저만의 방법은 문단별로 세세하게 원주법 검사기를 돌려보면서 단계적으로 진행하는 방법입니다.","wordCount":14}}},"rawDataInfo":{"question":{"fileFormat":"wav","fileSize":320078,"duration":10000,"samplingBit":16,"channelCount":1,"samplingRate":"16kHz","audioPath":"/Mock/01.Management/Female/New/ckmk_q_bm_f_n_178710.wav"},"answer":{"fileFormat":"wav","fileSize":1798478,"duration":56200,"samplingBit":16,"channelCount":1,"samplingRate":"16kHz","audioPath":"/Mock/01.Management/Female/New/ckmk_a_bm_f_n_178710.wav"}}}