{"version":"1.0","dataSet":{"info":{"date":"20230116","occupation":"BM","channel":"MOCK","place":"ONLINE","gender":"FEMALE","ageRange":"-34","experience":"NEW"},"question":{"raw":{"text":"보통 저희가 일을 할 때는 문서화 작업을 굉장히 많이 하는데요 어 자료를 문서화 하는 것이 왜 필요하다고 생각하시는지 지원자님의 생각을 말씀해 주시기 바랍니다","wordCount":23},"emotion":[],"intent":[]},"answer":{"raw":{"text":"일을 하게 되면 자료를 문서화 할 일이 많다 라는 것 그것을 알고 있고 왜 필요하다고 생각하냐면 문서와 작업이 되어야지 다른 사람들과 공유하는 것이 편하기 때문입니다. 일을 하는 것은 다른 사람들과 함께 일을 하는 경우가 많습니다. 다른 사람들과 함께 소통하면서 일을 하려면 이것이 구두로만 전해졌을 때는 서로 소통의 오류가 생길 수도 있고 기억이 안 나거나 까먹거나 하면서 어떤 오해가 생길 수도 있습니다. 그렇기 때문에 모든 자료를 문서화해야지 그 기록이 남아 서로 소통하고 그 일을 처리하는 데 어려움이 없을 것이라고 생각됩니다. 그리고 또한 내가 퇴사를 하거나 다른 사람들에 어떤 이동수가 있고 난 뒤에 다른 남은 사람들과 같이 일을 하려면 그 기록이 필요합니다. 그 이전 기록을 문서화 되어서 남아있어야지 일이 수월하게 진행될 수 있습니다. 한 개인이 하는 일이 아니라 단체가 하는 일이기 때문에 꼭 자료들이 문서화되어서 서로 공유하고 이것을 활용할 수 있는 환경이 만들어져야 된다고 생각합니다.","wordCount":133},"emotion":[],"intent":[{"text":"","expression":"","category":"attitude"}],"summary":{"text":"다른 사람과 함께 일을 하게 되면 소통의 오류가 생길 수도 있고 오해가 생길 수도 있기 때문에 모든 자료를 문서화해야 합니다. 또한 한 개인이 하는 일이 아니라 단체가 하는 일이기 때문에 꼭 자료들이 문서화되어서 서로 공유하고 이것을 활용할 수 있는 환경이 만들어져야 합니다.","wordCount":42}}},"rawDataInfo":{"question":{"fileFormat":"wav","fileSize":537038,"duration":16780,"samplingBit":16,"channelCount":1,"samplingRate":"16kHz","audioPath":"/Mock/01.Management/Female/New/ckmk_q_bm_f_n_182670.wav"},"answer":{"fileFormat":"wav","fileSize":2617678,"duration":81800,"samplingBit":16,"channelCount":1,"samplingRate":"16kHz","audioPath":"/Mock/01.Management/Female/New/ckmk_a_bm_f_n_182670.wav"}}}