{"version":"1.0","dataSet":{"info":{"date":"20230116","occupation":"BM","channel":"MOCK","place":"ONLINE","gender":"FEMALE","ageRange":"45-54","experience":"NEW"},"question":{"raw":{"text":"지원자님께서는 휴식을 취할 때 주로 어떤 일들을 하시는지요 어 또 왜 그러한 일들을 하는지도 함께 그 이유를 설명해 주시면 좋겠습니다","wordCount":20},"emotion":[],"intent":[]},"answer":{"raw":{"text":"어 휴식을 취할 때 뭐 너무 피고곤하거나 힘들 때는 그냥 집에서 정말 아무 것도 안하고 뭐 넷플릭스 영화를 본다거나 아 이제 그런 경우가 있지만 많이 피곤하거나 그런 일이 없다면 아 취미 활동을 많이 하려고 노력 합니다. 그러니까 취미 활동이라면 저는 어 옷 만드는 걸 좋아해서 이제 옷 만드는 뭐 부분을 학원에 가서 배운다거나 시간을 내서 어 원 데이 클래스나 이런 부분 해서 좀 배우는 편이구요. 물론 쉬고 싶고 뭐 그런 때도 있지만 그렇게 하다 보면 또 나름 어 기분 전환도 되고 아 내 자신이 좀 뭔가 업무 외적인 부분에도 또 이렇게 열심히 하는구나. 그래서 좀 자존감이 높아지는 그런 느낌이어서 네 그런 취미 활동을 좀 많이 하는 것 같습니다.","wordCount":108},"emotion":[],"intent":[{"text":"","expression":"","category":"attitude"}],"summary":{"text":"휴식 취할 때 많이 피로하거나 힘든 일이 없다면, 취미 활동을 많이 하려 노력 합니다. 취미 활동이라면 저는 옷 만드는 것을 좋아해서 학원에 가서 배운다거나 시간을 내서 원 데이 클래스나 이런 부분으로 좀 배우는 편이습니다.","wordCount":34}}},"rawDataInfo":{"question":{"fileFormat":"wav","fileSize":448718,"duration":14020,"samplingBit":16,"channelCount":1,"samplingRate":"16kHz","audioPath":"/Mock/01.Management/Female/New/ckmk_q_bm_f_n_178465.wav"},"answer":{"fileFormat":"wav","fileSize":2040398,"duration":63760,"samplingBit":16,"channelCount":1,"samplingRate":"16kHz","audioPath":"/Mock/01.Management/Female/New/ckmk_a_bm_f_n_178465.wav"}}}