{"version":"1.0","dataSet":{"info":{"date":"20230116","occupation":"BM","channel":"MOCK","place":"ONLINE","gender":"FEMALE","ageRange":"35-44","experience":"NEW"},"question":{"raw":{"text":"어 그동안 어 지원자님께서 속해 있었던 조직이나 단체 속에서 어 주로 어떤 역할을 하시는 사람이었는지 어 말씀해 주실 수 있겠는지요","wordCount":20},"emotion":[],"intent":[]},"answer":{"raw":{"text":"그동안 제가 속해 있었던 조직이나 단체 속에서 저는 음 중간 역할을 하였습니다. 제가 리더를 도와주는 보조 역할을 많이 했었는데요 주로 어 리더가 원하는 것이 무엇인지 알아서 어 메모를 해주거나 아니면 리더가 어려워하는 부하 직원들을 제가 귀뜸도 해주고 왜 어려워하는지에 대한 조언도 해줬습니다. 그리고 조직 내에서 필요한 물건이라든가 그리고 어디서 구매해 되는지 이런 자잘한 것들은 구매 사이트나 이런 것들을 제가 알아서 제가 직원들이 좀 더 더 편하게 일을 할 수 있도록 도움을 주었습니다. 사실 사소한 일이래서 눈에 잘 안 띄는 일이었지만 직원들이 많이 고마워 했습니다. 그런 사사롭하고 자잘한 것까지 잘 챙겨준다는 것입니다. 사실 제가 할 수 있는 일은 여러 가지가 있었지만 저에게는 보조자 역할이 좀 잘 어울렸던 것 같습니다. 어 리더를 보조한다는 거는 쉬운 일이 아니었지만 저는 그때 가장 큰 기쁨을 느꼈습니다.","wordCount":121},"emotion":[{"text":"어 리더를 보조한다는 거는 쉬운 일이 아니었지만 저는 그때 가장 큰 기쁨을 느꼈습니다.","expression":"p-happiness","category":"positive"}],"intent":[{"text":"","expression":"","category":"attitude"}],"summary":{"text":"저는 그동안 제가 속해 있었던 조직이나 단체 속에서 중간 역할을 했습니다. 리더가 원하는 것을 알아서 메모를 해주거나, 어려워하는 부하 직원들을 제가 귀뜸도 해주고 왜 어려워하는지에 대한 조언도 해주었습니다. 그리고 조직 내에서 필요한 물건이나 자잘한 것들은 제가 알아서 직원들이 편하게 일을 할 수 있도록 도움을 주었습니다.","wordCount":45}}},"rawDataInfo":{"question":{"fileFormat":"wav","fileSize":424398,"duration":13260,"samplingBit":16,"channelCount":1,"samplingRate":"16kHz","audioPath":"/Mock/01.Management/Female/New/ckmk_q_bm_f_n_178845.wav"},"answer":{"fileFormat":"wav","fileSize":2436558,"duration":76140,"samplingBit":16,"channelCount":1,"samplingRate":"16kHz","audioPath":"/Mock/01.Management/Female/New/ckmk_a_bm_f_n_178845.wav"}}}