{"version":"1.0","dataSet":{"info":{"date":"20230116","occupation":"BM","channel":"MOCK","place":"ONLINE","gender":"FEMALE","ageRange":"-34","experience":"NEW"},"question":{"raw":{"text":"기업 교육 훈련은 상당히 중요하죠 지금도 계속 변화를 하고 있고 어 근데 기업 교육 훈련이 십 년 후에 모습은 또 어떻게 바뀌고 있을지 그 예상하는 바를 말씀해 주시면 감사하겠습니다","wordCount":29},"emotion":[],"intent":[]},"answer":{"raw":{"text":"현재 진행되고 있는 기업의 교육 훈련은 십 년 후에는 좀 더 개인 맞춤형으로 변했을 것입니다. 현재 에이아이의 발달로 인해서 기업들은 맞춤화된 세분화된 정보를 많이 수집하고 있습니다. 이에 많은 정보를 수집하고 또한 에이아이의 발달과 인터넷의 발달로 인해서 더 많은 교육 자료를 만들 수 있습니다. 현재는 교육 자료를 한 회사에서 만들면 그 회사만 사용할 수 있어 있는 구조라면 이제는 법명적으로 만들어진 교육 자료를 모든 회사가 쓸 수 있는 방향으로 바뀝니다. 바뀔 것입니다. 왜냐하면 산 사람에게 필요한 교육 자료는 무 다양합니다. 어떤 사람은 에이비씨의 교육 자료가 필요하다면 다른 사람은 에이비디에 교육 자료가 필요할 수 있습니다. 이러한 맞춤화된 교육 자료를 하나하나 만들기에는 너무 비용과 시간이 많이 듭니다. 따라서 기존에 만들어져 있던 교육자료를 어 개인에 따라서 선택해서 취사에서 볼 수 있는 형식으로 변할 것입니다. 또한 기업 그의 교육 훈련은 현재에서 현재보다 더 온라인에 의존도가 높아질 것으로 보입니다. 온라인 교육이 더 간편하고 비용이 적게 들기 때문이며 개인화가 가능하기 때문입니다.","wordCount":143},"emotion":[],"intent":[{"text":"","expression":"","category":"attitude"}],"summary":{"text":"기업들은 에이아이의 발달과 인터넷의 발달로 인해 더 많은 교육 자료를 만들 수 있습니다. 현재는 교육 자료를 한 회사에서 만들면 그 회사만 사용할 수 있지만 이제는 법명적으로 만들어진 교육 자료를 모든 회사가 쓸 수 있도록 바뀔 것입니다. 또한 기업 그의 교육 훈련은 현재보다 더 온라인에 의존도가 높아질 것으로 보입니다.","wordCount":48}}},"rawDataInfo":{"question":{"fileFormat":"wav","fileSize":654798,"duration":20460,"samplingBit":16,"channelCount":1,"samplingRate":"16kHz","audioPath":"/Mock/01.Management/Female/New/ckmk_q_bm_f_n_181175.wav"},"answer":{"fileFormat":"wav","fileSize":2637198,"duration":82410,"samplingBit":16,"channelCount":1,"samplingRate":"16kHz","audioPath":"/Mock/01.Management/Female/New/ckmk_a_bm_f_n_181175.wav"}}}