{"version":"1.0","dataSet":{"info":{"date":"20230116","occupation":"BM","channel":"MOCK","place":"ONLINE","gender":"FEMALE","ageRange":"35-44","experience":"NEW"},"question":{"raw":{"text":"세무 회계와 재무 회계 관리 회계 이 세 가지의 차이점은 무엇이라고 생각하시는지 지원자님의 주관적인 견해가 궁금합니다 한번 말씀해 보시겠습니까","wordCount":19},"emotion":[],"intent":[]},"answer":{"raw":{"text":"재무 회계는 일반적으로 재무제표의 중심의 회계로 기업 외부 정보 이용자의 의사 결정에 유용한 정보를 제공하는 외부 보고 목적의 회계입니다. 재무제표는 일반적으로 인정된 회계 원칙에 따라 작성되어 이용자들의 이해관계를 조정하고 신뢰성을 제고하며 비교 가능성을 높여야 합니다. 재무제표는 주로 과거의 정보를 전달하는데 주력하며 기업 전체의 정보 시스템을 포괄하고 있습니다. 그에 반해 관리 회계는 기업 내부 정보 이용자의 경영 의사 결정에 유용한 정보 제공을 하기 위한 회계입니다. 내부 보고의 목적의 회계로서 일반적으로 인정되는 회계 기준이 아닌 주관적인 추정과 판단을 상당히 포함하고 있습니다. 관리 회계 보고서는 특정한 보고 양식이나 작성 원칙의 지배를 받지 아니하고 현재 현재 민 미래 정보를 포함하고 있습니다. 세무 회계는 외부 정보 이용자에게 과세 소득을 적정하게 산정하여 과세 표준과 산출 세액에 대한 정보를 제공하는 회계입니다. 세무 회계 목적의 별 별도의 장부를 작성하는 데에는 많은 노력과 시간이 필요하므로 일반적으로 기업 기업 회계와 법인 세법의 차이를 조정하여 과세 소득을 산출하는 하여 과세합니다.","wordCount":139},"emotion":[{"text":"재무 회계는 일반적으로 재무제표의 중심의 회계로 기업 외부 정보 이용자의 의사 결정에 유용한 정보를 제공하는 외부 보고 목적의 회계입니다.","expression":"u-fact","category":"neutral"},{"text":"재무제표는 주로 과거의 정보를 전달하는데 주력하며 기업 전체의 정보 시스템을 포괄하고 있습니다.","expression":"u-fact","category":"neutral"},{"text":"내부 보고의 목적의 회계로서 일반적으로 인정되는 회계 기준이 아닌 주관적인 추정과 판단을 상당히 포함하고 있습니다.","expression":"u-fact","category":"neutral"},{"text":"관리 회계 보고서는 특정한 보고 양식이나 작성 원칙의 지배를 받지 아니하고 현재 현재 민 미래 정보를 포함하고 있습니다.","expression":"u-fact","category":"neutral"},{"text":"세무 회계는 외부 정보 이용자에게 과세 소득을 적정하게 산정하여 과세 표준과 산출 세액에 대한 정보를 제공하는 회계입니다.","expression":"u-fact","category":"neutral"}],"intent":[{"text":"","expression":"","category":"attitude"}],"summary":{"text":"재무 회계는 재무제표의 중심의 회계로 기업 외부 정보 이용자의 의사 결정에 유용한 정보를 제공하는 외부 보고 목적의 회계입니다. 재무제표는 주로 과거의 정보를 전달하는데 주력하며 기업 전체의 정보 시스템을 포괄하고 있습니다. 반면 관리 회계는 기업 내부 정보 이용자의 경영 의사 결정에 유용한 정보 제공을 하기 위한 회계이며, 내부 보고의 목적인 회계 기준이 아닌 주관적인 추정과 판단을 포함합니다.","wordCount":56}}},"rawDataInfo":{"question":{"fileFormat":"wav","fileSize":501838,"duration":15680,"samplingBit":16,"channelCount":1,"samplingRate":"16kHz","audioPath":"/Mock/01.Management/Female/New/ckmk_q_bm_f_n_174357.wav"},"answer":{"fileFormat":"wav","fileSize":2750798,"duration":85960,"samplingBit":16,"channelCount":1,"samplingRate":"16kHz","audioPath":"/Mock/01.Management/Female/New/ckmk_a_bm_f_n_174357.wav"}}}