{"version":"1.0","dataSet":{"info":{"date":"20230116","occupation":"BM","channel":"MOCK","place":"ONLINE","gender":"FEMALE","ageRange":"-34","experience":"NEW"},"question":{"raw":{"text":"일을 할 때 협업하는 것과 혼자 하는 것 중 무엇을 더 선호하나요 그리고 그것을 선호하는 이유도 같이 말씀해 주세요","wordCount":19},"emotion":[],"intent":[]},"answer":{"raw":{"text":"저는 협업하는 과제를 더 선호를 하는데요. 협업을 하다 보면은 제가 알지 못하는 부분에 대해서 그리고 제가 못 본 그런 관점에서 좀 알게 되더라고요. 그래서 그 일을 할 때 조금 더 효율성 있게 했던 것 같고 그리고 혼자 하는 것보다 제가 더 잘 할 수 있는 분야를 제가 그 분야에 대해서 파고 들어서 더 최선을 다해서 열심히 하다 보면 결과가 더 좋았던 것 같아서 저는 협업하는 과제를 조금 더 선호를 하는 편입니다. 하지만 제가 혼자 하는 과제를 할 때도 혼자서 다양하게 제가 다 할 수 있다는 점에서는 뭐 좋지만 그 하나하나에 대해서 세세하게 신경을 다 못 썼던 것 같아요. 그래서 혼자 하는 과제에 대해서는 조금 제가 부족한 점이 있었던 것 같다 라는 생각이 들었고 그리고 협업할 때 타인들의 이야기와 타인들이 장점을 하나하나씩 끌어내다 보면 더 좋은 완성품이 되지 않을까 라는 생각이 들면서 저는 협업하는 과제를 조금 더 선호하게 되었습니다.","wordCount":138},"emotion":[],"intent":[{"text":"협업을 하다 보면은 제가 알지 못하는 부분에 대해서 그리고 제가 못 본 그런 관점에서   좀 알게 되더라고요.","expression":"c_cop","category":"personality"},{"text":"그래서 혼자 하는 과제에 대해서는 조금 제가 부족한 점이 있었던 것 같다 라는 생각이 들었고 그리고 협업할 때   타인들의 이야기와 타인들이 장점을 하나하나씩 끌어내다 보면 더 좋은 완성품이 되지 않을까 라는 생각이 들면서 저는 협업하는 과제를 조금 더 선호하게 되었습니다.","expression":"c_cop","category":"personality"}],"summary":{"text":"협업하는 과제를 선호합니다. 혼자 하는 과제에 대해서는 부족한 점이 있었던 것 같았고, 협업할 때 타인들의 이야기와 타인들의 장점을 하나하나씩 끌어내다 보면 더 좋은 완성품이 되지 않을까 라는 생각이 들면서 협업하는 과제가 더 선호하게 되었습니다.","wordCount":34}}},"rawDataInfo":{"question":{"fileFormat":"wav","fileSize":316238,"duration":9880,"samplingBit":16,"channelCount":1,"samplingRate":"16kHz","audioPath":"/Mock/01.Management/Female/New/ckmk_q_bm_f_n_175924.wav"},"answer":{"fileFormat":"wav","fileSize":2204878,"duration":68900,"samplingBit":16,"channelCount":1,"samplingRate":"16kHz","audioPath":"/Mock/01.Management/Female/New/ckmk_a_bm_f_n_175924.wav"}}}