{"version":"1.0","dataSet":{"info":{"date":"20230116","occupation":"BM","channel":"MOCK","place":"ONLINE","gender":"FEMALE","ageRange":"-34","experience":"NEW"},"question":{"raw":{"text":"만약 일을 하게 될 경우 가장 어려울 것으로 예상되는 것은 무엇인가요 그리고 그 어려운 점에 대해서 어떤 식으로 대처할 생각인지 궁금합니다","wordCount":21},"emotion":[],"intent":[]},"answer":{"raw":{"text":"일을 하면서 가장 쪼끔 어려울 것으로 예측되는 측면은 이제 업무 간의 협의가 제대로 이뤄지지 않는 경우라고 생각을 합니다. 왜냐하면 저희가 이제 사무 지원 업무가 굉장히 또 중요한 업무 중의 한 분야인데요. 하지만 저희 혼자 해결해야 되는 부분들이 있고 또 상대 부서와 협의와 커뮤니케이션이 필요한 부분이 있었는데요. 하지만 그 상대에 대한 그 팀원들이나 아니면 부서에서 어 본인들이 원하는 것만 너무 강하게 주장을 하거나 아니면 지원해 주지 않는 분야에 대해서 조금 불만이나 이런 것들이 발생할 수 있다고 생각을 합니다. 기본적으로 이제 행정 사무 업무 같은 경우에는 서포트가 진행이 되지만 어 여러 가지 부서를 담당하다 보면 그것들을 모두 다 원하는 바에 따라서 지원해주기는 어렵다고 생각을 해서요 중요한 일의 순서가 있고 또 그거에 맞춰서 순차적으로 진행이 돼야 될 것 같습니다. 그런 면에서 만약에 이제 다른 부서에서 지원이 안 됐다고 문제가 발생할 경우에 좀 그것들에 대한 협의가 약간 어려울 것 같다라는 생각이 드는데요. 그래도 어쨌든 일에 대한 중요한 순서가 있기 때문에 그런 점들을 잘 체계적으로 마련을 하고 또 문제가 없도록 처리하는 게 중요할 것 같다 라는 생각이 들고요. 앞으로 일의 중요도를 좀 결정을 해서 처리할 예정입니다.","wordCount":171},"emotion":[],"intent":[{"text":"","expression":"","category":"attitude"}],"summary":{"text":"사무 지원 업무는 굉장히 중요한 업무 중의 한 분야인데, 팀원들이나 부서에서 본인들이 원하는 것만 강하게 주장하거나 지원해 주지 않는 분야에 대해서 불만족이 발생할 수 있습니다. 중요한 일의 순서가 있기 때문에 그런 점들을 체계적으로 마련을 하고 또 문제가 없도록 처리하는 게 중요할 것 같습니다.","wordCount":43}}},"rawDataInfo":{"question":{"fileFormat":"wav","fileSize":379598,"duration":11860,"samplingBit":16,"channelCount":1,"samplingRate":"16kHz","audioPath":"/Mock/01.Management/Female/New/ckmk_q_bm_f_n_174140.wav"},"answer":{"fileFormat":"wav","fileSize":2752078,"duration":86000,"samplingBit":16,"channelCount":1,"samplingRate":"16kHz","audioPath":"/Mock/01.Management/Female/New/ckmk_a_bm_f_n_174140.wav"}}}