{"version":"1.0","dataSet":{"info":{"date":"20230116","occupation":"BM","channel":"MOCK","place":"ONLINE","gender":"FEMALE","ageRange":"35-44","experience":"NEW"},"question":{"raw":{"text":"일을 하다 보면 상사와 트러블이 생기는 것은 불가피한데요 어 이런 경우에는 어떻게 대처를 하시겠습니까 또 상사가 혼을 내면 기분이 나쁘시지는 않을까요","wordCount":21},"emotion":[],"intent":[]},"answer":{"raw":{"text":"어 저도 사람인지라 상사에게 혼이 나면 기분이 나쁠 것 같습니다. 하지만 계속 기분 나쁜 상태로 있을 수는 없을 것 같습니다. 우선 저는 상사와 갈등이 생기면 적극적인 자세로 갈등을 풀겠습니다. 이전에 패밀리 레스토랑에서 아르바이트를 한 하던 시절 작은 오해로 매니저님과 본의 아니게 갈등을 겪게 되었습니다. 저는 곧바로 휴일날에 매니저님과 간단한 식사 자리를 만들었고 그리고 있었던 일을 허심탄회하게 이야기하면서 서로의 오해에 대해 이야기했습니다. 그 후로부터는 서로의 생일과 기념일에 선물을 챙길 정도로 사이가 가까워졌습니다. 이때 경험을 통해 갈등이 생기면 주저하기보다는 먼저 나서서 빠르게 문제를 해결해야 한다는 것을 알게 되었습니다. 앞으로 회사에서 상사와 갈등을 겪게 된다면 제가 먼저 나서서 적극적으로 문제를 풀어나가겠습니다.","wordCount":98},"emotion":[],"intent":[{"text":"","expression":"","category":"attitude"}],"summary":{"text":"저는 상사와 갈등이 생기면 적극적으로 문제를 풀겠습니다. 패밀리 레스토랑 아르바이트를 할 때 작은 오해로 매니저님과 갈등을 겪었고 이후로는 서로의 생일과 기념일에 선물을 챙길 정도로 사이가 가까워졌습니다. 앞으로 회사에서 상사와 갈등을 겪게 된다면 적극적으로 문제를 풀어나가겠습니다.","wordCount":35}}},"rawDataInfo":{"question":{"fileFormat":"wav","fileSize":474638,"duration":14830,"samplingBit":16,"channelCount":1,"samplingRate":"16kHz","audioPath":"/Mock/01.Management/Female/New/ckmk_q_bm_f_n_187555.wav"},"answer":{"fileFormat":"wav","fileSize":2014798,"duration":62960,"samplingBit":16,"channelCount":1,"samplingRate":"16kHz","audioPath":"/Mock/01.Management/Female/New/ckmk_a_bm_f_n_187555.wav"}}}