{"version":"1.0","dataSet":{"info":{"date":"20230116","occupation":"BM","channel":"MOCK","place":"ONLINE","gender":"FEMALE","ageRange":"-34","experience":"NEW"},"question":{"raw":{"text":"지원자님께서 입사 후에 기존의 원하던 일을 못 하게 되었을 경우엔 어떻게 하시겠습니까 그렇게 하실 이유도 함께 말씀해 주시기 바랍니다","wordCount":19},"emotion":[],"intent":[]},"answer":{"raw":{"text":"저는 사실 이러한 경우 때문에 어떤 제가 상상하는 것들 기대하는 것들을 굉장히 다양하게 잡는 편입니다. 기존에 기대하는 것들 좀 몇 가지는 제가 어떤 사정으로 인해 못하게 될 수도 있겠지만 제가 근본적으로 원하던 걸 하고 있고 어 어느 정도는 제 기대를 충족시키고 있는 상황이라면 저는 상황을 감수하고 계속해서 입사하고 일을 할 것 같습니다. 어 제가 제가 입사 전에는 외부자기 때문에 정확하게 기대할 수 없고 입사 후에는 회사의 사정이란 게 항상 정해진 대로만 지켜지는 게 아니라고 생각을 해서 어 어느 정도는 유도리를 발휘하야 한다고 생각합니다.","wordCount":83},"emotion":[],"intent":[{"text":"","expression":"","category":"attitude"}],"summary":{"text":"저는 입사 전에는 외부자이기 때문에 정확하게 기대할 수 없고 입사 후에는 회사의 사정이란 게 정해진 대로만 지켜지는 게 아니므로 어느 정도는 유도리를 발휘해야 한다고 생각합니다.","wordCount":25}}},"rawDataInfo":{"question":{"fileFormat":"wav","fileSize":467278,"duration":14600,"samplingBit":16,"channelCount":1,"samplingRate":"16kHz","audioPath":"/Mock/01.Management/Female/New/ckmk_q_bm_f_n_171998.wav"},"answer":{"fileFormat":"wav","fileSize":2117518,"duration":66170,"samplingBit":16,"channelCount":1,"samplingRate":"16kHz","audioPath":"/Mock/01.Management/Female/New/ckmk_a_bm_f_n_171998.wav"}}}