{"version":"1.0","dataSet":{"info":{"date":"20230116","occupation":"BM","channel":"MOCK","place":"ONLINE","gender":"FEMALE","ageRange":"-34","experience":"NEW"},"question":{"raw":{"text":"본인이 생각하는 십 년 후 미래는 어떨 것 같나요 만약 십 년 후에도 저희 회사를 계속 다니고 있을 것 같나요","wordCount":20},"emotion":[],"intent":[]},"answer":{"raw":{"text":"제 십 년 후 미래를 떠올린다면 저는 계속 이 회사에 다닐 것 같습니다. 저는 제가 성실함이 예 아이콘이라고 할 만큼 굉장히 성실하다 라는 이야기 많이 들었었는데요. 예전 회사에서도 제가 단 한 번도 지각을 해본 적이 없을 정도로 굉장히 꾸준히 다니곤 했습니다. 그리고 단 한 번도 제가 뭐 회사를 제 자신이 그만두거나 했던 적은 없었고 제가 이직을 하거나 보통 제 자신이 좀 옮겨야 되기 때문에 옮겼지 뭐 제가 성실함이 부족해서 그 회사를 그만둔 적이 없기 때문에 저는 이 회사가 저를 원하는 만큼 끝까지 최선을 다해서 다닐 것 같고요. 그리고 십 년 후에는 이 회사에서 제가 조금 더 발전된 사람이 되어 있지 않을까 라는 생각을 많이 하는데요. 제가 지금 아직까지는 신입사원으로 면접을 보고 있지만 나중에는 제가 부장님 아님 조금 더 고속 승진을 해서 임원이 되어서 여러분들에게 회사에 꼭 보탬이 되는 사람이 되고 싶습니다. 잘 부탁드립니다.","wordCount":133},"emotion":[],"intent":[{"text":"","expression":"","category":"attitude"}],"summary":{"text":"성실하다는 말을 많이 들었는데 계속 이 회사에 다닐 것 같습니다. 십 년 후에는 제가 더 발전된 사람이 되지 않을까 생각합니다. 나중에는 부장님 혹은 고속 승진을 해서 임원이 되어서 회사에 꼭 보탬이 되고 싶습니다.","wordCount":33}}},"rawDataInfo":{"question":{"fileFormat":"wav","fileSize":333518,"duration":10420,"samplingBit":16,"channelCount":1,"samplingRate":"16kHz","audioPath":"/Mock/01.Management/Female/New/ckmk_q_bm_f_n_175096.wav"},"answer":{"fileFormat":"wav","fileSize":2470478,"duration":77200,"samplingBit":16,"channelCount":1,"samplingRate":"16kHz","audioPath":"/Mock/01.Management/Female/New/ckmk_a_bm_f_n_175096.wav"}}}