{"version":"1.0","dataSet":{"info":{"date":"20230116","occupation":"BM","channel":"MOCK","place":"ONLINE","gender":"FEMALE","ageRange":"-34","experience":"NEW"},"question":{"raw":{"text":"지원자께서는 최근에 본 뉴스들 가운데 가장 인상 깊었던 뉴스는 무엇인지 궁금합니다 그것이 무엇인지 이유도 함께 말씀해 주시길 바랍니다","wordCount":18},"emotion":[],"intent":[]},"answer":{"raw":{"text":"제가 최근에 본 뉴스는 빚투와 관련된 뉴스였습니다. 친한 지인이 가까운 사람에게 거액의 돈을 빌리고 잠적해 버린 사건이었습니다. 저는 이렇게 사기와 관련된 사건 금전적인 문제와 관련된 사건은 엄중하게 처벌해야 한다고 생각합니다. 심지어 이렇게 사기와 관련된 사건들은 엄중하게 책임을 묻고 처벌도 엄격하게 해야 이런 비슷한 일들이 재발되지 않을 거라고 생각합니다. 제가 본 뉴스는 빚투와 관련된 것으로 유명한 연예인이 자신의 지위를 이용해서 주변에 여러 사람들에게 거액의 돈을 빌렸고 약속을 지키지 않고 그 돈을 그대로 가지고 잠적해버린 사건이었습니다.","wordCount":74},"emotion":[],"intent":[{"text":"","expression":"","category":"attitude"}],"summary":{"text":"친한 지인에게 거액의 돈을 빌리고 잠적한 사건처럼 사기와 관련된 사건 금전적인 문제와 관련된 사건은 엄중하게 처벌해야 합니다. 심지어 이런 비슷한 일들이 재발되지 않을 거라고 생각합니다.","wordCount":25}}},"rawDataInfo":{"question":{"fileFormat":"wav","fileSize":490318,"duration":15320,"samplingBit":16,"channelCount":1,"samplingRate":"16kHz","audioPath":"/Mock/01.Management/Female/New/ckmk_q_bm_f_n_178383.wav"},"answer":{"fileFormat":"wav","fileSize":2120398,"duration":66260,"samplingBit":16,"channelCount":1,"samplingRate":"16kHz","audioPath":"/Mock/01.Management/Female/New/ckmk_a_bm_f_n_178383.wav"}}}