{"version":"1.0","dataSet":{"info":{"date":"20230116","occupation":"BM","channel":"MOCK","place":"ONLINE","gender":"FEMALE","ageRange":"-34","experience":"NEW"},"question":{"raw":{"text":"지원자님께서는 요즘 공부하고 있는 것이 있으십니까 있다면 왜 그것을 공부하는지 지금까지 무엇을 배웠는지도 함께 말씀해 주시기 바랍니다","wordCount":17},"emotion":[],"intent":[]},"answer":{"raw":{"text":"요즘 공부하고 있는 것은 어 심리 상담에 관한 공부입니다. 제가 심리 상담에 대해서 공부하는 이유는 음 저희가 살아가면서 가장 많이 마주치고 마주하는 상황이 다른 타인과 함께 대화를 나누고 어 소통하는 것 것입니다. 그래서 제가 이런 부분에서 심리 상담과 관련된 공부를 진행을 한다면 더 많은 사람들과 더 속 깊은 얘기 그리고 어 주어진 시간 내에 더 가까운 사이가 될 수 있을 것이라고 생각이 들고 제가 일을 하는 데 있어서도 다양한 사람들과 마주치게 될 텐데 그때마다 어떤 식으로 제가 대처해야 하는지를 더 잘 알 수 있겠다고 생각이 들어서 공부를 시작하게 되었고 앞으로 회사에 입사를 한다고 하더라도 지속적으로 공부를 해 나갈 생각입니다.","wordCount":99},"emotion":[],"intent":[{"text":"그래서 제가 이런 부분에서 심리 상담과 관련된 공부를 진행을 한다면 더 많은 사람들과 더 속 깊은 얘기 그리고 어 주어진 시간 내에 더 가까운 사이가 될 수 있을 것이라고 생각이 들고 제가 일을 하는 데 있어서도 다양한 사람들과 마주치게 될 텐데 그때마다 어떤 식으로 제가 대처해야 하는지를 더 잘 알 수 있겠다고 생각이 들어서 공부를 시작하게 되었고 앞으로 회사에 입사를 한다고 하더라도 지속적으로 공부를 해 나갈 생각입니다.","expression":"c_imp","category":"personality"}],"summary":{"text":"심리 상담에 관한 공부입니다. 제가 살아가면서 가장 많이 마주하는 상황이 다른 타인과 함께 대화를 나누고 소통하는 것이므로 앞으로 회사에 입사를 한다고 하더라도 지속적으로 공부를 해 나갈 계획입니다.","wordCount":27}}},"rawDataInfo":{"question":{"fileFormat":"wav","fileSize":503118,"duration":15720,"samplingBit":16,"channelCount":1,"samplingRate":"16kHz","audioPath":"/Mock/01.Management/Female/New/ckmk_q_bm_f_n_174905.wav"},"answer":{"fileFormat":"wav","fileSize":2017998,"duration":63060,"samplingBit":16,"channelCount":1,"samplingRate":"16kHz","audioPath":"/Mock/01.Management/Female/New/ckmk_a_bm_f_n_174905.wav"}}}