{"version":"1.0","dataSet":{"info":{"date":"20230116","occupation":"BM","channel":"MOCK","place":"ONLINE","gender":"FEMALE","ageRange":"-34","experience":"NEW"},"question":{"raw":{"text":"네 지원자님은 시간이 남을 때 무슨 일을 하시는지 또 그 일을 하는 이유는 무엇인지 설명해 주실 수 있으실까요 네 지원자님께서 이제 좀 시간 남을 때 여가 때 하시는 일을 말씀을 부탁드립니다","wordCount":31},"emotion":[],"intent":[]},"answer":{"raw":{"text":"일단 시간이 남을 때 저는 혼자 있는 시간을 많이 가지는데요. 어 일단 너무 바쁘게 살기도 하고 혼자서 조금 제 감정이나 제 행동들을 추스릴 시간이 필요한 것 같더라구요. 그래서 저는 혼자 있을 저는 만약에 시간이 남으면 되도록 혼자서 제 그동안의 태도나 행동들 그리고 뭔가 심적으로 많이 부담이 됐거나 그런 것들을 정리하고 제가 이제 미래에 어떤 일을 해야 할지 어떤 것이 필요할지 계획을 하면서 혼자 저를 재정비하는 시간을 많이 갖고는 합니다. 그리고 추가로 전 항상 자는 것이 보약이다 라는 말을 듣고 살았기 때문에 그리고 잠을 많이 자면서 체력을 보충하려고 노력합니다.","wordCount":88},"emotion":[],"intent":[{"text":"","expression":"","category":"attitude"}],"summary":{"text":"저는 시간이 많이 남으면 되도록 혼자 있는 시간을 많이 가지면서 그동안의 태도나 행동들 그리고 미래에 어떤 일을 해야 할지 어떤 것이 필요할지 계획을 하면서 혼자 저를 재정비하는 시간을 많이 갖습니다.","wordCount":30}}},"rawDataInfo":{"question":{"fileFormat":"wav","fileSize":607438,"duration":18980,"samplingBit":16,"channelCount":1,"samplingRate":"16kHz","audioPath":"/Mock/01.Management/Female/New/ckmk_q_bm_f_n_178530.wav"},"answer":{"fileFormat":"wav","fileSize":1998798,"duration":62460,"samplingBit":16,"channelCount":1,"samplingRate":"16kHz","audioPath":"/Mock/01.Management/Female/New/ckmk_a_bm_f_n_178530.wav"}}}