{"version":"1.0","dataSet":{"info":{"date":"20230116","occupation":"BM","channel":"MOCK","place":"ONLINE","gender":"FEMALE","ageRange":"-34","experience":"NEW"},"question":{"raw":{"text":"입사 후 근무를 하면서 정작 지원한 분야가 본인과 잘 맞지 않는다는 사실을 깨달았습니다 이때 어떻게 하실 건가요","wordCount":17},"emotion":[],"intent":[]},"answer":{"raw":{"text":"어 지원한 분야가 저 어떻 어떤 부분이 잘 안 맞는지 잘 안 맞는 이유가 무엇인지 한번 생각해 볼 것 같습니다. 제 성향과 맞지 않는지 아니면 제 능력이 부족한 탓인지 혹은 제가 흥미가 담기지 않는지를 조금 살펴봐야 할 것 같은데 저는 모든 분 부분이 맞을 수 있다고는 생각하지 않기 때문에 좋은 점과 나쁜 점을 구분해서 나쁜 점 중에서 개선할 수 있는 부분이 어떤 건지 판단을 할 것이고 개선을 하도록 노력할 것이고 어 이 좋은 점이 있기 때문에 좀 더 버텨보자 라고 마음을 먹을 것 같고 그 걸 그 걸 저울질을 했을 때도 제가 버틸 수 없을 때 그땐 어쩔 수 없이 그만두게 되지 않을까 생각합니다.","wordCount":104},"emotion":[],"intent":[{"text":"","expression":"","category":"attitude"}],"summary":{"text":"저는 지원한 분야가 제 성향과 맞지 않는지 능력이 부족한 탓인지 흥미가 담기는지 살펴보아야 할 것 같습니다. 저는 좋은 점과 나쁜 점을 구분해서 나쁜 점 중에서 개선할 수 있는 부분이 어떤 건지 판단하여 개선을 하도록 노력할 것입니다.","wordCount":36}}},"rawDataInfo":{"question":{"fileFormat":"wav","fileSize":353998,"duration":11060,"samplingBit":16,"channelCount":1,"samplingRate":"16kHz","audioPath":"/Mock/01.Management/Female/New/ckmk_q_bm_f_n_171762.wav"},"answer":{"fileFormat":"wav","fileSize":2427598,"duration":75860,"samplingBit":16,"channelCount":1,"samplingRate":"16kHz","audioPath":"/Mock/01.Management/Female/New/ckmk_a_bm_f_n_171762.wav"}}}