{"version":"1.0","dataSet":{"info":{"date":"20230116","occupation":"BM","channel":"MOCK","place":"ONLINE","gender":"FEMALE","ageRange":"35-44","experience":"NEW"},"question":{"raw":{"text":"최근에 가장 흥미있는 일은 어떤 것인가요 그리고 그 일이 왜 흥미로운지도 같이 말씀해 주세요","wordCount":14},"emotion":[],"intent":[]},"answer":{"raw":{"text":"짜투리 시간을 좀 활용하고 싶어서 어 최근에 들어서 틈틈이 배달 아르바이트를 시작을 했습니다. 오토바이로 다니는 건 아니구요. 어 자전거나 걸어서 가는 거를 하고 있는데 좀 운동 겸하면 좋을 것 같다는 생각도 들었었고 운동도 하면서 소소하게 용돈도 벌 수 있는 정도가 될 것 같애서 그냥 퇴근하는 길이나 그리고 휴일에 쉴 때 제가 어디 가면서 그게 뜨면 그냥 잡아서 배달도 하고 이런 식으로 했었는데요. 생각보다 하다 보니까 되게 재밌더라구요. 그 일이 그래서 좀 한동안은 좀 중독처럼 계속 그 일부러 콜을 잡았던 것 같아요. 그래서 되게 오래 다니면서 걷는 일을 하다 보니깐 살도 좀 빠지게 되고 체력적으로도 조금 건강해지더라구요 그래서 어 여러모로 좀 좋은 습관이 될 수 있는 것 같아서 지금 계속 그 일을 진행을 하고 있고 좋은 점은 어쨌든 제가 고정된 시간에 그걸 하는 게 아니라 그냥 시간이 날 때 가서 하면 되는 거라서 꽤 시간 활용도 잘되고 운동도 되고 또 돈도 벌 수 있다는 점에서 계속 꾸준히 배달하는 일을 하고 있습니다. 취미로도 좋은 것 같애요.","wordCount":154},"emotion":[],"intent":[{"text":"","expression":"","category":"attitude"}],"summary":{"text":"최근 짜투리 시간을 활용하기 위해 배달 아르바이트를 시작했습니다. 생각보다 재밌어서 계속 콜을 잡았던 것 같습니다. 오래 다니면서 걷는 일을 하다 보니 살도 빠져 체력적으로도 조금 건강해졌습니다. 고정된 시간에 하는 게 아니라 그냥 시간이 날 때 가서 하면 되는 거라서 시간 활용도 잘되고 운동도 되고 돈 벌기도 좋습니다. 취미로도 좋습니다.","wordCount":49}}},"rawDataInfo":{"question":{"fileFormat":"wav","fileSize":245838,"duration":7680,"samplingBit":16,"channelCount":1,"samplingRate":"16kHz","audioPath":"/Mock/01.Management/Female/New/ckmk_q_bm_f_n_181769.wav"},"answer":{"fileFormat":"wav","fileSize":2916558,"duration":91140,"samplingBit":16,"channelCount":1,"samplingRate":"16kHz","audioPath":"/Mock/01.Management/Female/New/ckmk_a_bm_f_n_181769.wav"}}}