{"version":"1.0","dataSet":{"info":{"date":"20230116","occupation":"BM","channel":"MOCK","place":"ONLINE","gender":"FEMALE","ageRange":"45-54","experience":"NEW"},"question":{"raw":{"text":"지원자는 경영이란 무엇이라고 생각하시나요","wordCount":4},"emotion":[],"intent":[]},"answer":{"raw":{"text":"어 경영이라면 그런 뭐 의민 자체는 어떤 일을 어 계획적으로 혹은 체계적으로 또 운용이나 관리하는 모든 일을 그 뜻하는 거라고 생각을 하구요. 그까 좋은 경영이라면 어 회사에서 뭐 인적 물적 자원을 잘 이용하고 활용하는 거라고 생각합니다. 그래서 어 일단 물적 자원 보다는 인적 자원 어 직원을 귀히 여기고 어 직원의 어떤 복지나 이런 부분을 잘 뒷받침해 줘야 회사에 어떤 그 능률도 오르고 음 발전하는데 더 어 초석이 되지 않을까 싶어서 어 인적 물적 자원 이용을 잘 해야 하면서 그래서 그 인적 자원 직원을 잘 그 관리하고 네 귀히 여겨야 된다 라고 말씀드리고 싶습니다.","wordCount":93},"emotion":[],"intent":[{"text":"","expression":"","category":"attitude"}],"summary":{"text":"좋은 경영이란 회사에서 인적 물적 자원을 잘 이용하고 활용하는 것이라고 생각합니다. 직원 복지를 잘 뒷받침 해 줘야 회사의 능률도 오르고 발전 할 수 있다고 생각합니다.","wordCount":25}}},"rawDataInfo":{"question":{"fileFormat":"wav","fileSize":245838,"duration":7680,"samplingBit":16,"channelCount":1,"samplingRate":"16kHz","audioPath":"/Mock/01.Management/Female/New/ckmk_q_bm_f_n_182163.wav"},"answer":{"fileFormat":"wav","fileSize":2276558,"duration":71140,"samplingBit":16,"channelCount":1,"samplingRate":"16kHz","audioPath":"/Mock/01.Management/Female/New/ckmk_a_bm_f_n_182163.wav"}}}