{"version":"1.0","dataSet":{"info":{"date":"20230116","occupation":"BM","channel":"MOCK","place":"ONLINE","gender":"FEMALE","ageRange":"45-54","experience":"NEW"},"question":{"raw":{"text":"남을 잘 이끄는 리더형과 남을 잘 따르는 팔로워 형 이 두 가지 유형 중에 본인은 어떤 유형인지 그리고 왜 그렇게 생각하시는지에 대해 설명해 주세요","wordCount":24},"emotion":[],"intent":[]},"answer":{"raw":{"text":"어 리더형과 팔로워형 중에서 제가 어떤 유형인지 일단은 그 조직이나 단체에 어느 정도 속해 있었냐 하는 기간에 따라서 저는 좀 달라지는 것 같애서요. 사실 처음에는 좀 나서거나 이런 부분을 어려워하는 성격이라서 어떤 분위기 파악이라든지 이런 부분을 하기 위해서 어 초기에는 좀 팔로워형이구요. 이런 어떤 분위기 파악이 되고 또 사람들과 어떤 친화력이 많이 오른 후에는 리더형으로 바뀌는 것 같습니다. 그래서 딱히 내가 팔로워형이다 리더형이다 이렇게 구분 대 해서 말씀드리기는 좀 어려울 것 같습니다.","wordCount":72},"emotion":[],"intent":[{"text":"","expression":"","category":"attitude"}],"summary":{"text":"조직이나 단체에 어느 정도 속해 있냐에 따라 제가 어떤 유형인지 제가 좀 나서거나 이런 부분을 어려워해서 초기에는 팔로워형이고, 이후에는 리더형으로 바뀌는 것 같습니다.","wordCount":23}}},"rawDataInfo":{"question":{"fileFormat":"wav","fileSize":559758,"duration":17490,"samplingBit":16,"channelCount":1,"samplingRate":"16kHz","audioPath":"/Mock/01.Management/Female/New/ckmk_q_bm_f_n_182166.wav"},"answer":{"fileFormat":"wav","fileSize":1676238,"duration":52380,"samplingBit":16,"channelCount":1,"samplingRate":"16kHz","audioPath":"/Mock/01.Management/Female/New/ckmk_a_bm_f_n_182166.wav"}}}