{"version":"1.0","dataSet":{"info":{"date":"20230116","occupation":"BM","channel":"MOCK","place":"ONLINE","gender":"FEMALE","ageRange":"45-54","experience":"NEW"},"question":{"raw":{"text":"지원자님이 만약 이 면접에서 최종 탈락하신다면 어떤 점이 부족해서 탈락했다고 생각을 하시겠는지요 어 그 점에 대해서 본인의 생각을 말씀해 주시기 바랍니다","wordCount":21},"emotion":[],"intent":[]},"answer":{"raw":{"text":"이 면접에서 제가 최종 탈락한다고 하면 그 이유는 제 나이 때문이 아닐까도 생각해 봅니다. 제가 늦은 나이에 공부를 시작했고 사회생활을 늦게 시작해서 지금 현재 다른 지원자들보다 나이가 좀 많은 편인데요. 그러다 보니 사회생활에 시작할 때 좀 나이 때문에 제한 받는 부분이 있을 수도 있겠다는 생각을 했습니다. 지금 면접 보는 친구들을 주변에 지금 현재 보면 저보다 훨씬 나이가 어린 친구들도 많고 그들의 그런 젊고 패기있는 모습을 회사에서는 좀 더 원하지 않을까 생각합니다. 하지만 여기서 탈락한더라도 저는 열심히 도전하겠습니다.","wordCount":77},"emotion":[],"intent":[{"text":"","expression":"","category":"attitude"}],"summary":{"text":"사회생활을 늦게 시작한 저는 현재 다른 지원자보다 나이가 좀 많습니다. 그래서 사회생활을 시작할 때 나이 때문에 제한 받는 부분이 있을 수 있습니다. 하지만 젊고 패기있는 모습을 보여 회사에서는 더 원할 것 같습니다.","wordCount":32}}},"rawDataInfo":{"question":{"fileFormat":"wav","fileSize":446478,"duration":13950,"samplingBit":16,"channelCount":1,"samplingRate":"16kHz","audioPath":"/Mock/01.Management/Female/New/ckmk_q_bm_f_n_173770.wav"},"answer":{"fileFormat":"wav","fileSize":1517518,"duration":47420,"samplingBit":16,"channelCount":1,"samplingRate":"16kHz","audioPath":"/Mock/01.Management/Female/New/ckmk_a_bm_f_n_173770.wav"}}}