{"version":"1.0","dataSet":{"info":{"date":"20230116","occupation":"BM","channel":"MOCK","place":"ONLINE","gender":"FEMALE","ageRange":"-34","experience":"NEW"},"question":{"raw":{"text":"회사 일을 하다 보면 업무량이 과도하게 많아질 수 있습니다 지원자님께서는 그래도 잘 버틸 자신이 있습니까","wordCount":15},"emotion":[],"intent":[]},"answer":{"raw":{"text":"일을 하다 보면 업무량이 과도하게 많아질 수 있다고 하셨는데요. 그 업무량이 어떤 업무량이 어떻게 늘어나는지는 잘 모르겠지만 직급이나 연차가 높아짐에 따라서 어 책임감과 업무량 그리고 이 두 가지가 함께 높아져 높아지는 것은 당연한 순리 라고 생각을 합니다. 하지만 제가 그 업무량에 너무 치여서 업무적으로 소진이 되거나 아니면 앞으로 일을 해나가는 데 어려움이 있겠다는 생각이 들게 되면 어 그것은 제 선에서 개선할 수 있다면 개선하고 싶은 부분입니다. 그렇게 된다면 위 위에 상사분이나 선배들과 이야기를 나누면서 조정을 해 나가야 할 것이라고 생각이 듭니다. 이 회사라는 것이 각각의 개인이 모여서 만드는 집단이 바로 회사가 회사가 되는 것이기 때문에 각 개인의 행복한 생활을 삶을 사는 것도 회사에게는 중요한 문제 라고 생각이 됩니다.","wordCount":108},"emotion":[],"intent":[{"text":"","expression":"","category":"attitude"}],"summary":{"text":"직급이나 연차가 높아짐에 따라 업무량이 높아지는 것은 당연한 순리이지만 업무적으로 소진되거나 업무를 해 나가는 데 어려움이 있겠다는 생각이 들게 되면 개선하고 싶은 부분입니다. 개인의 행복한 생활을 사는 것도 회사에게는 중요한 문제 라고 생각합니다.","wordCount":33}}},"rawDataInfo":{"question":{"fileFormat":"wav","fileSize":469198,"duration":14660,"samplingBit":16,"channelCount":1,"samplingRate":"16kHz","audioPath":"/Mock/01.Management/Female/New/ckmk_q_bm_f_n_174756.wav"},"answer":{"fileFormat":"wav","fileSize":2195278,"duration":68600,"samplingBit":16,"channelCount":1,"samplingRate":"16kHz","audioPath":"/Mock/01.Management/Female/New/ckmk_a_bm_f_n_174756.wav"}}}