{"version":"1.0","dataSet":{"info":{"date":"20230116","occupation":"BM","channel":"MOCK","place":"ONLINE","gender":"FEMALE","ageRange":"35-44","experience":"NEW"},"question":{"raw":{"text":"지원자분께 질문 하나 하겠습니다 가치 경쟁의 개념이 무엇인지 이것에 대해서 아시는 대로 말씀해 보십시오","wordCount":14},"emotion":[],"intent":[]},"answer":{"raw":{"text":"네 가치 경쟁의 개념 정도는 제가 어 알 수 있을 것 같았거든요. 어 기업이 가격이나 뭐 품질로 경쟁하는 게 아니고 고객한테 그 어떤 가치를 제공하는 지를 어떤 가치를 제공하는 지로 경쟁하는 것을 말하는 걸로 알고 있어요. 그러다 보니까 이게 뭐 이유를 남기거나 이제는 막 명확하게 얼마나 이율로 이제는 보는 게 아니고 그 세일즈가 아닌 그냥 고객의 가치 가치라 하면 지금 예를 들자면 저는 뭐 에스앤에스 같은 거 인스타그램 뭐 요즘 많이 하는 에스앤에스가 좀 그런 것 중의 하나일지 않을까 하는 생각이 듭니다. 왜냐하면 그 에스앤에스를 통해서 물론 이제 광고가 들어와서 수익을 얻긴 하지만 그게 회사 자체에 그런 큰 이득이라기보다는 그게 실제로 우리들이 실제로 그 에스앤에스를 사용하면서 그냥 스스로에게 만족하고 대리 만족하기도 하고 그러거든요. 사진을 찍음으로써 보통 사진으로 다 이게 이제 평가가 되니까 그래서 저는 어 좀 그런 요즘 시대에 그런 게 맞지 않나 생각이 듭니다.","wordCount":135},"emotion":[],"intent":[{"text":"","expression":"","category":"attitude"}],"summary":{"text":"고객의 가치 경쟁의 개념 정도는 알 것 같았는데, 그 세일즈가 아닌 고객의 가치라 하면 에스앤에스를 들 수 있습니다. 광고를 통해 수익을 얻긴 하지만 회사보다는 스스로 만족하기도 하고, 사진을 찍음으로써 평가가 되는 시대인 것 같습니다.","wordCount":34}}},"rawDataInfo":{"question":{"fileFormat":"wav","fileSize":367758,"duration":11490,"samplingBit":16,"channelCount":1,"samplingRate":"16kHz","audioPath":"/Mock/01.Management/Female/New/ckmk_q_bm_f_n_181560.wav"},"answer":{"fileFormat":"wav","fileSize":2630478,"duration":82200,"samplingBit":16,"channelCount":1,"samplingRate":"16kHz","audioPath":"/Mock/01.Management/Female/New/ckmk_a_bm_f_n_181560.wav"}}}