{"version":"1.0","dataSet":{"info":{"date":"20230116","occupation":"BM","channel":"MOCK","place":"ONLINE","gender":"FEMALE","ageRange":"-34","experience":"NEW"},"question":{"raw":{"text":"커뮤니케이션을 잘 할 수 있는 지원자님만의 스킬이 있다면 한 번 소개해 주시겠습니까 한 번 직접 보여주셔도 좋습니다","wordCount":17},"emotion":[],"intent":[]},"answer":{"raw":{"text":"커뮤니케이션을 잘 할 수 있는 저만의 스킬 저는 제 이야기를 할 때 남들의 눈을 먼저 보고 이야기를 하는 것 같습니다. 제가 항상 눈을 잘 쳐다본다 라는 이야기 많이 들었거든요. 사람들의 눈을 보면 마음의 창이라고 할 만큼 눈을 보면서 대화를 하다보면 더 잘 풀리는 것 같습니다. 그래서 저는 애기를 볼 때도 눈을 먼저 보고 어떤 누구와 대화를 할 때도 눈을 보면서 그 사람의 표정과 그 사람의 눈빛을 보고 제가 파악을 하는 편인데요. 그래서 저는 항상 아 너는 참 눈을 잘 쳐다본다. 그리고 진실성이 있다 라는 이야기 많이 들었거든요. 그래서 진심을 전달할 때는 그 사람을 꼭 쳐다보고 자기의 이야기를 하는 게 중요하다고 생각을 해서 제 커뮤니케이션 저만의 스킬이라면 저는 눈을 보고 말하는 게 바로 저의 스킬 중의 하나가 아닐까 라고 생각을 합니다. 그래서 커뮤니케이션 할 때 꼭 타인의 눈을 보면 좋은 것 같습니다.","wordCount":131},"emotion":[],"intent":[{"text":"","expression":"","category":"attitude"}],"summary":{"text":"커뮤니케이션을 잘 할 수 있는 저만의 스킬은 눈을 보고 말하는 것 같습니다. 그 사람의 표정과 눈빛을 보고 파악을 하는 편인데, 진실성이 있다고 생각합니다. 그래서 진심을 전달할 때는 그 사람을 꼭 껴안고 자기의 이야기를 하는 게 중요하다고 생각을 합니다.","wordCount":38}}},"rawDataInfo":{"question":{"fileFormat":"wav","fileSize":479758,"duration":14990,"samplingBit":16,"channelCount":1,"samplingRate":"16kHz","audioPath":"/Mock/01.Management/Female/New/ckmk_q_bm_f_n_175927.wav"},"answer":{"fileFormat":"wav","fileSize":2190798,"duration":68460,"samplingBit":16,"channelCount":1,"samplingRate":"16kHz","audioPath":"/Mock/01.Management/Female/New/ckmk_a_bm_f_n_175927.wav"}}}