{"version":"1.0","dataSet":{"info":{"date":"20230116","occupation":"BM","channel":"MOCK","place":"ONLINE","gender":"FEMALE","ageRange":"-34","experience":"NEW"},"question":{"raw":{"text":"지원자님 본인께서는 팀장에 더 잘 맞을 것 같은 인재인지 혹은 팀원이라고 하는 것에 더 잘 맞을 것 같은 인재상이신지 그 이유와 함께 설명을 해 주신다면 좋을 것 같습니다","wordCount":28},"emotion":[],"intent":[]},"answer":{"raw":{"text":"사실 저는 제가 팀장이 더 잘 맞는 사람이란 걸 알고 있습니다. 저는 일을 신속히 진행하는 데 있어서 굉장히 경험치나 그런 성향이 맞는 편이고 다른 사람들의 감정을 알아채는데 유능한 편입니다. 그래서 저 사람들이 저 사람이 뭐에 불만을 품고 있고 어떤 점이 지금 자유롭지 못하다고 생각하는지 어떤 부분이 나와 의견이 다른지 팀과 의견이 다른지 생각을 해서 그에 맞춰서 일을 분배하는 데 있어서 경험치가 있습니다. 그래서 팀장이 더 잘 맞을 것 같다고 생각합니다.","wordCount":70},"emotion":[],"intent":[{"text":"","expression":"","category":"attitude"}],"summary":{"text":"저는 신속한 일을 진행하는 데 있어서 경험치나 성향이 맞는 편이고 다른 사람들의 감정을 알아차리는데 유능한 팀장이 더 잘 맞는 것 같습니다.","wordCount":21}}},"rawDataInfo":{"question":{"fileFormat":"wav","fileSize":673358,"duration":21040,"samplingBit":16,"channelCount":1,"samplingRate":"16kHz","audioPath":"/Mock/01.Management/Female/New/ckmk_q_bm_f_n_171999.wav"},"answer":{"fileFormat":"wav","fileSize":1424718,"duration":44520,"samplingBit":16,"channelCount":1,"samplingRate":"16kHz","audioPath":"/Mock/01.Management/Female/New/ckmk_a_bm_f_n_171999.wav"}}}