{"version":"1.0","dataSet":{"info":{"date":"20230116","occupation":"BM","channel":"MOCK","place":"ONLINE","gender":"FEMALE","ageRange":"-34","experience":"NEW"},"question":{"raw":{"text":"지원자님의 의견을 주장하실 때 강하게 주장하는 편인가요 어떤 스타일로 자신의 의견을 주장하는지 말씀해 주세요","wordCount":14},"emotion":[],"intent":[]},"answer":{"raw":{"text":"저는 저의 의견을 주장할 때 어 좀 강하게 이야기하기보다는 어 작게 부드럽게 주장하는 편입니다. 음 제가 가장 좋아하는 말 중의 하나가 부드러운 힘이라는 것인데요. 어 저는 정말 부드러움의 힘이 있다고 생각을 합니다. 강한 강하게 주장하는 것은 음 때로는 좋은 효과를 거둘 때도 있지만 어 말하는 사람도 듣는 사람도 어 감정적이 감정적으로 대응하게 되고 음 누군가를 설득하고 또 혹은 설득해야 하고 혹은 정보를 전달해야 하는 입장에서 어 감정적으로 이야기하는 것은 어 모두에게 좋지 않기 때문에 저는 최대한 부드럽게 이야기하는 편입니다. 그리고 저는 어 항상 저의 의견이 받아들여져야 한다고 생각을 하지 않는 사람이기 때문에 어 그러한 마음가짐이 있기 때문에 어 더 부드럽게 이야기하게 되는 것 같습니다.","wordCount":104},"emotion":[],"intent":[{"text":"","expression":"","category":"attitude"}],"summary":{"text":"저는 의견을 주장할 때 작고 부드럽게 주장하는 편입니다. 강하게 주장하는 것은 감정적으로 대응하게 되고 감정적으로 이야기하는 것은 모두에게 좋지 않기 때문에 최대한 부드러운 이야기로 하는 것입니다. 항상 제 의견이 받아들여져야 한다고 생각하지 않기 때문에 더욱 부드럽게 이야기합니다.","wordCount":37}}},"rawDataInfo":{"question":{"fileFormat":"wav","fileSize":337038,"duration":10530,"samplingBit":16,"channelCount":1,"samplingRate":"16kHz","audioPath":"/Mock/01.Management/Female/New/ckmk_q_bm_f_n_190146.wav"},"answer":{"fileFormat":"wav","fileSize":2359758,"duration":73740,"samplingBit":16,"channelCount":1,"samplingRate":"16kHz","audioPath":"/Mock/01.Management/Female/New/ckmk_a_bm_f_n_190146.wav"}}}