{"version":"1.0","dataSet":{"info":{"date":"20230116","occupation":"BM","channel":"MOCK","place":"ONLINE","gender":"FEMALE","ageRange":"-34","experience":"NEW"},"question":{"raw":{"text":"우리가 일을 하다 보면 상사와 트러블이 생길 수도 있습니다 지원자님께서는 어떻게 대처하시겠습니까 그리고 상사가 혼내게 되면 지원자님께서는 기분이 나쁘시지 않을까요","wordCount":20},"emotion":[],"intent":[]},"answer":{"raw":{"text":"어 이 현업에 종사하는 이 경영 업무에 종사하는 사람들은 사람 간의 경험치를 통해서 얻는 게 대부분이라고 생각합니다. 토론이나 화합을 통해 대화를 통해서 어 이 시스템과 시장의 분위기에 적응하는 게 가장 중요하다고 생각하는데 그건 저보다는 제 상사분들이 더 잘하는 일이라고 언제나 그럴 것이라고 생각합니다. 그리고 제가 저만의 가장 좋은 아이디어를 제공할 수도 있지만 회사나 집단이 그걸 받아들이지 않는다면 그거를 관철하려고 노력하기보다는 제가 이 집단에 이 원하는 방향과 목표를 이루기 위해서 최선을 다하는 게 맞다고 생각하기 때문에 어 트러블이 생기고 뭔가 일적으로 문제가 생기는 거 하면 당연히 회사 상사분의 말씀도 수용해야 하는 게 맞고 혼난다 하더라도 감정적으로 상하는 부분을 조금 배제하고 일적으로 그 능력을 업그레이드하기 위해서 더 노력하는 게 맞다고 생각합니다.","wordCount":109},"emotion":[],"intent":[{"text":"","expression":"","category":"attitude"}],"summary":{"text":"경영 업무에 종사하는 사람들은 사람 간의 경험치를 통해서 얻는 게 대부분이라고 생각합니다. 토론이나 화합을 통해 대화를 통해서 시스템과 시장에 적응하는 게 가장 중요하다고 생각하는데 감정적으로 상하는 부분을 조금 배제하고 일적으로 능력을 업그레이드하기 위해서 더 노력하는 게 맞다고 생각합니다.","wordCount":38}}},"rawDataInfo":{"question":{"fileFormat":"wav","fileSize":505678,"duration":15800,"samplingBit":16,"channelCount":1,"samplingRate":"16kHz","audioPath":"/Mock/01.Management/Female/New/ckmk_q_bm_f_n_171851.wav"},"answer":{"fileFormat":"wav","fileSize":2499918,"duration":78120,"samplingBit":16,"channelCount":1,"samplingRate":"16kHz","audioPath":"/Mock/01.Management/Female/New/ckmk_a_bm_f_n_171851.wav"}}}