{"version":"1.0","dataSet":{"info":{"date":"20230116","occupation":"BM","channel":"MOCK","place":"ONLINE","gender":"FEMALE","ageRange":"35-44","experience":"NEW"},"question":{"raw":{"text":"본인이 지금까지 살면서 이룬 성과 중에 가장 큰 성과는 무엇이 있습니까 자랑 한 번 해 주십시오","wordCount":16},"emotion":[],"intent":[]},"answer":{"raw":{"text":"어릴 때부터 집에 형편이 좋지가 않아서 좀 이사를 굉장히 많이 다니는 집이었어요. 제가 기억하지 못하는 어린 시절부터 저의 어떤 청소년기의 마지막까지 거의 일 년에서 아니면 이 년에 한 번씩 이사를 다녔었는데 그때마다 전세에서 또 전세로 가기도 하고 어떤 때는 운이 좋아져서 집을 사서 가기도 했었고 그러다가 다시 집의 사정이 안 좋아지면서 그 집을 팔고 월세로 들어가기도 했었고 굉장히 다양한 상황들을 겪으면서 우리 가족에게 필요한 거는 집이라는 생각이 들었었거든요. 그런데 사실 그런 생각을 제가 어떻게 어릴 때부터 하다 보니까 제가 이십 대에 들어서면서 학업도 해야 하고 사실 등록금 빚도 있고 그리고 아르바이트를 하면서 생활비를 마련하고 그랬을 때부터 좀 아끼는 습관을 많이 가졌고 재테크 공부를 좀 열심히 해서 제가 이제 삼십 대에 들어섰을 때 우리 가족을 위한 집을 샀던 성과를 낸 적이 있습니다.","wordCount":121},"emotion":[],"intent":[{"text":"어릴 때부터 집에 형편이 좋지가 않아서 좀 이사를 굉장히 많이 다니는 집이었어요.","expression":"c_private","category":"background"},{"text":"제가 기억하지 못하는 어린 시절부터 저의 어떤 청소년기의 마지막까지 거의 일 년에서 아니면 이 년에 한 번씩 이사를 다녔었는데   그때마다 전세에서 또 전세로 가기도 하고 어떤 때는 운이 좋아져서 집을 사서 가기도 했었고   그러다가 다시 집의 사정이 안 좋아지면서 그 집을 팔고 월세로 들어가기도 했었고 굉장히 다양한 상황들을 겪으면서   우리 가족에게 필요한 거는 집이라는 생각이 들었었거든요.","expression":"c_private","category":"background"},{"text":"그런데 사실   그런 생각을 제가 어떻게 어릴 때부터 하다 보니까 제가 이십 대에 들어서면서   학업도 해야 하고 사실 등록금 빚도 있고 그리고 아르바이트를 하면서 생활비를 마련하고 그랬을 때부터 좀 아끼는 습관을 많이 가졌고 재테크 공부를 좀 열심히 해서   제가 이제 삼십 대에 들어섰을 때 우리 가족을 위한 집을 샀던 성과를 낸 적이 있습니다.","expression":"c_private","category":"background"}],"summary":{"text":"어릴 적부터 집 형편이 좋지 않아 이사를 많이 다녔는데, 다양한 상황들을 겪으면서 우리 가족에게 필요한 집이라는 생각이 들었었습니다. 그런데 그런 생각을 제가 어릴 때부터 하다 보니, 제가 삼십 대에 들어섰을 때 가족을 위한 집을 샀던 성과를 낸 적이 있습니다.","wordCount":39}}},"rawDataInfo":{"question":{"fileFormat":"wav","fileSize":389518,"duration":12170,"samplingBit":16,"channelCount":1,"samplingRate":"16kHz","audioPath":"/Mock/01.Management/Female/New/ckmk_q_bm_f_n_181768.wav"},"answer":{"fileFormat":"wav","fileSize":2761678,"duration":86300,"samplingBit":16,"channelCount":1,"samplingRate":"16kHz","audioPath":"/Mock/01.Management/Female/New/ckmk_a_bm_f_n_181768.wav"}}}