{"version":"1.0","dataSet":{"info":{"date":"20230116","occupation":"BM","channel":"MOCK","place":"ONLINE","gender":"FEMALE","ageRange":"-34","experience":"NEW"},"question":{"raw":{"text":"중국 시장에서에 시장 점유율 확대 방안에 대해서 여러 가지가 있을 텐데요 확대 방안에 대해서 한번 제시해 주세요","wordCount":17},"emotion":[],"intent":[]},"answer":{"raw":{"text":"요즘 한국은 케이팝이라던지 어 넷플릭스 티빙 웨이브와 같은 오티티를 통해서 한국 문화를 널리 알리고 있다고 생각합니다. 얼마 전까지 오티티 넷플릭스에서 핫하던 오징어 게임이라든지 우영우 드라마 같은 콘텐츠를 이용했을 때 중국 시장을 장악할 수 있다고 생각합니다. 게다가 요즘에 모든 기업들이 오티티나 세계 시장을 향해 나아가려고 하기 때문에 한국에서도 유명한 한국 한국에서도 유명한 한국에서도 이슈를 가지고 있는 것을 파악해서 노리면 중국 시장에 진출하였을 때 성공적으로 시장에 점유할 수 있다고 생각합니다.","wordCount":68},"emotion":[],"intent":[{"text":"","expression":"","category":"attitude"}],"summary":{"text":"최근 한국은 케이팝, 넷플릭스, 오티티 등을 통해 한국 문화를 널리 알리고 있으므로 모든 기업들이 오티티나 세계 시장을 향해 나아가기 때문에 중국 시장에 진출하였을 때 성공적으로 시장에 점유할 수 있다고 생각합니다.","wordCount":30}}},"rawDataInfo":{"question":{"fileFormat":"wav","fileSize":316238,"duration":9880,"samplingBit":16,"channelCount":1,"samplingRate":"16kHz","audioPath":"/Mock/01.Management/Female/New/ckmk_q_bm_f_n_177766.wav"},"answer":{"fileFormat":"wav","fileSize":1576078,"duration":49250,"samplingBit":16,"channelCount":1,"samplingRate":"16kHz","audioPath":"/Mock/01.Management/Female/New/ckmk_a_bm_f_n_177766.wav"}}}