{"version":"1.0","dataSet":{"info":{"date":"20230116","occupation":"BM","channel":"MOCK","place":"ONLINE","gender":"FEMALE","ageRange":"-34","experience":"NEW"},"question":{"raw":{"text":"아 주변 친구들 중에 정말 본받을 만한 친구들도 있을 텐데요 그중에 한 명을 골라서 어 자세하고 구체적으로 칭찬해 주시면 좋겠습니다","wordCount":20},"emotion":[],"intent":[]},"answer":{"raw":{"text":"제 주변 친구들 중에 한 명을 골라서 칭찬을 한다면 저는 제 가장 친한 친구 이야기를 하고 싶습니다. 제 가장 친한 친구는 어떤 누구를 만나도 그 사람의 험담이나 나쁜 이야기를 단 한 번도 들어본 적이 없습니다. 그만큼 항상 좋은 점을 먼저 보려고 하고요. 그리고 남들에게 일단 관심이 크지 않습니다. 크지 않다 보니까 사람의 나쁜 걸 봐도 그냥 넘어가게 되고 그리고 제 의사나 뭐 기분이 안 좋은 일이 있어도 또 그냥 사실 넘어갈 부분이라고 생각을 하고 타인에게 말을 옮기게 되지 않더라구요. 사실 저도 마찬가지긴 한데 그런 부분이 남들에게 사실 단점만 보는 사람도 많고 남들의 험담을 하는 사람이 많은데 그러지 않은 사람을 찾는 게 가장 어렵지 않을까 라고 생각을 해서 저는 그런 부분에서 저도 물론 저도 그런 편이지만 더욱더 아 나도 더욱더 그 그 살아야겠다 그리고 더 좋은 사람이 되기 위해서 노력을 해 봐야겠다 라는 생각이 들었고요. 그리고 타인의 저도 장점을 많이 보는 편이기 때문에 그런 비슷한 점이 저는 가장 좋은 점이라고 생각합니다.","wordCount":150},"emotion":[],"intent":[{"text":"","expression":"","category":"attitude"}],"summary":{"text":"저는 제 가장 친한 친구 이야기를 하고 싶습니다. 그는 어떤 누구를 만나도 그 사람의 험담이나 나쁜 이야기를 들어 본 적이 없습니다. 남들에게 관심이 작아서 남의 나쁜 것을 봐도 그냥 넘어가고 제 의사나 기분 좋은 일이 있어도 그냥 넘어갈 부분이라고 생각하여 타인에게 말을 옮기지 않습니다. 저는 그런 비슷한 점이 가장 좋은 점이라고 생각합니다.","wordCount":52}}},"rawDataInfo":{"question":{"fileFormat":"wav","fileSize":396878,"duration":12400,"samplingBit":16,"channelCount":1,"samplingRate":"16kHz","audioPath":"/Mock/01.Management/Female/New/ckmk_q_bm_f_n_175745.wav"},"answer":{"fileFormat":"wav","fileSize":2460238,"duration":76880,"samplingBit":16,"channelCount":1,"samplingRate":"16kHz","audioPath":"/Mock/01.Management/Female/New/ckmk_a_bm_f_n_175745.wav"}}}