{"version":"1.0","dataSet":{"info":{"date":"20230116","occupation":"BM","channel":"MOCK","place":"ONLINE","gender":"FEMALE","ageRange":"-34","experience":"NEW"},"question":{"raw":{"text":"지원자님은 왜 이 분야에 관심을 가지게 되었고 지원하게 되었는지 관심을 가진 이유와 지원 동기를 말씀해 주세요","wordCount":16},"emotion":[],"intent":[]},"answer":{"raw":{"text":"저는 대학교 때 경영학을 전공을 했습니다. 그리고 경영학을 전공을 하다 보니까 제가 여러 가지 사무 지원 프로그램도 같이 공부를 했는데요. 그러다 보니까 이 분야에 가장 제가 접근하기 쉬웠고 그리고 이 분야에서 제가 일을 한다면 그래도 제가 재미있게 일을 할 수 있겠다라는 생각이 들었습니다. 아무래도 이제 경영학과를 가면서 경영에 대한 공부를 배우다 보니까 그쪽으로 통해져 있는 그런 업무를 해야겠다 라는 생각이 첫 번째로 들었고요. 그리고 그 공부를 하다 보니까 아 사무 지원 관련해서 업무 지원도 쪼끔 배우면 좋겠다라고 해서 확장을 했습니다. 이렇게 이제 대학교 때부터 지금까지 여러 가지를 쌓다 보니까 저한테 이제 적합하게 됐구요. 그리고 막상 회사 입사를 해서 제가 업무를 하다 보니까 또 재미있는 부분이 있었고요. 그리고 저의 적성에도 잘 맞는다고 판단하고 생각을 했기 때문에 이 분야에 제가 지원을 하게 됐습니다. 앞으로 회사 입사한 뒤에도 제가 어 이 분야를 계속해서 담당을 하고 업무를 하게 된다면 저는 문제 없이 일을 처리하고 또 해결할 수 있다고 생각을 하기 때문에 어 회사 입사를 하게 된다면 제가 이 분야에서 쪼끔 더 노력해서 발전된 사람으로 지원을 해 보고 싶습니다.","wordCount":164},"emotion":[{"text":"저는 대학교 때 경영학을 전공을 했습니다.","expression":"u-fact","category":"neutral"}],"intent":[{"text":"저는 대학교 때 경영학을 전공을 했습니다.","expression":"c_private","category":"background"},{"text":"그리고 저의 적성에도 잘 맞는다고 판단하고 생각을 했기 때문에   이 분야에 제가 지원을 하게 됐습니다.","expression":"c_sincere_job","category":"etc"}],"summary":{"text":"저는 대학교 때 경영학을 전공하고 여러 사무 지원 프로그램도 같이 공부하다가 보니 사무 지원 관련 업무를 배우면 좋겠다 해서 확장을 했습니다. 대학교 때부터 지금까지 여러 가지를 쌓다 보니 저한테 적합하게 되었고 회사 입사를 해서 업무를 하다 보니 재미있는 부분이 있고, 적성에도 잘 맞는다고 판단해 이 분야에 지원을 하게 됐습니다.","wordCount":49}}},"rawDataInfo":{"question":{"fileFormat":"wav","fileSize":375118,"duration":11720,"samplingBit":16,"channelCount":1,"samplingRate":"16kHz","audioPath":"/Mock/01.Management/Female/New/ckmk_q_bm_f_n_174347.wav"},"answer":{"fileFormat":"wav","fileSize":2849358,"duration":89040,"samplingBit":16,"channelCount":1,"samplingRate":"16kHz","audioPath":"/Mock/01.Management/Female/New/ckmk_a_bm_f_n_174347.wav"}}}