{"version":"1.0","dataSet":{"info":{"date":"20230116","occupation":"BM","channel":"MOCK","place":"ONLINE","gender":"FEMALE","ageRange":"-34","experience":"NEW"},"question":{"raw":{"text":"지원자님께서는 평상시에 시간이 남을 때 어 어떤 일을 하시나요 그리고 그 일을 하시는 이유는 무엇인지 어 설명해 주시기를 바랍니다","wordCount":19},"emotion":[],"intent":[]},"answer":{"raw":{"text":"저는 주로 시간이 남을 때 고양이에 대한 공부를 합니다. 그 이유는 제가 어 지금 아기 고양기를 키우고 있기 때문인데요. 음 사실 그 고양이를 키우기 전에는 제가 좋아하는 또 다른 대상에 대해서 탐구하고 공부하는 것을 굉장히 즐겨 했습니다. 음 왜인지는 모르겠지만 저는 제가 좋아하는 대상에 대해서 음 누구보다 자세히 알고 싶고 그것에 대해서 더 알아가고 어 애를 통해서 제가 좋아하는 대상에게 더 좋은 것을 해줄 수 있는 어 그런 것들을 굉장히 좋아합니다. 음 지금은 제가 정말 저의 고양일 너무 좋아하기 때문에 최상의 것을 주고 싶다는 마음으로 열심히 탐구하고 또 공부하며 음 약간 어머니의 마음 이런 것들을 알아가고 있습니다.","wordCount":97},"emotion":[{"text":"음 사실 그 고양이를 키우기 전에는 제가 좋아하는 또 다른 대상에 대해서 탐구하고   공부하는 것을 굉장히 즐겨 했습니다.","expression":"p-interest","category":"positive"},{"text":"음 왜인지는 모르겠지만 저는 제가 좋아하는 대상에 대해서   음 누구보다 자세히 알고 싶고 그것에 대해서 더 알아가고 어 애를 통해서 제가 좋아하는 대상에게   더 좋은 것을 해줄 수 있는 어 그런 것들을 굉장히 좋아합니다.","expression":"p-interest","category":"positive"},{"text":"음   지금은 제가 정말 저의 고양일 너무 좋아하기 때문에 최상의 것을 주고 싶다는 마음으로 열심히 탐구하고 또 공부하며 음   약간 어머니의 마음 이런 것들을 알아가고 있습니다.","expression":"p-interest","category":"positive"}],"intent":[{"text":"","expression":"","category":"attitude"}],"summary":{"text":"저는 아기 고양기를 키우고 있기 때문에 시간이 남을 때 고양이에 대한 공부를 합니다. 지금은 제가 좋아하는 대상에 최고의 것을 주고 싶다는 마음으로 열심히 탐구하고 공부하고 어머니의 마음 이런 것들을 알고 있습니다.","wordCount":31}}},"rawDataInfo":{"question":{"fileFormat":"wav","fileSize":474958,"duration":14840,"samplingBit":16,"channelCount":1,"samplingRate":"16kHz","audioPath":"/Mock/01.Management/Female/New/ckmk_q_bm_f_n_190218.wav"},"answer":{"fileFormat":"wav","fileSize":2053198,"duration":64160,"samplingBit":16,"channelCount":1,"samplingRate":"16kHz","audioPath":"/Mock/01.Management/Female/New/ckmk_a_bm_f_n_190218.wav"}}}