{"version":"1.0","dataSet":{"info":{"date":"20230116","occupation":"BM","channel":"MOCK","place":"ONLINE","gender":"FEMALE","ageRange":"-34","experience":"NEW"},"question":{"raw":{"text":"만약 본인이 하고 싶은 일 말고 다른 일을 맡게 되었습니다 그때 어떻게 하실 건가요 그래도 괜찮으신가요","wordCount":16},"emotion":[],"intent":[]},"answer":{"raw":{"text":"네 제가 하고 싶은 직무가 아닌 다른 직무를 맡게 된다면 저는 그래도 굉장히 감사함을 갖고 생활을 할 것 같습니다. 물론 제가 지금 여기서 경영 관련 업무를 맡아 맡게 해주신다면 감사하지만 그것이 안 된다고 하더라도 저는 그 직무에 맞는 일이 있고 그리고 저에게 주어진 일이라면 일단 최선을 다해서 열심히 할 것 같습니다. 제가 이전 회사에서도 제가 원하지 않는 직무이긴 했지만 제가 막상 해보니까 아 그 직무가 나랑 잘 맞다 라는 생각이 많이 들었었고 그리고 회사에서 저에게 책임을 맡긴 일이라면 전 충분히 저에게 맞기 때문에 직무를 주어 줬다고 생각을 합니다. 그래서 저는 그 직무를 행하기 위해서 좀 더 열심히 할 거고 그리고 새로운 것에 도전하는 것을 워낙 좋아하기 때문에 그 도전하는 정신을 갖고 다른 직무에 적응하도록 노력하겠습니다. 그래서 저는 제가 하고 싶지 않은 직무라도 맡겨만 주시면 최선을 다하겠습니다.","wordCount":126},"emotion":[],"intent":[{"text":"","expression":"","category":"attitude"}],"summary":{"text":"저는 경영 관련 업무를 맡지 않더라도 그 직무에 맞는 일이 있고, 주어진 일이라면 최선을 다해서 열심히 할 것 같습니다. 그리고 새로운 것에 도전하는 것을 워낙 좋아하기 때문에 그 정신을 갖고 다른 직무에 적응하도록 노력하겠습니다.","wordCount":34}}},"rawDataInfo":{"question":{"fileFormat":"wav","fileSize":334798,"duration":10460,"samplingBit":16,"channelCount":1,"samplingRate":"16kHz","audioPath":"/Mock/01.Management/Female/New/ckmk_q_bm_f_n_175102.wav"},"answer":{"fileFormat":"wav","fileSize":2260238,"duration":70630,"samplingBit":16,"channelCount":1,"samplingRate":"16kHz","audioPath":"/Mock/01.Management/Female/New/ckmk_a_bm_f_n_175102.wav"}}}