{"version":"1.0","dataSet":{"info":{"date":"20230116","occupation":"BM","channel":"MOCK","place":"ONLINE","gender":"FEMALE","ageRange":"-34","experience":"NEW"},"question":{"raw":{"text":"지원자님께서 가지고 계신 나만의 스트레스 해소법이 있으신지 있으시다고 한다면 왜 그러한 방법으로 스트레스를 해소하려고 하셨는지 이야기해 주실 수 있으실까요","wordCount":19},"emotion":[],"intent":[]},"answer":{"raw":{"text":"저는 저 혼자 시간을 보내는 것을 우선적으로 하고요. 예를 들어서 혼자 산책을 한다든지 아니면 혼자 카페를 간다든지 아니면 혼자 코인 노래방을 간다든지 해서 스트레스를 해소하는 편입니다. 물론 남들과 만나면서 시간을 보내는 것도 굉장히 좋아하지만요. 아무래도 내 혼자만의 시간이 있어야 어느 정도 생각 정리도 되고 그러면서 내 안에 있던 응어리도 절로 풀러지는 그런 것을 경험하게 되었습니다. 그리고 코인 노래방이나 이런 곳에 가면은 아무래도 제가 노래 부르는 것도 좋아하고 그리고 노래를 부르면서 그런 소리가 웅웅거리고 또 소리를 지른다는 거에 대해서 해소감도 있는 것 같고요. 그래서 저는 일단 혼자만의 시간을 보내는데 뭐 혼자서 노래방을 가거나 아니면 혼자서 카페를 가거나 그런 식으로 스트레스를 해소한다 라고 말씀을 드릴 수 있을 것 같습니다.","wordCount":107},"emotion":[],"intent":[{"text":"","expression":"","category":"attitude"}],"summary":{"text":"저는 혼자 시간을 보내는 것을 우선적으로 하며, 혼자 산책을 하거나 혼자 카페를 간다든지 또는 혼자 노래방을 간다든지 해서 스트레스를 해소하는 편입니다. 혼자의 시간이 있으면 생각 정리도 되고 제 안에 있던 응어리도 저절로 풀러지는 것을 경험하게 되었습니다.","wordCount":36}}},"rawDataInfo":{"question":{"fileFormat":"wav","fileSize":664398,"duration":20760,"samplingBit":16,"channelCount":1,"samplingRate":"16kHz","audioPath":"/Mock/01.Management/Female/New/ckmk_q_bm_f_n_169087.wav"},"answer":{"fileFormat":"wav","fileSize":1900238,"duration":59380,"samplingBit":16,"channelCount":1,"samplingRate":"16kHz","audioPath":"/Mock/01.Management/Female/New/ckmk_a_bm_f_n_169087.wav"}}}