{"version":"1.0","dataSet":{"info":{"date":"20230116","occupation":"BM","channel":"MOCK","place":"ONLINE","gender":"FEMALE","ageRange":"-34","experience":"NEW"},"question":{"raw":{"text":"본인이 바라보는 자신의 장단점 말고 어 주변 사람들이 생각하는 어 지원자님의 장점과 단점에 대해서 생각나는 대로 어 설명 부탁드리겠습니다","wordCount":19},"emotion":[],"intent":[]},"answer":{"raw":{"text":"다른 주변 사람들이 생각하는 저의 단점과 장점을 말하자면 우선 제 단점은 제가 주변에서 이야기를 제가 너무 많이 들었던 것 중의 하나가 시작하는 데 굉장히 오래 걸린다 였습니다. 저는 한번 시작을 하면 끝을 봐야 한다는 생각을 해서 시작하는데 굉장히 시간이 오래 걸리다 보니까 남들보다는 조금 느린 편이기도 했고 실제로 천천히 제가 발전해 갔던 것 같습니다. 그래서 제가 시작이 좀 느린 만큼 제 선택에 대해서 후회가 없었고 끝까지 최선을 다하게 됐는데요. 그래서 좀 남들보다는 느리다는 점이 제 단점이라고 생각을 하고요. 제 장점 중의 하나는 저는 성실하다는 점이 장점이라고 생각을 합니다. 제가 회사에 입사해서도 제가 네 시 반까지 출근을 했었는데 가장 빨리 오는 직원이기도 했었고요. 어떤 일을 줬을 때 저는 끝까지 임무를 완수하고 끝을 내곤 했습니다. 그래서 제가 책임감이 의외로 있다 라는 이야기를 주변에서 가장 많이 들었었고 그런 점이 제가 업무를 수행할 때도 아 믿고 맡길 수 있는 사람이다 라고 생각이 많이 들 것 같아서 그런 점이 저의 가장 큰 장점이 아닐까 생각됩니다.","wordCount":150},"emotion":[],"intent":[{"text":"그래서 좀 남들보다는 느리다는 점이 제 단점이라고 생각을 하고요.","expression":"c_person","category":"background"},{"text":"제 장점 중의 하나는 저는 성실하다는 점이 장점이라고 생각을 합니다.","expression":"c_person","category":"background"}],"summary":{"text":"다른 주변 사람들이 생각하는 단점과 장점을 말하자면, 저는 시작을 하는 데 굉장히 오래 걸리기 때문에 남들보다는 조금 느린 편이기도 했고 실제로 천천히 제가 발전해 갔던 것 같습니다. 제 장점 중의 하나는 저는 성실하다는 점이 장점이라고 생각하는데, 회사에 입사해서 가장 빨리 오는 직원이기도 했고 끝까지 임무를 완수했습니다.","wordCount":46}}},"rawDataInfo":{"question":{"fileFormat":"wav","fileSize":526478,"duration":16450,"samplingBit":16,"channelCount":1,"samplingRate":"16kHz","audioPath":"/Mock/01.Management/Female/New/ckmk_q_bm_f_n_176394.wav"},"answer":{"fileFormat":"wav","fileSize":2563918,"duration":80120,"samplingBit":16,"channelCount":1,"samplingRate":"16kHz","audioPath":"/Mock/01.Management/Female/New/ckmk_a_bm_f_n_176394.wav"}}}