{"version":"1.0","dataSet":{"info":{"date":"20230116","occupation":"BM","channel":"MOCK","place":"ONLINE","gender":"FEMALE","ageRange":"-34","experience":"NEW"},"question":{"raw":{"text":"지원자께서 사람들과 협업을 하며 가장 어려웠던 경험이 있었는지 궁금합니다 그리고 어떻게 극복하였는지 함께 설명하여 말씀해 주시길 바랍니다","wordCount":17},"emotion":[],"intent":[]},"answer":{"raw":{"text":"사람들과 협업을 하면서 가장 어려웠던 점은 각자의 생각을 나누고 그것을 조율하는 과정이었습니다. 사람마다 한 가지 질문을 하더라도 그 질문을 받아들이는 어 사고가 다르고 그리고 생각을 생 그 질문에 대한 생각을 하는 것도 다 다르기 때문에 그것을 맞춰가는 것이 가장 어렵다고 생각하고 어 하지만 그런 과정이 잘 수행되었을 때 신뢰가 쌓이고 또 협업이 잘 이루어진다고 생각이 듭니다. 음 저는 대학 시절부터 이렇게 협업을 하면서 그렇게 의견을 조율하고 한 가지 방향으로 모두를 이끌어가는 경험을 많이 해봤기 때문에 앞으로 회사에서 협업할 일이 많이 생긴다고 많이 생길 것이라고 생각이 듭니다. 그때마다 자신 있게 어 자신의 제가 할 수 있는 역할과 그리고 제가 할 수 있는 역할들을 어 확실하게 얘기하고 또 어려워하는 분들이 있으면 그것을 도와줄 수도 있을 거라고 생각이 듭니다.","wordCount":116},"emotion":[],"intent":[{"text":"사람마다 한 가지 질문을 하더라도 그 질문을 받아들이는 어 사고가 다르고   그리고 생각을 생 그 질문에 대한 생각을 하는 것도 다 다르기 때문에 그것을 맞춰가는 것이 가장 어렵다고 생각하고   어 하지만 그런 과정이 잘 수행되었을 때 신뢰가 쌓이고 또 협업이 잘 이루어진다고 생각이 듭니다.","expression":"c_cop","category":"personality"},{"text":"음 저는 대학 시절부터 이렇게 협업을 하면서 그렇게 의견을 조율하고 한 가지 방향으로 모두를 이끌어가는 경험을 많이 해봤기 때문에   앞으로 회사에서 협업할 일이 많이 생긴다고 많이 생길 것이라고 생각이 듭니다.","expression":"c_cop","category":"personality"}],"summary":{"text":"사람과 협업을 하면서 가장 어려웠던 점은 각자의 생각을 나누고 조율하는 과정이었습니다. 그 과정이 잘 수행되었을 때 신뢰가 쌓이고 또 협업이 잘 이루어진다고 생각합니다. 앞으로 회사에서 협업할 일이 많이 생길 것이라고 생각되며, 힘들어하는 분들이 있으면 그것을 도울 수도 있을 것입니다.","wordCount":39}}},"rawDataInfo":{"question":{"fileFormat":"wav","fileSize":512078,"duration":16000,"samplingBit":16,"channelCount":1,"samplingRate":"16kHz","audioPath":"/Mock/01.Management/Female/New/ckmk_q_bm_f_n_170403.wav"},"answer":{"fileFormat":"wav","fileSize":2530638,"duration":79080,"samplingBit":16,"channelCount":1,"samplingRate":"16kHz","audioPath":"/Mock/01.Management/Female/New/ckmk_a_bm_f_n_170403.wav"}}}