{"version":"1.0","dataSet":{"info":{"date":"20230116","occupation":"BM","channel":"MOCK","place":"ONLINE","gender":"FEMALE","ageRange":"45-54","experience":"NEW"},"question":{"raw":{"text":"지원자님이 대학 생활을 하면서 가장 힘들었던 경험이 무엇인가요 그걸 어떻게 극복했는지도 말씀해 주세요","wordCount":13},"emotion":[],"intent":[]},"answer":{"raw":{"text":"대학 생활 하면서 제일 힘들었었던 점은요. 제가 어 그 학업과 일을 좀 병행했었기 때문에 야간 대학을 좀 다녔었습니다. 그랬기 때문에 그 시간적으로 굉장히 좀 어려움이 있었고요. 뭐 잠에도 많이 쫓겼었던 것 같고 어 두 가지 일을 이제 그 사 년 동안 해 내다 보니깐 그런 부분이 많이 어려웠었는데요. 그게 뭐 힘들다 힘들다 하면 사람이 한이 없는 거고 이제 그런 힘들긴 하지만 어 보람을 찾으려고 노력을 했고 그날 그날 그까 뭐 앞서 생각이나 뭐 계획 이런 거는 생각하지 않고 그날 그날 내가 맡은 해야 될 일을 어 하면서 하루 하루 지내다 보니 사 년이 지나갔고 또 예 졸업을 했었던 것 같습니다.","wordCount":100},"emotion":[{"text":"제가 어   그 학업과 일을 좀 병행했었기 때문에 야간 대학을 좀 다녔었습니다.","expression":"u-fact","category":"neutral"}],"intent":[{"text":"제가 어   그 학업과 일을 좀 병행했었기 때문에 야간 대학을 좀 다녔었습니다.","expression":"c_private","category":"background"}],"summary":{"text":"대학 생활 하면서 가장 힘들었던 점은 제가 학업과 일을 병행해서 야간 대학을 좀 다녔기 때문에 시간적으로 굉장히 어려웠고, 잠에 쫓겼으며 두 가지 일을 사 년 동안 해내며 졸업을 했습니다.","wordCount":29}}},"rawDataInfo":{"question":{"fileFormat":"wav","fileSize":445518,"duration":13920,"samplingBit":16,"channelCount":1,"samplingRate":"16kHz","audioPath":"/Mock/01.Management/Female/New/ckmk_q_bm_f_n_182170.wav"},"answer":{"fileFormat":"wav","fileSize":2087758,"duration":65239,"samplingBit":16,"channelCount":1,"samplingRate":"16kHz","audioPath":"/Mock/01.Management/Female/New/ckmk_a_bm_f_n_182170.wav"}}}