{"version":"1.0","dataSet":{"info":{"date":"20230116","occupation":"BM","channel":"MOCK","place":"ONLINE","gender":"FEMALE","ageRange":"35-44","experience":"NEW"},"question":{"raw":{"text":"다른 지원자들과 반해 이제 지원자님만의 가진 차별성 그런 강점을 어필한다면 어떤 것이 있겠습니까","wordCount":13},"emotion":[],"intent":[]},"answer":{"raw":{"text":"저의 장점이라면 단념하지 않는다는 것입니다. 어 평생의 작업으로 내세울 것이 없다는 것은 부끄러운 일입니다. 하지만 저는 절대 지금까지도 단념하지 않았습니다. 내세울 게 없다고 하지만 어 다른 일들을 내세우기 위해 지금까지 꾸준히 노력하고 있습니다. 그리고 나이 먹을수록 제가 성실해진다는 것입니다. 저는 사실 성실한 사람은 아니었습니다. 일은 벌이기만 하고 게으르고 변덕도 아주 많고 싫증도 잘 냅니다. 공부를 잘하는 것도 아닙니다. 아주 못하는 것도 아니구요. 하지만 제가 결혼을 하면서 타인에 의해 참을성이 많이 길러졌습니다. 그리고 제가 나이 사십을 넘어서는 성실한 인간으로 거듭나고 있다는 생각이 듭니다. 그다음에 저는 쓸 데 없는 일을 안 한다는 것입니다. 더러 쓸데없는 짓도 하면서 시간을 죽이고 시간을 버리기도 하였습니다. 그러나 저는 쓸데없는 일을 안다고 하고 싶지 않은 사람이 되었습니다. 그런데 제가 자신을 객관적으로 바라보는 나이가 됐다는 것을 느끼고 있습니다. 어 굳이 이 뭐 나이에 더는 뭐 걱정할 필요도 없다고 저는 생각합니다.","wordCount":132},"emotion":[{"text":"어 평생의 작업으로 내세울 것이 없다는 것은 부끄러운 일입니다.","expression":"n-shame","category":"negative"}],"intent":[{"text":"","expression":"","category":"attitude"}],"summary":{"text":"저는 평생의 작업으로 내세울 것이 없다고 하지만 다른 일들을 내세우기 위해 꾸준히 노력하고 있습니다. 그리고 나이 먹을수록 제가 성실해진다는 것입니다. 저는 성실한 사람은 아니었지만 결혼을 하면서 타인에 의해 참을성이 많이 길러졌습니다. 또 저는 쓸 데 없는 일을 안 하고 있는데 자신을 객관적으로 바라보는 나이가 되었습니다.","wordCount":45}}},"rawDataInfo":{"question":{"fileFormat":"wav","fileSize":405518,"duration":12670,"samplingBit":16,"channelCount":1,"samplingRate":"16kHz","audioPath":"/Mock/01.Management/Female/New/ckmk_q_bm_f_n_178848.wav"},"answer":{"fileFormat":"wav","fileSize":2783438,"duration":86980,"samplingBit":16,"channelCount":1,"samplingRate":"16kHz","audioPath":"/Mock/01.Management/Female/New/ckmk_a_bm_f_n_178848.wav"}}}