{"version":"1.0","dataSet":{"info":{"date":"20230116","occupation":"BM","channel":"MOCK","place":"ONLINE","gender":"FEMALE","ageRange":"-34","experience":"NEW"},"question":{"raw":{"text":"아 일을 하다가 만약에 상사에게 어려운 지시를 받게 되면 어떻게 하시겠는지요 어 또 본인이 그렇게 행동하셔야만 될 그 이유도 함께 말씀해 주시기 바랍니다","wordCount":23},"emotion":[],"intent":[]},"answer":{"raw":{"text":"일을 하다가 보면 사실 상사에게 어려운 지시 저도 예전에 많이 받았었는데요. 그러다 보면 저는 충분히 생각을 해보고 아 그 지시가 합당하다 하면 저는 그 이야기를 들었던 것 같고 그 지시가 아 조금 불합리하다 싶으면 저는 상사께 이야기를 했던 것 같습니다. 그래서 이 이야기에 대해서 서로 대화를 통해서 풀어 봤었고 그리고 그 이야기가 그 이야기 끝에 상사 이야기가 맞다 라는 생각이 들면 저는 또 이야기 그 이야기를 존중하고 지시를 들었던 것 같은데요. 근데 사실 거의 업무를 수행할 때 그렇게까지 어려운 지시를 내리기는 사실 별로 없다고 생각을 해서 웬만하면 어려운 지시를 잘 들을 것 같고 또 저 또한 뭐 저도 남들이 봤을 때 좀 어렵다 아니다 싶은 이야기를 제가 또 꺼낼 때가 있을 것 같아요. 그때는 또 조율을 해서 이를 수행해야 될 것 같습니다.","wordCount":122},"emotion":[],"intent":[{"text":"하면 저는 그 이야기를 들었던 것 같고 그 지시가 아 조금 불합리하다 싶으면 저는 상사께 이야기를 했던 것 같습니다.","expression":"c_adp","category":"personality"},{"text":"그래서 이 이야기에 대해서 서로 대화를 통해서   풀어 봤었고 그리고 그 이야기가 그 이야기 끝에 상사 이야기가 맞다 라는 생각이 들면 저는 또 이야기 그 이야기를 존중하고   지시를 들었던 것 같은데요.","expression":"c_adp","category":"personality"}],"summary":{"text":"일을 하다 보면 상사에게 어려운 지시를 많이 받았는데, 그 지시가 합당하다면 그것을 들었던 것 같고, 불합리하다면 상사께 이야기를 했습니다. 서로 이야기를 통해서 그 이야기를 존중하고 지시를 들었습니다. 그런데 업무 수행 시 그렇게 어려운 지시를 내리는 것은 거의 없다고 생각합니다.","wordCount":39}}},"rawDataInfo":{"question":{"fileFormat":"wav","fileSize":494798,"duration":15460,"samplingBit":16,"channelCount":1,"samplingRate":"16kHz","audioPath":"/Mock/01.Management/Female/New/ckmk_q_bm_f_n_176212.wav"},"answer":{"fileFormat":"wav","fileSize":2289358,"duration":71540,"samplingBit":16,"channelCount":1,"samplingRate":"16kHz","audioPath":"/Mock/01.Management/Female/New/ckmk_a_bm_f_n_176212.wav"}}}