{"version":"1.0","dataSet":{"info":{"date":"20230116","occupation":"BM","channel":"MOCK","place":"ONLINE","gender":"FEMALE","ageRange":"-34","experience":"NEW"},"question":{"raw":{"text":"이전 직장을 그만둔 특별한 이유가 있으신가요 그리고 현 직장도 이와 같은 이유로 그만둘 가능성이 있으신가요","wordCount":15},"emotion":[],"intent":[]},"answer":{"raw":{"text":"이전 직장을 그만둔 이유는 이전 직장에서 배운 것을 토대로 더 큰 분야에서 일을 해보고 싶어서 입니다. 이전 직장은 어 규모가 작은 직장이어서 아무래도 회사 규모에 맞는 프로젝트만 진행하는 경우가 많았습니다. 그래서 작은 소규모의 프로젝트를 진행하였고 그러다보니 매일 반복되거나 아니면은 크게 발전이 없는 프로젝트를 하는 경우가 많았습니다. 그래서 제가 지금까지 배운 것을 토대로 더 다양하고 큰 분야를 많이 경험해보고 도전해보고 싶다는 생각을 했습니다. 그렇기 때문에 지금 이 회사로 어 지원을 하게 된 것이고 그리고 이 회사에서도 같은 이유로 그만둘 가능성이 있다 라고 물으신다면 음 지금은 일단 없다 라고 생각합니다. 왜냐하면 이 회사의 규모는 제가 생각하기에 매우 크기 때문에 이 회사에서 많은 것을 배우고 또한 제가 그 능력을 발휘하는 데는 많은 시간과 그리고 기회가 필요할 것이라고 생각합니다. 그러므로 현 직장도 같은 이유로 그만둘 가능성은 거의 없다 라고 말씀드릴 수 있겠습니다.","wordCount":128},"emotion":[{"text":"그래서 제가 지금까지 배운 것을 토대로 더 다양하고 큰 분야를 많이 경험해보고 도전해보고 싶다는 생각을 했습니다.","expression":"p-interest","category":"positive"}],"intent":[{"text":"","expression":"","category":"attitude"}],"summary":{"text":"이전 직장은 작은 회사 규모에 맞는 프로젝트만 진행하는 경우가 많아 매일 반복되거나 크게 발전이 없는 프로젝트를 하는 경우가 많았습니다. 그래서 지금 이 회사로 지원을 하게 된 것이고 지금 당장 그만둘 가능성은 없습니다. 회사 규모가 매우 크기 때문에 그 능력을 발휘하는 데는 많은 시간과 기회가 필요할 것입니다.","wordCount":46}}},"rawDataInfo":{"question":{"fileFormat":"wav","fileSize":411278,"duration":12850,"samplingBit":16,"channelCount":1,"samplingRate":"16kHz","audioPath":"/Mock/01.Management/Female/New/ckmk_q_bm_f_n_182664.wav"},"answer":{"fileFormat":"wav","fileSize":2609998,"duration":81560,"samplingBit":16,"channelCount":1,"samplingRate":"16kHz","audioPath":"/Mock/01.Management/Female/New/ckmk_a_bm_f_n_182664.wav"}}}