{"version":"1.0","dataSet":{"info":{"date":"20230116","occupation":"BM","channel":"MOCK","place":"ONLINE","gender":"FEMALE","ageRange":"-34","experience":"NEW"},"question":{"raw":{"text":"본인 스스로 생각하는 성격상 장점과 단점에 대해서 각각 말씀해 주시길 바랍니다 구체적인 예시를 들어서 말씀해 주셔도 좋을 것 같습니다","wordCount":19},"emotion":[],"intent":[]},"answer":{"raw":{"text":"저의 경우에는 어 제 성격상 장점과 단점은 우선 장점은 어 이러한 일에 대해서 심각한 일이라면 오래 생각하지 않고 그것을 떨쳐 버릴 수 있는 힘이 있고 그런 성격을 가진 것이 장점이라고 생각합니다. 음 회사에서 일을 하다 보면 저도 예기치 않게 기분이 상하는 일을 마주할 수도 있고 또 함께 일하는 동료 직원들과의 관계에서 힘들 때도 있을 것이라고 분명히 생각을 합니다. 그런 상황에서 그 거기에서 느낀 감정과 기분을 제 일에 투영 시키지 않고 해나갈 수 있다는 것이 제 장점인 것 같고요. 단점은 제가 사람들과 함께 일을 할 때 그 감정이 오래 가지는 않지만 그것이 어 완전히 숨겨지지는 않기 때문에 그렇게 행동이나 말투 그리고 표정에 그 감정이 드러나게 되면 상대방이 불편할 수 있을 것이라는 생각을 합니다. 이 부분은 제가 노력해서 개선을 해 나가도록 하겠습니다.","wordCount":120},"emotion":[],"intent":[{"text":"저의 경우에는 어 제 성격상 장점과 단점은 우선 장점은 어 이러한 일에 대해서 심각한 일이라면 오래 생각하지 않고 그것을 떨쳐 버릴 수 있는 힘이 있고 그런 성격을 가진 것이 장점이라고 생각합니다.","expression":"c_person","category":"background"},{"text":"그런 상황에서 그 거기에서 느낀 감정과 기분을 제 일에 투영 시키지 않고 해나갈 수 있다는 것이 제 장점인 것 같고요.","expression":"c_person","category":"background"},{"text":"단점은 제가 사람들과 함께 일을 할 때 그 감정이 오래 가지는 않지만 그것이 어 완전히 숨겨지지는 않기 때문에 그렇게 행동이나 말투 그리고 표정에 그 감정이 드러나게 되면 상대방이 불편할 수 있을 것이라는 생각을 합니다.","expression":"c_person","category":"background"}],"summary":{"text":"저는 성격상 장점으로 이러한 일에 대해 심각한 일이라면 오래 생각하지 않고 그것을 떨쳐 버릴 수 있는 힘이 있고, 단점은 감정이 완전히 숨겨지지 않기 때문에 상대방이 불편할 수 있을 것이라는 생각을 합니다. 이 부분은 제가 노력해서 개선하도록 하겠습니다.","wordCount":37}}},"rawDataInfo":{"question":{"fileFormat":"wav","fileSize":517198,"duration":16160,"samplingBit":16,"channelCount":1,"samplingRate":"16kHz","audioPath":"/Mock/01.Management/Female/New/ckmk_q_bm_f_n_174753.wav"},"answer":{"fileFormat":"wav","fileSize":2469198,"duration":77160,"samplingBit":16,"channelCount":1,"samplingRate":"16kHz","audioPath":"/Mock/01.Management/Female/New/ckmk_a_bm_f_n_174753.wav"}}}