{"version":"1.0","dataSet":{"info":{"date":"20230116","occupation":"BM","channel":"MOCK","place":"ONLINE","gender":"FEMALE","ageRange":"-34","experience":"NEW"},"question":{"raw":{"text":"삼성전자외 현재 많은 대기업들이 해외로 공장을 이전하고 있습니다 지원자님은 대기업들이 해외로 공장을 이전하는 것에 대해서 찬성하시는지 아니면 반대하시는지 생각을 말씀해 주세요","wordCount":21},"emotion":[],"intent":[]},"answer":{"raw":{"text":"현재 많은 대기업들이 해외로 공장을 이전하고 있다고 하셨는데요. 저는 이렇게 이전하는 이유의 가장 큰 부분은 인건비라고 생각을 합니다. 인건비를 아껴서 제 생각에는 이 기업이 소비자에게 전달되는 그 제품의 단가를 낮추고 싶은 것이 아닌가 라는 생각을 합니다. 그런데 저는 이 부분에 대해서 반대하는 입장은 아닙니다. 왜냐하면 그런 제품의 단가 단가가 기업의 가장 큰 경쟁력이라고 생각하고 기업은 소비자들에게 경쟁력을 경쟁력이 있음을 어필했을 때 더 어 성공적으로 경영을 해나갈 수 있다고 생각하기 때문에 그런 부분에서 해외로 공장에 이전한다는 것은 찬성이구요. 본사가 한국에 있다면 해외로 공장이 해외로 공장을 이전한다고 해도 어 무관 무방할 것 같습니다. 그리고 일하는 직원들이 한 번씩 해외로 일을 나가서 파견해 나가서 견문도 넓히고 또 개인 역량도 발전시킬 수 있는 기회도 된다고 생각합니다.","wordCount":112},"emotion":[],"intent":[{"text":"저는 이렇게 이전하는 이유의 가장 큰 부분은 인건비라고 생각을 합니다.","expression":"m_critical","category":"attitude"},{"text":"인건비를 아껴서 제 생각에는 이 기업이 소비자에게 전달되는 그 제품의 단가를 낮추고 싶은 것이 아닌가 라는 생각을 합니다.","expression":"m_critical","category":"attitude"},{"text":"왜냐하면 그런 제품의 단가 단가가 기업의 가장 큰 경쟁력이라고 생각하고 기업은 소비자들에게 경쟁력을 경쟁력이 있음을 어필했을 때 더 어 성공적으로 경영을 해나갈 수 있다고 생각하기 때문에 그런 부분에서 해외로 공장에 이전한다는 것은 찬성이구요.","expression":"m_critical","category":"attitude"}],"summary":{"text":"현재 많은 대기업들이 해외로 공장을 이전하고 있다고 하셨는데 인건비를 아끼기 위해서 라고 생각합니다. 그런데 이 부분에 대해서 반대하는 입장은 아닙니다. 제품의 단가가 기업의 가장 큰 경쟁력이라고 생각하고 소비자들에게 경쟁력 있음을 어필했을 때 성공적인 경영을 해나갈 수 있다고 생각하기 때문입니다.","wordCount":39}}},"rawDataInfo":{"question":{"fileFormat":"wav","fileSize":586318,"duration":18320,"samplingBit":16,"channelCount":1,"samplingRate":"16kHz","audioPath":"/Mock/01.Management/Female/New/ckmk_q_bm_f_n_174973.wav"},"answer":{"fileFormat":"wav","fileSize":2503758,"duration":78240,"samplingBit":16,"channelCount":1,"samplingRate":"16kHz","audioPath":"/Mock/01.Management/Female/New/ckmk_a_bm_f_n_174973.wav"}}}