{"version":"1.0","dataSet":{"info":{"date":"20230116","occupation":"BM","channel":"MOCK","place":"ONLINE","gender":"FEMALE","ageRange":"-34","experience":"NEW"},"question":{"raw":{"text":"일을 하게 되면 자료를 문서화해야 할 일이 많습니다 지원자님은 이런 문서화 작업이 왜 필요하다고 생각하시는지 말씀 부탁드립니다","wordCount":17},"emotion":[],"intent":[]},"answer":{"raw":{"text":"문서와 작업은 어느 기업에서든지 필수라고 생각합니다. 왜냐하면 사람은 기계가 아니기 때문에 당연히 잊어버릴 수도 있고 까먹을 수도 있고 그거를 기억해 내지 못할 수가 있습니다. 그렇기 때문에 그 기억들을 다 문서를 통해서 저장을 해 놔야지 다음 사람이 왔을 때 아니면 다른 프로젝트를 진행을 할 때 그 문서를 보면서 다시 진행을 하기 때문이라고 생각합니다.","wordCount":52},"emotion":[],"intent":[{"text":"","expression":"","category":"attitude"}],"summary":{"text":"문서와 작업은 사람이 아니라서 기억하지 못할 수도 있기 때문에 기업에서는 문서와 작업을 필수로 해야 합니다. 문서에는 기억들이 저장되어 있어야 합니다.","wordCount":20}}},"rawDataInfo":{"question":{"fileFormat":"wav","fileSize":612558,"duration":19140,"samplingBit":16,"channelCount":1,"samplingRate":"16kHz","audioPath":"/Mock/01.Management/Female/New/ckmk_q_bm_f_n_177772.wav"},"answer":{"fileFormat":"wav","fileSize":1045198,"duration":32659,"samplingBit":16,"channelCount":1,"samplingRate":"16kHz","audioPath":"/Mock/01.Management/Female/New/ckmk_a_bm_f_n_177772.wav"}}}