{"version":"1.0","dataSet":{"info":{"date":"20230116","occupation":"BM","channel":"MOCK","place":"ONLINE","gender":"FEMALE","ageRange":"45-54","experience":"NEW"},"question":{"raw":{"text":"아 응시자님께서 보고서나 문서 작성을 하는 경우 그 실수를 방지하기 위해서 어떤 노력이 좀 필요하다고 생각하십니까","wordCount":16},"emotion":[],"intent":[]},"answer":{"raw":{"text":"어 문서나 보고서 작성 시 실수를 하지 않으려면 어 일단 뭐 보고 또 보고 그런 검수의 절차가 필요할 것 같은데요. 그런데 사실은 검수를 해도 이걸 집중력 있게 보지 않으면 어 예전에도 보면 실수하는 사람은 계속 실수를 하더라구요. 그렇기 때문에 내가 작성 후에 보기도 하지만 좀 저장을 계속적으로 하고 이거를 보고서를 올리거나 이제 제출을 해야 될 때 다시 한 번 좀 시간을 두고 어느 정도 쉬다가 다시 한 번 검수를 한 후에 어 제출을 해야 된다고 생각합니다. 계속적으로 보고 또 보고 하는 경우에는 그 실수한 부분을 잘 찾지 못하기 때문에 어 좀 한 번 검수하고 덮어 놨다가 어느 정도 후에 다시 한 번 검수해서 제출을 해야 된다고 생각합니다.","wordCount":107},"emotion":[],"intent":[{"text":"","expression":"","category":"attitude"}],"summary":{"text":"문서나 보고서 작성 시 실수하지 않으려면 검수 절차가 필요할 것 같은데, 집중력 있게 보지 않으면 실수하는 사람이 계속 실수를 합니다. 따라서 저장을 계속적으로 하고 보고서를 올리거나 제출을 해야 될 때 다시 한 번 검수를 한 후 제출해야 합니다.","wordCount":38}}},"rawDataInfo":{"question":{"fileFormat":"wav","fileSize":597198,"duration":18660,"samplingBit":16,"channelCount":1,"samplingRate":"16kHz","audioPath":"/Mock/01.Management/Female/New/ckmk_q_bm_f_n_175014.wav"},"answer":{"fileFormat":"wav","fileSize":2101838,"duration":65680,"samplingBit":16,"channelCount":1,"samplingRate":"16kHz","audioPath":"/Mock/01.Management/Female/New/ckmk_a_bm_f_n_175014.wav"}}}