{"version":"1.0","dataSet":{"info":{"date":"20230116","occupation":"BM","channel":"MOCK","place":"ONLINE","gender":"FEMALE","ageRange":"55-","experience":"NEW"},"question":{"raw":{"text":"글로벌 인재에게 필요한 필수 요소는 무엇이라고 생각하십니까 지원자님께서는 그것을 위해 어떠한 노력을 해 오셨습니까","wordCount":14},"emotion":[],"intent":[]},"answer":{"raw":{"text":"글로벌 인재에게 필수인 것은 무엇보다 언어이겠죠. 어 그 우선은 영어가 지금은 공통어이고 물론 파파고나 여러 가지 앱이 있어서 전 뭐 의사소통하는 데 큰 문제는 없을지 모르지만 어 본인이 아 하는 업무나 본인의 그 전공 분야를 에 대해서는 어 의사소통 하는데 아무 문제가 없어야 될 것이고요. 그 저는 어 오래전부터 영어 공부를 꾸준히 해왔 해왔습니다. 저희가 만약 저의 주어진 업무에 대해서는 그 업무에 대한 언어나 언어 소통 기법이나 어 그런 걸 충분히 인지할 수 있도록 노력할 것이고요. 그 또한 글로벌 인재는 그 언어뿐만 아니라 다방면에 대한 지식과 상식과 그리고 어 어 어떤 상대방한테 어 한국이나 한국인으로서의 매력도 어필할 수 있는 능력도 필요하다고 생각합니다. 그래서 많은 음 독서나 많은 그 정보를 찾아서 어 글로벌 인재로서 다른 나라에 에 인재들과 뒤지지 않도록 어 꾸준히 공부하고 어 열심히 어 책을 읽고 어 여 언어 공부도 열심히 하는 것이 무엇보다 필요하다고 생각합니다.","wordCount":137},"emotion":[],"intent":[{"text":"","expression":"","category":"attitude"}],"summary":{"text":"글로벌 인재에게 필수인 것은 무엇보다 언어입니다. 제가 영어 공부를 꾸준히 해온 것처럼 주어진 업무에 대해 언어나 언어 소통 기법이나 그런 걸 충분히 인지할 수 있도록 노력할 것입니다. 또 글로벌 인재는 언어뿐만 아니라 다방면에 대한 지식과 상식, 그리고 상대방에게 한국이나 한국인으로서의 매력도 어필할 수 있는 능력도 필요하다고 생각합니다.","wordCount":47}}},"rawDataInfo":{"question":{"fileFormat":"wav","fileSize":450638,"duration":14080,"samplingBit":16,"channelCount":1,"samplingRate":"16kHz","audioPath":"/Mock/01.Management/Female/New/ckmk_q_bm_f_n_174217.wav"},"answer":{"fileFormat":"wav","fileSize":2759758,"duration":86240,"samplingBit":16,"channelCount":1,"samplingRate":"16kHz","audioPath":"/Mock/01.Management/Female/New/ckmk_a_bm_f_n_174217.wav"}}}