{"version":"1.0","dataSet":{"info":{"date":"20230116","occupation":"BM","channel":"MOCK","place":"ONLINE","gender":"FEMALE","ageRange":"-34","experience":"NEW"},"question":{"raw":{"text":"같은 상품이고 조건이 다 같은데 다른 지점에서 상품 가격을 낮춘다면 어떻게 하실 겁니까","wordCount":13},"emotion":[],"intent":[]},"answer":{"raw":{"text":"만약 같은 상품이고 조건이 다 같은데 다른 지점에서 상품 가격을 낮춰 판매하고 있다면 일단 사실 확인부터 제대로 할 것입니다. 왜 상품을 같은 조건인데 다른 가격으로 맞 낮춰서 판매하고 있는지 다른 지점에 그 이유와 설명을 듣고 그 이후에 정확한 판단을 할 예정입니다. 왜냐하면 그 지점에서 어떤 프로모션을 진행하거나 또는 어떤 상황이 저희와 다른 상황이 있을 수 있기 때문에 그런 것들을 미리 파악하여 오해를 하지 않도록 노력하겠습니다. 그리고 만약에 그 이유가 타당하다면 아마 그 판매 가격을 인정할 것이고 만약에 그 이유가 타당하지 않다면 판매가 그렇게 이루어지는 것에 대한 어 일단 그 지점과 상의가 필요할 것으로 생각합니다. 왜냐하면 손님들이 다른 지점과 가격을 비교하고 그 가격에 대해서 의문점을 가지고 오해할 수 있기 때문에 그런 오해의 소지를 미리 방지하기 위해서 다른 지점과 함께 그 사항에 대해 자세히 설명하고 협의하겠습니다.","wordCount":124},"emotion":[],"intent":[{"text":"","expression":"","category":"attitude"}],"summary":{"text":"같은 상품인데 조건이 같은 조건인데 다른 지점에서 상품 가격을 낮춰 판매하고 있다면 사실 확인부터 제대로 하여 정확한 판단을 할 예정입니다. 그 이유가 타당하지 않다면 판매 가격을 인정할 것이고 그렇지 않다면 그 지점과 상의가 필요할 것으로 생각합니다.","wordCount":36}}},"rawDataInfo":{"question":{"fileFormat":"wav","fileSize":327758,"duration":10240,"samplingBit":16,"channelCount":1,"samplingRate":"16kHz","audioPath":"/Mock/01.Management/Female/New/ckmk_q_bm_f_n_182663.wav"},"answer":{"fileFormat":"wav","fileSize":2545998,"duration":79560,"samplingBit":16,"channelCount":1,"samplingRate":"16kHz","audioPath":"/Mock/01.Management/Female/New/ckmk_a_bm_f_n_182663.wav"}}}