{"version":"1.0","dataSet":{"info":{"date":"20230116","occupation":"BM","channel":"MOCK","place":"ONLINE","gender":"FEMALE","ageRange":"45-54","experience":"NEW"},"question":{"raw":{"text":"지원자님이 역사 속에서 가장 존경하는 인물을 한 명 말씀해 주세요 그리고 그 인물을 왜 존경하는지 그 이유에 대해서도 같이 설명 부탁드릴게요","wordCount":21},"emotion":[],"intent":[]},"answer":{"raw":{"text":"아 제가 역사 속에서 가장 존경하는 인물은 이순신 장군이라고 말씀드리겠습니다. 그러니까 얼마 전 영화를 보면서도 이제 뭐 국뽕이라고 하나요. 많이 자랑스럽고 지금 가슴 뭉클했었는데요. 그 한산을 보고. 어 존경하는 이유는 물론 정말 세계적인 그 장군이기도 하시구요. 어떤 거북선이나 이런 부분도 그냥 있는 부분 그 배를 가지고 해군으로서 그 일만 할 수 있는데 또 새로운 것에 어 귀찮고 힘들지만 그런 걸 개발하는데 또 앞장스셨고 어 그 난중일기를 읽어 보면 어떤 그 인생 자체가 사실 굉장히 좀 어려운 일들이 많은 분이었습니다. 그렇지만 그것에 굴하지 않고 계속적으로 노력하고 살아온 삶이 어 그 여러 가지 뭐 전쟁을 잘 해서 뿐만이 아니라 생활 자체가 존경스러운 점이 많아서 존경합니다.","wordCount":103},"emotion":[{"text":"아 제가 역사 속에서 가장 존경하는 인물은 이순신 장군이라고 말씀드리겠습니다.","expression":"p-affection","category":"positive"},{"text":"그렇지만 그것에 굴하지 않고   계속적으로 노력하고 살아온 삶이 어 그 여러 가지 뭐 전쟁을 잘 해서 뿐만이 아니라 생활 자체가   존경스러운 점이 많아서 존경합니다.","expression":"p-affection","category":"positive"}],"intent":[{"text":"","expression":"","category":"attitude"}],"summary":{"text":"역사 속에서 가장 존경하는 인물은 이순신 장군입니다. 이순신 장군은 굉장히 어려운 일들이 많은 분이었지만 그에 굴하지 않고 계속적으로 노력하고 살아온 삶이 존경스럽습니다.","wordCount":22}}},"rawDataInfo":{"question":{"fileFormat":"wav","fileSize":422478,"duration":13200,"samplingBit":16,"channelCount":1,"samplingRate":"16kHz","audioPath":"/Mock/01.Management/Female/New/ckmk_q_bm_f_n_175363.wav"},"answer":{"fileFormat":"wav","fileSize":2416078,"duration":75500,"samplingBit":16,"channelCount":1,"samplingRate":"16kHz","audioPath":"/Mock/01.Management/Female/New/ckmk_a_bm_f_n_175363.wav"}}}