{"version":"1.0","dataSet":{"info":{"date":"20230116","occupation":"BM","channel":"MOCK","place":"ONLINE","gender":"FEMALE","ageRange":"-34","experience":"NEW"},"question":{"raw":{"text":"지금까지 협업을 하면서 가장 어려웠던 부분과 그 부분을 어떻게 해결하셨는지 궁금한데요 어 구체적으로 사례를 들어서 말씀을 해 주시기 바랍니다","wordCount":19},"emotion":[],"intent":[]},"answer":{"raw":{"text":"협업을 하면서 가장 어려웠던 것은 음 팀원들과 함께 소통하고 신뢰를 쌓아가는 과정입니다. 다 서로 다른 사람이 모여 있으면 한마디 말을 해도 서로 다르게 받아들이고 또 생각하기 마련입니다. 그렇기 때문에 협업을 하면서 가장 중요한 것은 그 사람이 어떤 사람인지를 파악하고 또 어떤 형태로 제가 말하는 어 말하는 말을 잘 받아들이는지를 어 아는 것이 중요하다고 생각합니다. 그렇기 때문에 저는 협업을 할 때 그 사람을 먼저 알아가려고 노력하는 편입니다. 일 대 일로 많은 대화를 나누려고 하고 그리고 친밀감에 쌓여 쌓일 수 있도록 다양한 이벤트 그리고 만남을 주선을 하는 편입니다. 그런 과정을 통해서 신뢰가 쌓였을 때 어 협업을 하는 과정에서 줄어드는 아 마찰도 훨씬 줄일 수 있고 또 좋은 분위기에서 팀워크를 발휘하면서 협업할 수 있었습니다.","wordCount":111},"emotion":[],"intent":[{"text":"그렇기 때문에 협업을 하면서 가장 중요한 것은 그 사람이 어떤 사람인지를 파악하고 또 어떤 형태로 제가 말하는 어 말하는 말을 잘 받아들이는지를 어 아는 것이 중요하다고 생각합니다.","expression":"c_cop","category":"personality"}],"summary":{"text":"협업을 하면서 가장 어려웠던 것은 팀원들과 함께 소통하고 신뢰를 쌓아가는 과정입니다. 협업을 할 때 가장 중요한 것은 그 사람을 먼저 알아가는 것이고, 다양한 이벤트 그리고 만남을 주선하는 등의 노력을 통해서 마찰도 줄이고 좋은 분위기에서 팀워크를 발휘하면서 협업할 수 있었습니다.","wordCount":39}}},"rawDataInfo":{"question":{"fileFormat":"wav","fileSize":435278,"duration":13600,"samplingBit":16,"channelCount":1,"samplingRate":"16kHz","audioPath":"/Mock/01.Management/Female/New/ckmk_q_bm_f_n_178061.wav"},"answer":{"fileFormat":"wav","fileSize":2166478,"duration":67700,"samplingBit":16,"channelCount":1,"samplingRate":"16kHz","audioPath":"/Mock/01.Management/Female/New/ckmk_a_bm_f_n_178061.wav"}}}