{"version":"1.0","dataSet":{"info":{"date":"20230116","occupation":"BM","channel":"MOCK","place":"ONLINE","gender":"FEMALE","ageRange":"45-54","experience":"NEW"},"question":{"raw":{"text":"기차가 운행 시에 산사태로 삼십 분 동안 정차되었습니다 만약 지원자가 관리 책임자라면 이 상황을 어떻게 조치하실 건가요","wordCount":17},"emotion":[],"intent":[]},"answer":{"raw":{"text":"아 기차 운행하는 어떤 관리 책임이 있는데 그 삼십 분 동안 정차가 되었다면 그 기차를 모두 이제 통솔하고 관리하는 사람이기 때문에 제일 중요한 건 어 직원과 또 고객들의 어 안전인 것 같습니다. 그러니까 안전을 위해서 어떤 조치를 빠르게 취해야 될 것 같고요. 그 이후에는 이제 안전은 기본이고 어 빨리 이제 정상화 운유 운영이 되도록 그 노력을 해야 되고 그러기 위해서는 뭐 그 제반적인 어떤 회사의 그런 그 규범 규칙이 있을 것 같습니다. 그 기준에 맞추운 그런 업무 매뉴얼대로 처리를 해 나갈 것 같습니다.","wordCount":83},"emotion":[],"intent":[{"text":"","expression":"","category":"attitude"}],"summary":{"text":"기차의 관리 책임자는 직원과 고객의 안전이 중요하므로 조치를 빠르게 취하고 빨리 정상화 운영을 하도록 노력해야 합니다. 이를 위해 회사의 규범 규칙에 맞춘 업무 매뉴얼대로 처리합니다.","wordCount":25}}},"rawDataInfo":{"question":{"fileFormat":"wav","fileSize":608078,"duration":19000,"samplingBit":16,"channelCount":1,"samplingRate":"16kHz","audioPath":"/Mock/01.Management/Female/New/ckmk_q_bm_f_n_182172.wav"},"answer":{"fileFormat":"wav","fileSize":1747278,"duration":54600,"samplingBit":16,"channelCount":1,"samplingRate":"16kHz","audioPath":"/Mock/01.Management/Female/New/ckmk_a_bm_f_n_182172.wav"}}}