{"version":"1.0","dataSet":{"info":{"date":"20230116","occupation":"BM","channel":"MOCK","place":"ONLINE","gender":"FEMALE","ageRange":"45-54","experience":"NEW"},"question":{"raw":{"text":"지원자님께서는 팀장의 업무가 더 잘 맞을 것 같은지 아니면 팀원에 더 잘 맞을 것 같은지 두 개 중 어떤 것이 더 잘 맞을 것 같은지 이유와 함께 설명해 주세요","wordCount":29},"emotion":[],"intent":[]},"answer":{"raw":{"text":"어 사실은 저는 요건 팀장인지 팀원인지에 대해서는 좀 어 애매 한 것 같습니다. 어 저는 이제 조직이나 고 단체 안에서 처음에는 좀 그 분위기 파악 적응 이런 부분이 적응하는 시간이 걸리다 보니 처음부터 뭐 그 팀을 주도하거나 리더의 역할은 좀 많이 버거운 편인데 그 분위기에 익숙하고 적응이 되고 나면 어 사람들과 이 친화적이 되고 나면 이제 고 때는 리더인 팀장의 역할이 잘 맞기도 하구요. 어 근데 꼭 두 가지 중에서 더 잘 맞을 것 같다는 걸 정해야 된다면 어 뭐 팀원이 더 맞지 않나 싶습니다. 어 팀장에 바로 밑에서 그 일반 팀원보다는 리더격인 팀원이라고 해야 할까요. 어 그 서포터를 잘 해주는 또 밑에 직원들을 어 좀 다 아울러서 팀장이 더 편할 수 있게 하는 그런 어 부분이 저한테 잘 맞을 것 같습니다.","wordCount":122},"emotion":[],"intent":[{"text":"","expression":"","category":"attitude"}],"summary":{"text":"팀장인지 팀원인지에 대해서는 애매합니다. 조직이나 단체에 처음부터 리더의 역할은 버거운 편인데, 분위기에 익숙하고 적응이 되고 나면 리더인 팀장의 역할이 잘 맞기도 합니다. 근데 꼭 그렇게 정해야 한다면 팀원이 더 잘 맞을 것 같습니다.","wordCount":33}}},"rawDataInfo":{"question":{"fileFormat":"wav","fileSize":550478,"duration":17200,"samplingBit":16,"channelCount":1,"samplingRate":"16kHz","audioPath":"/Mock/01.Management/Female/New/ckmk_q_bm_f_n_178464.wav"},"answer":{"fileFormat":"wav","fileSize":2506958,"duration":78340,"samplingBit":16,"channelCount":1,"samplingRate":"16kHz","audioPath":"/Mock/01.Management/Female/New/ckmk_a_bm_f_n_178464.wav"}}}