{"version":"1.0","dataSet":{"info":{"date":"20230116","occupation":"BM","channel":"MOCK","place":"ONLINE","gender":"FEMALE","ageRange":"55-","experience":"NEW"},"question":{"raw":{"text":"전략적인 경영을 위한 신사업 아이디어가 있으시면 말씀해 주시겠습니까","wordCount":8},"emotion":[],"intent":[]},"answer":{"raw":{"text":"요즘 어 해외여행에 대한 관심이 많아지고요. 어 코로나로 인해서 삼 년 간 해외를 못 갔기 때문에 많은 사람들이 해외여행을 가고 싶어 합니다. 그러나 패키지 여행은 어 너무 제한되어 있고 많은 경험을 쌓을 수가 없기 때문에 없고 어 그러나 자유 여행은 어 여러 가지 그 비용적인 면이나 어 뭐 그 관광에 진행에 있어서 어려운 점이 많이 있습니다. 저는 그 두 가지를 합해서 어 아 아 좋은 그 소규모 여행사라도 어 그 여행자들의 수요와 수요에 맞춰서 음 가장 합리적인 스케줄과 합리적인 비용과 어 최대한의 그 어 즐거움을 주기 위한 아 작은 여행사를 한번 해보고 싶습니다. 그래서 사람들에게 최소한의 어 물론 많은 이익을 준 어 얻는 것도 중요하지만 어 그 많은 사람들의 그 여행의 욕구를 충족시켜 주고 그것에 대해서 만족감을 얻는다면 어 어 저 여 운영을 하는 입장에서도 무척 보람이 있을 것 같다고 생각됩니다.","wordCount":131},"emotion":[],"intent":[{"text":"","expression":"","category":"attitude"}],"summary":{"text":"요즘 해외여행에 대한 관심이 많아지며, 패키지 여행과 자유 여행은 비용과 관광 진행에 어려움이 많습니다. 여행자들의 수요에 맞춰 최대한의 즐거움을 줄 수 있는 작은 여행사를 해보고 싶습니다.","wordCount":26}}},"rawDataInfo":{"question":{"fileFormat":"wav","fileSize":281678,"duration":8800,"samplingBit":16,"channelCount":1,"samplingRate":"16kHz","audioPath":"/Mock/01.Management/Female/New/ckmk_q_bm_f_n_174215.wav"},"answer":{"fileFormat":"wav","fileSize":2574158,"duration":80440,"samplingBit":16,"channelCount":1,"samplingRate":"16kHz","audioPath":"/Mock/01.Management/Female/New/ckmk_a_bm_f_n_174215.wav"}}}