{"version":"1.0","dataSet":{"info":{"date":"20230116","occupation":"BM","channel":"MOCK","place":"ONLINE","gender":"FEMALE","ageRange":"-34","experience":"NEW"},"question":{"raw":{"text":"본인의 스트레스의 해소법이 있다면 말씀해 주시고 왜 그런 방법으로 스트레스를 해소하는지도 말씀해 주세요","wordCount":13},"emotion":[],"intent":[]},"answer":{"raw":{"text":"어 제가 자칭 헤비 콘텐츠 소비러라고 합니다. 그만큼 다양한 분야의 콘텐츠를 소비하는데 대표적으로는 드라마나 영화도 좋아하고 미술관 같 미술관에 가서 전시를 보는 것도 좋아합니다. 제가 현재 경험하고 있는 일상과 동떨어질 수 있는 것들을 정말 좋아하는데 예를 들면 미술관에 가면 한 시간이 넘는 시간 동안 아무하고도 말을 안 할 수도 있고 그렇지만 잘 정돈되고 새로운 환경에서 좋은 의미를 전달하는 작품을 볼 수 있습니다. 그게 뭔가 뇌를 청소하는 느낌이 들게 했고 드라마 같은 경우에도 어 일상이라는 한 쪽에 세계가 있다면 드라마는 아무리 일상적인 소재를 다루고 있더라도 어 굉장히 판타지적이고 많은 것들을 정제한 것이기 때문에 그 균형을 맞추는 데 도움이 됩니다.","wordCount":98},"emotion":[],"intent":[{"text":"","expression":"","category":"attitude"}],"summary":{"text":"헤비 콘텐츠 소비러라 불리는 저는 다양한 분야의 콘텐츠를 소비합니다. 드라마나 영화, 미술관 전시, 일상과 동떨어질 수 있는 것들을 좋아합니다. 일상 소재의 드라마나 영화는 판타지적이고 많은 것들을 정제했기에 균형을 맞출 수 있습니다.","wordCount":31}}},"rawDataInfo":{"question":{"fileFormat":"wav","fileSize":262478,"duration":8200,"samplingBit":16,"channelCount":1,"samplingRate":"16kHz","audioPath":"/Mock/01.Management/Female/New/ckmk_q_bm_f_n_171757.wav"},"answer":{"fileFormat":"wav","fileSize":2871758,"duration":89740,"samplingBit":16,"channelCount":1,"samplingRate":"16kHz","audioPath":"/Mock/01.Management/Female/New/ckmk_a_bm_f_n_171757.wav"}}}