{"version":"1.0","dataSet":{"info":{"date":"20230116","occupation":"BM","channel":"MOCK","place":"ONLINE","gender":"FEMALE","ageRange":"45-54","experience":"NEW"},"question":{"raw":{"text":"문서를 작업할 때 실수나 오탈자 등을 방지하기 위한 자신만의 노하우나 비결이 있습니까","wordCount":12},"emotion":[],"intent":[]},"answer":{"raw":{"text":"어 저는 그까 비결이라는 게 그 실수나 오탈자를 방지하기 위해서는 보고 또 보고 검수하는 것 밖에는 없다고 생각합니다. 그런데 사실 여러 번 검수를 하더라도 뭐 실수를 하는 사람들은 계속 하기 때문에 이 실수 자체도 버릇인 것 같구요. 그래서 문서 작업을 한 번 하고 이제 그 검수를 하고 계속해서 여러 번 똑같은 걸 본다고 하면 이게 눈에 익어서 그 실수나 오탈자를 찾을 수 없더라구요. 그래서 일단 보고 좀 덮어 두었다가 다른 일을 하거나 잠시 휴식을 취하고 다시 한 번 검수를 하고 어 그리고 제출을 하는 게 저의 비결이라고 말씀드릴 수 있습니다.","wordCount":90},"emotion":[],"intent":[{"text":"","expression":"","category":"attitude"}],"summary":{"text":"문서 작업에서 실수나 오탈자를 방지하기 위해서는 일단 보고 좀 덮어 두었다가 다른 일을 하거나 휴식을 취하고 다시 한 번 검수를 하는 게 제 비결입니다.","wordCount":24}}},"rawDataInfo":{"question":{"fileFormat":"wav","fileSize":327758,"duration":10240,"samplingBit":16,"channelCount":1,"samplingRate":"16kHz","audioPath":"/Mock/01.Management/Female/New/ckmk_q_bm_f_n_175272.wav"},"answer":{"fileFormat":"wav","fileSize":1850318,"duration":57820,"samplingBit":16,"channelCount":1,"samplingRate":"16kHz","audioPath":"/Mock/01.Management/Female/New/ckmk_a_bm_f_n_175272.wav"}}}