{"version":"1.0","dataSet":{"info":{"date":"20230116","occupation":"BM","channel":"MOCK","place":"ONLINE","gender":"FEMALE","ageRange":"-34","experience":"NEW"},"question":{"raw":{"text":"평소에 검색을 자주 하시는 편인가요 어떤 검색을 주로 하시는지 왜 하시는지 말씀해 주세요","wordCount":13},"emotion":[],"intent":[]},"answer":{"raw":{"text":"저는 궁금한 것이 생길 때 네이버 지식인을 많이 이용하는데요. 어 주로 맛집이나 아니면 제가 음 데이트를 할 때 어떤 장소에 가면 좋을지 이런 것들을 검색하는 편입니다. 어 네이버 검색을 통해서 어떤 사람들이 어 얼마나 그 장소를 찾는지 그리고 왜 그 장소를 찾는지를 중점적으로 보아서 평가가 좋은 식당이나 장소를 찾아가는 편입니다. 그렇게 했을 때 제가 맛있는 걸 먹고 또 어 좋은 기억을 쌓은 경험이 많아서 검색을 주로 이용해서 그런 활동을 하는 것 같구요. 앞으로도 그렇게 활용을 할 것 같습니다.","wordCount":78},"emotion":[],"intent":[{"text":"","expression":"","category":"attitude"}],"summary":{"text":"저는 궁금한 것이 생길 때 네이버 지식인을 많이 이용합니다. 네이버 검색을 통해서 평가가 좋은 식당이나 장소를 찾아 검색을 하게 되며 이런 활동을 계속 할 것 같습니다.","wordCount":26}}},"rawDataInfo":{"question":{"fileFormat":"wav","fileSize":311758,"duration":9740,"samplingBit":16,"channelCount":1,"samplingRate":"16kHz","audioPath":"/Mock/01.Management/Female/New/ckmk_q_bm_f_n_174975.wav"},"answer":{"fileFormat":"wav","fileSize":1765838,"duration":55180,"samplingBit":16,"channelCount":1,"samplingRate":"16kHz","audioPath":"/Mock/01.Management/Female/New/ckmk_a_bm_f_n_174975.wav"}}}