{"version":"1.0","dataSet":{"info":{"date":"20230116","occupation":"BM","channel":"MOCK","place":"ONLINE","gender":"FEMALE","ageRange":"-34","experience":"NEW"},"question":{"raw":{"text":"커뮤니케이션을 잘 할 수 있는 본인만의 스킬이 있나요 한번 소개해 주실 수 있을까요 가능하면 직접 보여주셔도 좋을 것 같습니다","wordCount":19},"emotion":[],"intent":[]},"answer":{"raw":{"text":"커뮤니케이션에서 잘 할 수 있으려면 저는 경청이 가장 중요하다고 생각합니다. 제가 하고 싶은 말을 하기보다는 상대방의 말에 귀 기울일 줄 알아야 합니다. 상대방이 말을 하면 아 정말 하면서 그 말을 해주고 말의 끝 말 끝에 대한 대답을 해주거나 아니면 말에 말에 듣고 있는 중심 문장 중 중심 단어를 캐치하여 다시 되묻는 방법으로 커뮤니케이션을 해 나갑니다. 또한 웃으면서 커뮤니케이션을 하는 것도 중요합니다. 비웃음이 이라던가 큰 웃음이 아니라 은은한 미소를 지으면서 대화를 하는 것이 커뮤니케이션에서는 중요합니다. 상대방에게 내가 긍정적으로 듣고 있다는 사인을 만들어 주어야 상대방도 자신의 의견을 말할 수 있기 때문입니다. 또한 나 듣기만 한다면 상대방에 상대방은 혼자만 말한다는 느낌을 가질 수 있습니다. 따라서 자 내 의견을 명확하게 간결하게 말하는 연습도 필요합니다. 너무 빠르게 말하는 것도 중요하지 않습니다. 좀 천천히 말하면 상대방이 제 말에 더 집중을 할 수 있게 만들어 줍니다.","wordCount":129},"emotion":[],"intent":[{"text":"","expression":"","category":"attitude"}],"summary":{"text":"커뮤니케이션에서 잘 할 수 있으려면 경청이 가장 중요하다고 생각합니다. 상대방이 말을 하면 대답을 해주거나 중심 단어를 캐치하여 다시 되묻는 방법으로 커뮤니케이션을 해 나갑니다. 또 웃으면서 커뮤니케이션을 하는 것도 중요합니다.","wordCount":29}}},"rawDataInfo":{"question":{"fileFormat":"wav","fileSize":574158,"duration":17940,"samplingBit":16,"channelCount":1,"samplingRate":"16kHz","audioPath":"/Mock/01.Management/Female/New/ckmk_q_bm_f_n_181176.wav"},"answer":{"fileFormat":"wav","fileSize":2601678,"duration":81300,"samplingBit":16,"channelCount":1,"samplingRate":"16kHz","audioPath":"/Mock/01.Management/Female/New/ckmk_a_bm_f_n_181176.wav"}}}