{"version":"1.0","dataSet":{"info":{"date":"20230116","occupation":"BM","channel":"MOCK","place":"ONLINE","gender":"FEMALE","ageRange":"45-54","experience":"NEW"},"question":{"raw":{"text":"지원자님께서는 평소에 검색을 자주 하시는 편이신가요 만약 자주 하신다면 어떤 검색을 주로 하시는지 궁금합니다 그리고 왜 하시는지도 궁금합니다 말씀해 주시기 바랍니다","wordCount":21},"emotion":[],"intent":[]},"answer":{"raw":{"text":"어 검색은 여러 가지 검색을 많이 하긴 하는데요. 어 주로 하는 검색을 질문 해주셨는데 저는 주로 하는 건 이제 맞출법에 관련된 부분을 많이 검색하는 것 같습니다. 왜냐하면 제가 다시 말하면 문자를 받거나 어떤 에스엔에스를 볼 때 음 맞춤법이 틀린 그런 사람들은 어 다시 한 번 보게 되고 어 뭔가 좀 바보 같다거나 좀 그런 모습으로 비춰지기 때문에 저는 그렇게 보이기 싫어서 맞춤법이 요즘은 많이 변화되고 있다 보니 어 그런 부분을 좀 검색해서 정확하게 문자를 보내거나 뭐 에스엔에스 올리거나 하기 위해서 예 그런 검색을 주로 하는 것 같습니다.","wordCount":87},"emotion":[],"intent":[{"text":"","expression":"","category":"attitude"}],"summary":{"text":"저는 맞춤법이 틀린 사람들을 다시 보게 되는 것을 방지하기 위해 맞추고자 하는 검색을 주로 합니다. 이는 문자를 받거나 소셜미디어를 볼 때 맞춤법 오류를 보는 것을 방지하기 위해서 입니다.","wordCount":28}}},"rawDataInfo":{"question":{"fileFormat":"wav","fileSize":544078,"duration":17000,"samplingBit":16,"channelCount":1,"samplingRate":"16kHz","audioPath":"/Mock/01.Management/Female/New/ckmk_q_bm_f_n_173653.wav"},"answer":{"fileFormat":"wav","fileSize":1907278,"duration":59600,"samplingBit":16,"channelCount":1,"samplingRate":"16kHz","audioPath":"/Mock/01.Management/Female/New/ckmk_a_bm_f_n_173653.wav"}}}