{"version":"1.0","dataSet":{"info":{"date":"20230116","occupation":"BM","channel":"MOCK","place":"ONLINE","gender":"FEMALE","ageRange":"-34","experience":"NEW"},"question":{"raw":{"text":"어 우리 회사에 들어오시게 된다면 어 가장 가고 싶은 부서와 왜 그렇게 생각하셨는지 이유도 함께 말씀해 주세요","wordCount":17},"emotion":[],"intent":[]},"answer":{"raw":{"text":"제가 가장 입사하고 싶은 부서는 어 경영 지원팀 아 제작 지원팀입니다. 음 제가 짧지만 방송국에서 조연출 생활을 하였었을 때 음 제작 지원 팀에 계신 분과 면밀히 소통하는 일이 많았고 또 그분의 업무를 어 옆에서 지켜볼 수 있는 기회가 있었습니다. 음 일단 피디 분들과 계속해서 소통을 하며 음 제작에 직접적인 도움을 줄 수 있다는 것이 어 가장 가장 마음에 들었고 또 그러면서도 사실 굉장히 안정적인 일이라 음 안정성과 또 미디어 콘텐츠에 관심이 많은 저에게는 가장 적합한 부서라고 생각을 했습니다.","wordCount":78},"emotion":[],"intent":[{"text":"","expression":"","category":"attitude"}],"summary":{"text":"경영 지원팀과 제작 지원팀은 미디어 콘텐츠에 관심이 많은 저에게 적합한 부서라 생각합니다. 제작 지원팀과의 소통은 제작의 직접적 도움을 줄 수 있고 안정적이기 때문입니다.","wordCount":23}}},"rawDataInfo":{"question":{"fileFormat":"wav","fileSize":425678,"duration":13300,"samplingBit":16,"channelCount":1,"samplingRate":"16kHz","audioPath":"/Mock/01.Management/Female/New/ckmk_q_bm_f_n_184909.wav"},"answer":{"fileFormat":"wav","fileSize":2074958,"duration":64840,"samplingBit":16,"channelCount":1,"samplingRate":"16kHz","audioPath":"/Mock/01.Management/Female/New/ckmk_a_bm_f_n_184909.wav"}}}