{"version":"1.0","dataSet":{"info":{"date":"20230116","occupation":"BM","channel":"MOCK","place":"ONLINE","gender":"FEMALE","ageRange":"55-","experience":"NEW"},"question":{"raw":{"text":"사람들과 협업을 하며 가장 어려웠던 점이 있다면 무엇이었나요 그리고 또 그 문제를 어떻게 극복했는지도 말씀해 주세요","wordCount":16},"emotion":[],"intent":[]},"answer":{"raw":{"text":"사람들과 협업을 할 때 가장 어려운 점은 서로의 생각과 의견과 가치관이 다를 때입니다. 그 협업의 목적에 맞는 어 목표를 잘 설정하여 제가 양보할 것은 양보하고 다른 사람을 설득할 수 있는 것은 설득할 하도록 어 열심히 어 노력해 보겠습니다. 어 협업에서는 가장 원하는 결과를 도출해 내는 것이 중요하고 하므로 어 서로의 의사소통을 원활히 하고 많은 의견을 주고받으면서 가장 합리적이고 어 성과가 높은 결과를 도출해 내도록 어 끊임없이 설득하고 아 이야기하며 시간을 같이 보내고 보내겠습니다. 어 사람 마음을 의사소통에서 가장 중요한 것은 아 서로의 배려와 배려와 상대방의 마음도 어 헤아려주면서 음 서로 음 합의점을 도출해 나가는 것이 중요한 일이라고 생각하고 어 최대한 많은 시간과 노력을 할애하겠습니다.","wordCount":104},"emotion":[],"intent":[{"text":"그 협업의 목적에 맞는 어 목표를 잘 설정하여 제가 양보할 것은 양보하고 다른 사람을 설득할 수 있는 것은 설득할 하도록 어 열심히 어 노력해 보겠습니다.","expression":"c_cop","category":"personality"},{"text":"어 협업에서는 가장 원하는 결과를 도출해 내는 것이 중요하고 하므로 어 서로의 의사소통을 원활히 하고 많은 의견을 주고받으면서 가장 합리적이고 어 성과가 높은 결과를 도출해 내도록 어 끊임없이 설득하고 아 이야기하며 시간을 같이 보내고 보내겠습니다.","expression":"c_cop","category":"personality"},{"text":"어 사람 마음을 의사소통에서 가장 중요한 것은 아 서로의 배려와 배려와 상대방의 마음도 어 헤아려주면서 음 서로 음 합의점을 도출해 나가는 것이 중요한 일이라고 생각하고 어 최대한 많은 시간과 노력을 할애하겠습니다.","expression":"c_cop","category":"personality"}],"summary":{"text":"사람과 협업할 때 가장 어려운 점은 서로의 생각과 의견, 가치관이 다를 때입니다. 협업에서는 원하는 결과를 도출하는 것이 중요하므로 의사소통을 원활히 하고 많은 의견을 주고받으며 설득하고 이야기하며 시간을 같이 보내겠습니다.","wordCount":29}}},"rawDataInfo":{"question":{"fileFormat":"wav","fileSize":480078,"duration":15000,"samplingBit":16,"channelCount":1,"samplingRate":"16kHz","audioPath":"/Mock/01.Management/Female/New/ckmk_q_bm_f_n_174213.wav"},"answer":{"fileFormat":"wav","fileSize":2485518,"duration":77670,"samplingBit":16,"channelCount":1,"samplingRate":"16kHz","audioPath":"/Mock/01.Management/Female/New/ckmk_a_bm_f_n_174213.wav"}}}