{"version":"1.0","dataSet":{"info":{"date":"20230116","occupation":"BM","channel":"MOCK","place":"ONLINE","gender":"FEMALE","ageRange":"-34","experience":"NEW"},"question":{"raw":{"text":"어 만약 지원자님이 직무에 맞지 않는 일을 하게 된다면 어떻게 하시겠는지요 어 그래도 그 돈과 직무에 맞지 않는 일을 맡게 되신다 해도 어 괜찮으실까요","wordCount":24},"emotion":[],"intent":[]},"answer":{"raw":{"text":"저는 직무가 저와 맞지 않아도 그래도 노력은 해볼 것이라고 생각합니다. 왜냐하면 어른들이 하시는 이야기 중에 먹고 싶은 것만 먹을 수는 없지 않냐 라고 많이 하시는 이야기를 들었습니다. 어른들이 하시는 이야기처럼 하고 싶은 것만 하면서 살아가기에는 세상에서 경험해야 할 것이 굉장히 많다고 생각하기 때문입니다. 맞지 않는 일이라도 제가 그 속에서 좋은 경험을 할 수도 있고 또 정말 그 직무는 맞지 않는다고 정확하게 한 번 더 생각할 수 있는 경험이 된다고 생각합니다.","wordCount":70},"emotion":[],"intent":[{"text":"","expression":"","category":"attitude"}],"summary":{"text":"어른들의 이야기 처럼 하고 싶은 것만 하며 살아가기에는 세상에는 경험해야 할 것이 많기 때문에, 저는 직무가 맞지 않아도 노력은 해볼 것이라고 생각합니다.","wordCount":22}}},"rawDataInfo":{"question":{"fileFormat":"wav","fileSize":525518,"duration":16420,"samplingBit":16,"channelCount":1,"samplingRate":"16kHz","audioPath":"/Mock/01.Management/Female/New/ckmk_q_bm_f_n_177764.wav"},"answer":{"fileFormat":"wav","fileSize":1314958,"duration":41090,"samplingBit":16,"channelCount":1,"samplingRate":"16kHz","audioPath":"/Mock/01.Management/Female/New/ckmk_a_bm_f_n_177764.wav"}}}