{"version":"1.0","dataSet":{"info":{"date":"20230116","occupation":"BM","channel":"MOCK","place":"ONLINE","gender":"FEMALE","ageRange":"35-44","experience":"NEW"},"question":{"raw":{"text":"개인적으로 학습을 어떻게 하시는지 말씀해 주세요 강의 혹은 책을 활용한 공부를 말씀해 주셔도 좋습니다","wordCount":14},"emotion":[],"intent":[]},"answer":{"raw":{"text":"일반적으로 대부분의 사람이 집중할 수 있는 시간은 이십 오 분에서 삼십 분이라고 합니다. 보통의 강의는 한 시간을 기준으로 하는 경우가 많은데요. 한 시간의 강의 중에 삼십 분 정도만 집숭할 수 있고 이 시간이 지나면 집중도가 현저히 떨어진다는 것입니다. 어 저희 공부 방법은 첫째로 집중력 집중력을 지속하기 위해서 휴식 시간을 갖는 것입니다. 오 분 정도의 휴식을 취하는 것만으로도 집중력을 크게 향상시켜 줄 수 있습니다. 두 번째로는 강의가 끝난 직후 바로 복습하는 것입니다. 어떤 것을 암기해야 한다면 공부를 끝내기 전 마지막에 다시 한 번 암기를 시도합니다. 이러한 공부 습관은 암기력을 크게 향상시켜 줄 수 있다고 합니다. 공부 시간에도 마무리가 필요한 것 같습니다. 저는 이렇게 두 가지 방법으로 공부하고 있습니다.","wordCount":107},"emotion":[],"intent":[{"text":"","expression":"","category":"attitude"}],"summary":{"text":"집중력을 지속하기 위해서 휴식 시간을 갖는 것이고, 강의가 끝난 직후 바로 복습하는 것입니다. 이러한 공부 습관은 암기력을 크게 향상시켜 줄 수 있습니다.","wordCount":22}}},"rawDataInfo":{"question":{"fileFormat":"wav","fileSize":340238,"duration":10630,"samplingBit":16,"channelCount":1,"samplingRate":"16kHz","audioPath":"/Mock/01.Management/Female/New/ckmk_q_bm_f_n_190154.wav"},"answer":{"fileFormat":"wav","fileSize":1816398,"duration":56760,"samplingBit":16,"channelCount":1,"samplingRate":"16kHz","audioPath":"/Mock/01.Management/Female/New/ckmk_a_bm_f_n_190154.wav"}}}