{"version":"1.0","dataSet":{"info":{"date":"20230116","occupation":"BM","channel":"MOCK","place":"ONLINE","gender":"FEMALE","ageRange":"-34","experience":"NEW"},"question":{"raw":{"text":"지원자님은 본인의 한계를 극복하여 어려운 목표를 달성한 경험이 있나요 있다면 어떠한 경험이었는지 말씀해 주실 수 있나요","wordCount":16},"emotion":[],"intent":[]},"answer":{"raw":{"text":"어 저는 현재 재직 중인 회사에서 사원으로 그냥 근무를 하고 있지만 어 저희 팀 저희 과장님의 업무를 어 나눠서 함께 진행을 해 보았는데요. 어 마케팅 회사와 협업을 해서 어 저희 회사의 마케팅 전략을 다시 세우고 또 실제로 홍보물을 다시 제작하는 프로젝트를 맡았습니다. 음 과장님을 대신해서 마케팅 업체와 연락을 하면 연락을 하며 프로젝트를 진행하였고 어 그 과정에서 제가 직접 정리한 자료들과 또 제가 만든 번역본 등이 굉장히 유용하게 쓰였다는 피드백을 받을 수 있었습니다. 그 그것을 통해서 정부 지원 프로젝트를 따낼 수 있었고 또 마케팅 마케팅 업체와 협업해서 만든 홍보물도 어 굉장히 만족스럽게 나와서 어 제 스스로 굉장히 뿌듯했던 경험이 있습니다.","wordCount":99},"emotion":[{"text":"어 마케팅 회사와 협업을 해서 어 저희 회사의 마케팅 전략을 다시 세우고   또 실제로 홍보물을 다시 제작하는 프로젝트를 맡았습니다.","expression":"u-fact","category":"neutral"},{"text":"그 그것을 통해서   정부 지원 프로젝트를 따낼 수 있었고 또 마케팅 마케팅 업체와 협업해서 만든 홍보물도   어 굉장히 만족스럽게 나와서 어 제 스스로 굉장히 뿌듯했던 경험이 있습니다.","expression":"p-achievement","category":"positive"}],"intent":[{"text":"어 마케팅 회사와 협업을 해서 어 저희 회사의 마케팅 전략을 다시 세우고   또 실제로 홍보물을 다시 제작하는 프로젝트를 맡았습니다.","expression":"c_private","category":"background"}],"summary":{"text":"저는 현재 재직 중인 회사에서 사원으로 근무하고 있지만 마케팅 회사와 협업을 해서 마케팅 전략을 다시 세우고 실제로 홍보물을 다시 제작하는 프로젝트를 맡았습니다. 그 과정에서 굉장히 유용하게 쓰였다는 피드백을 받아서 정부 지원 프로젝트를 따낼 수 있었습니다.","wordCount":35}}},"rawDataInfo":{"question":{"fileFormat":"wav","fileSize":419598,"duration":13110,"samplingBit":16,"channelCount":1,"samplingRate":"16kHz","audioPath":"/Mock/01.Management/Female/New/ckmk_q_bm_f_n_190149.wav"},"answer":{"fileFormat":"wav","fileSize":2314638,"duration":72330,"samplingBit":16,"channelCount":1,"samplingRate":"16kHz","audioPath":"/Mock/01.Management/Female/New/ckmk_a_bm_f_n_190149.wav"}}}