{"version":"1.0","dataSet":{"info":{"date":"20230116","occupation":"BM","channel":"MOCK","place":"ONLINE","gender":"FEMALE","ageRange":"-34","experience":"NEW"},"question":{"raw":{"text":"지원자님은 휴식을 취할 때 주로 어떤 일들을 하시는 편인가요 또한 휴식을 취하실 때 왜 그 일을 하시는지 그 이유도 함께 말씀 부탁드립니다","wordCount":22},"emotion":[],"intent":[]},"answer":{"raw":{"text":"저는 휴식을 취할 때 주로 음악을 듣습니다. 음 사실 일을 하다 보면 시각적인 자극에 많이 노출이 되는데요. 특히 제가 방송 콘텐츠나 미디어 콘텐츠에 관심이 많다 보니 어 남들보다 더 많이 시각적인 자극에 노출이 되는 것 같습니다. 그래서 휴식을 취할 때만큼은 시각적인 자극에서 벗어나서 음 잘 쓰지 않았던 자극인 청각을 많이 이용을 하는데요. 어 눈을 감고 노래를 들으며 음 노래 속 가사들을 머릿속에서 한번 상상을 해 보고 음 이야기를 제 마음대로 상상 그려 나가는 그 과정이 어 저에게는 참 재미있고 음 편안함을 주는 것 같습니다. 어 그렇기 때문에 저는 휴식을 취할 때 항상 음악을 들으면서 많은 시간을 보내고 있습니다.","wordCount":98},"emotion":[],"intent":[{"text":"","expression":"","category":"attitude"}],"summary":{"text":"일을 하다 보면 시각적인 자극에 많이 노출되는데, 특히 방송 콘텐츠나 미디어 콘텐츠에 관심이 많다 보니 더 많이 노출되는 것 같습니다. 그래서 휴식할 때는 시각적 자극에서 벗어나 청각을 많이 이용합니다.","wordCount":29}}},"rawDataInfo":{"question":{"fileFormat":"wav","fileSize":535118,"duration":16720,"samplingBit":16,"channelCount":1,"samplingRate":"16kHz","audioPath":"/Mock/01.Management/Female/New/ckmk_q_bm_f_n_184905.wav"},"answer":{"fileFormat":"wav","fileSize":1969998,"duration":61560,"samplingBit":16,"channelCount":1,"samplingRate":"16kHz","audioPath":"/Mock/01.Management/Female/New/ckmk_a_bm_f_n_184905.wav"}}}