{"version":"1.0","dataSet":{"info":{"date":"20230116","occupation":"BM","channel":"MOCK","place":"ONLINE","gender":"FEMALE","ageRange":"35-44","experience":"NEW"},"question":{"raw":{"text":"최근에 재미있게 하고 있는 일이 무엇입니까 그리고 그 일이 왜 재미있는지도 함께 말씀해 주세요","wordCount":14},"emotion":[],"intent":[]},"answer":{"raw":{"text":"요즘 캠핑에 빠져있습니다. 캠핑은 하면 할수록 빠져드는 매력이 있는 것 같습니다. 캠핑을 하면 스스로 느끼는 뿌듯함이 있습니다. 처음 시작 당시에는 모든 것이 낯설고 어렵던 일들이 점점 익숙해지면서 스스로도 발전했구나를 느끼는 일은 큰 만족감을 주는 것 같습니다. 걱정했던 부분들도 하나씩 해결해 나가면서 성취감을 느끼기도 합니다. 평소에 나 자신을 부정적으로 부정적으로 받아들였던 부분들이 이런 감정을 느끼다 보면 어느새 자신감도 생기고 긍정적인 생각을 갖게 해주는 것 같습니다. 캠핑을 하면서 겪는 고생 후에 느끼는 뿌듯함은 직접적인 경험을 통해 얻는 값진 일인 것 같습니다. 평소 관심을 가지지 못했던 자연을 눈으로 보고 귀로 듣는 것을 듣는 것도 캠핑이 재미있는 이유입니다.","wordCount":94},"emotion":[{"text":"캠핑을 하면 스스로 느끼는 뿌듯함이 있습니다.","expression":"p-achievement","category":"positive"},{"text":"처음 시작 당시에는 모든 것이 낯설고 어렵던 일들이 점점 익숙해지면서 스스로도 발전했구나를 느끼는 일은 큰 만족감을 주는 것 같습니다.","expression":"p-achievement","category":"positive"},{"text":"걱정했던 부분들도 하나씩 해결해 나가면서 성취감을 느끼기도 합니다.","expression":"p-achievement","category":"positive"}],"intent":[{"text":"","expression":"","category":"attitude"}],"summary":{"text":"캠핑은 하면 할수록 빠져드는 매력이 있고, 캠핑을 하면서 겪는 고생 후에 느끼는 뿌듯함은 직접적인 경험을 통해 얻는 값진 일인 것 같습니다. 평소 관심을 가지지 못했던 자연을 눈으로 보고 귀로 듣는 것을 듣는 것도 캠핑이 재미있는 이유입니다.","wordCount":36}}},"rawDataInfo":{"question":{"fileFormat":"wav","fileSize":300878,"duration":9400,"samplingBit":16,"channelCount":1,"samplingRate":"16kHz","audioPath":"/Mock/01.Management/Female/New/ckmk_q_bm_f_n_185323.wav"},"answer":{"fileFormat":"wav","fileSize":2033358,"duration":63540,"samplingBit":16,"channelCount":1,"samplingRate":"16kHz","audioPath":"/Mock/01.Management/Female/New/ckmk_a_bm_f_n_185323.wav"}}}