{"version":"1.0","dataSet":{"info":{"date":"20230116","occupation":"BM","channel":"MOCK","place":"ONLINE","gender":"FEMALE","ageRange":"-34","experience":"NEW"},"question":{"raw":{"text":"어 만약에 상사가 업무와 무관한 일을 시켜도 잘 수행할 자신이 있으십니까 아니면 어 수행하지 않을 것인지 할 것인지 궁금합니다","wordCount":19},"emotion":[],"intent":[]},"answer":{"raw":{"text":"만약 제 상사께서 업무와 무관한 일을 시킨다면 저는 잘 수행할 자신이 없습니다. 해당 직무에 들어간다고 해서 제가 원하는 일 제가 하고 싶은 일만 할 거라고는 생각을 하지는 않았지만 일단 제 업무와 무관한 일을 시킨다면 일의 효율도 굉장히 떨어질 것이고 그 결과 팀원들에게도 피해를 끼쳐 일에 효율성이 떨어질 것이라고 생각합니다. 이것은 개인과 단체 모두에게 좋은 영향을 끼치지 못할 것 같습니다. 계속 이런 것이 진 계속된다면 저는 제가 가고자 하는 길과 꿈에 대한 뚜렷한 소신이 있고 계획이 있기 때문에 회사에서 근무하기를 포기할 것 같습니다.","wordCount":82},"emotion":[],"intent":[{"text":"","expression":"","category":"attitude"}],"summary":{"text":"업무와 무관한 일을 시킨다면 일의 효율도 떨어지고 팀원들에게도 피해를 끼쳐 일에 효율성이 떨어질 것이라고 생각합니다. 이것이 계속된다면 저는 소신이 있고 계획이 있기 때문에 회사에서 근무하기를 포기할 것 같습니다.","wordCount":28}}},"rawDataInfo":{"question":{"fileFormat":"wav","fileSize":384078,"duration":12000,"samplingBit":16,"channelCount":1,"samplingRate":"16kHz","audioPath":"/Mock/01.Management/Female/New/ckmk_q_bm_f_n_178200.wav"},"answer":{"fileFormat":"wav","fileSize":1856718,"duration":58020,"samplingBit":16,"channelCount":1,"samplingRate":"16kHz","audioPath":"/Mock/01.Management/Female/New/ckmk_a_bm_f_n_178200.wav"}}}