{"version":"1.0","dataSet":{"info":{"date":"20230116","occupation":"BM","channel":"MOCK","place":"ONLINE","gender":"FEMALE","ageRange":"-34","experience":"NEW"},"question":{"raw":{"text":"얼마 전에 구급대원이 주취자에게 폭행을 당해서 순직 당하는 일이 있었어요 이 사건에 대해서 본인은 어떻게 생각하실까요","wordCount":16},"emotion":[],"intent":[]},"answer":{"raw":{"text":"저도 정말 이 뉴스를 보고 울분을 토했는데 구급대원이 주체 주취자에게 폭행을 당해 순직 당하는 일은 정말 말도 안 된다고 생각합니다. 저는 경찰이나 소방관 같이 이렇게 저희 어 민중들을 시켜주는 사람들의 권한이 조금 더 강해져도 된다고 생각하는 사람이고 점점 인권 문제가 대두가 되면서 그렇게 교육자들이나 그렇게 뭔가 경찰이나 그런 소방 대원들의 그런 권한이 줄어드는 것 같아서 마음이 아픈 사람이라서 저는 정말 그런 어떠한 상황에서는 자비 없이 행동을 해도 그것이 그냥 당연하다고 생각하는 그런 법적인 어떤 기준이 만들어졌으면 좋겠다고 생각합니다.","wordCount":78},"emotion":[],"intent":[{"text":"","expression":"","category":"attitude"}],"summary":{"text":"민중들을 시켜주는 사람들의 권한이 더 강해져도 된다고 생각하는 사람이고 경찰이나 소방 대원들의 그런 권한이 줄어드는 것 같아 마음이 아픈 사람으로서 법적인 어떤 기준이 만들어졌으면 좋겠다고 생각합니다.","wordCount":26}}},"rawDataInfo":{"question":{"fileFormat":"wav","fileSize":420878,"duration":13150,"samplingBit":16,"channelCount":1,"samplingRate":"16kHz","audioPath":"/Mock/01.Management/Female/New/ckmk_q_bm_f_n_178531.wav"},"answer":{"fileFormat":"wav","fileSize":2094798,"duration":65459,"samplingBit":16,"channelCount":1,"samplingRate":"16kHz","audioPath":"/Mock/01.Management/Female/New/ckmk_a_bm_f_n_178531.wav"}}}