{"version":"1.0","dataSet":{"info":{"date":"20230116","occupation":"BM","channel":"MOCK","place":"ONLINE","gender":"FEMALE","ageRange":"-34","experience":"NEW"},"question":{"raw":{"text":"면접자가 생각하는 경영이란 무엇이라고 생각하시는지 설명 부탁드리겠습니다","wordCount":7},"emotion":[],"intent":[]},"answer":{"raw":{"text":"경영이란 회사를 이끌어 나가는 그 자체라고 할 수 있겠습니다. 제가 생각하는 좋은 경영이란 이에스지 경영을 어 말할 수 있겠는데요. 이에스지 경영이란 기업의 비 재무적인 요소인 환경 사회 그리고 지배구조를 모두 다 어 고려한 경영을 말합니다. 음 환경이나 사회 지배구조 같은 경우에는 어 기업의 단기적인 이익에는 영향을 주지 않을지 모르지만 이 기업이 살아남기 위해서 그리고 경쟁력을 갖기 위해서 장기적으로 생각해야 되는 요소라고 생각합니다. 그러기 때문에 어 이 기업이 살고 있는 나라 그리고 세계 어 세계에서 나라와 세계에서 어 겪고 있는 어려움이 있다면 그것 또한 충분히 고려해서 경영을 하는 것이 현명한 경영이라고 생각하고 저는 이 회사가 이에스지 경영에 철학을 가지고 임하고 있기 때문에 지원을 하게 되었습니다.","wordCount":104},"emotion":[],"intent":[{"text":"음 환경이나 사회 지배구조 같은 경우에는 어 기업의 단기적인 이익에는 영향을 주지 않을지 모르지만 이 기업이 살아남기 위해서 그리고 경쟁력을 갖기 위해서 장기적으로 생각해야 되는 요소라고 생각합니다.","expression":"m_holistic","category":"attitude"},{"text":"그러기 때문에 어 이 기업이 살고 있는 나라 그리고 세계 어 세계에서 나라와 세계에서 어 겪고 있는 어려움이 있다면 그것 또한 충분히 고려해서 경영을 하는 것이 현명한 경영이라고 생각하고 저는 이 회사가 이에스지 경영에 철학을 가지고 임하고 있기 때문에 지원을 하게 되었습니다.","expression":"c_sincere_job","category":"etc"}],"summary":{"text":"기업의 비재무적 요소인 환경 사회 지배구조를 고려한 경영인 이에스지 경영은 기업이 살아남기 위해서 경쟁력을 갖기 위해서 장기적으로 생각해야 하는 요소라고 생각합니다. 이에 이 회사가 이에스지를 경영하고 있어서 지원을 하게 되었습니다.","wordCount":30}}},"rawDataInfo":{"question":{"fileFormat":"wav","fileSize":294158,"duration":9190,"samplingBit":16,"channelCount":1,"samplingRate":"16kHz","audioPath":"/Mock/01.Management/Female/New/ckmk_q_bm_f_n_178053.wav"},"answer":{"fileFormat":"wav","fileSize":2264398,"duration":70760,"samplingBit":16,"channelCount":1,"samplingRate":"16kHz","audioPath":"/Mock/01.Management/Female/New/ckmk_a_bm_f_n_178053.wav"}}}