{"version":"1.0","dataSet":{"info":{"date":"20230116","occupation":"BM","channel":"MOCK","place":"ONLINE","gender":"FEMALE","ageRange":"45-54","experience":"NEW"},"question":{"raw":{"text":"지원자분께서 회사에 입사를 하시고 난 뒤에 일을 하게 되면 중국으로 출장을 가야 할 일들이 조금씩 생길 수도 있습니다 중국으로 출장 가시는 상황도 괜찮으신지 궁금합니다","wordCount":24},"emotion":[],"intent":[]},"answer":{"raw":{"text":"아 출장 말씀이시군요. 사실은 업무를 하면서 어 평생 뭐 출장 갈 일이 없는 업무도 많은데 출장을 갈 일이 생긴다면 너무 해피한 일일 거고요. 출장 자체가 뭐 놀러가고 여행 가는 건 아니지만 어 기분 전환이나 이런 부분으로 굉장히 그 인생에 있어서 활력소가 될 것 같구요. 그런데 이제 그 장소가 중국이라고 해서 아 중국이라서 싫어 나뻐 이런 부분은 아니고 어디던 내가 해야 될 일이고 하는 일이라면 중국이던 그 외에 어떤 어려운 나라던 저는 괜찮구요. 다 갈 수 있습니다.","wordCount":76},"emotion":[],"intent":[{"text":"","expression":"","category":"attitude"}],"summary":{"text":"업무와 관련해서 출장은 기분 전환이나 기분 전환으로 인생에서 활력소가 될 것 같습니다. 중국이던 그 외의 어려운 나라던 저는 괜찮습니다.","wordCount":19}}},"rawDataInfo":{"question":{"fileFormat":"wav","fileSize":601038,"duration":18780,"samplingBit":16,"channelCount":1,"samplingRate":"16kHz","audioPath":"/Mock/01.Management/Female/New/ckmk_q_bm_f_n_175365.wav"},"answer":{"fileFormat":"wav","fileSize":1667918,"duration":52120,"samplingBit":16,"channelCount":1,"samplingRate":"16kHz","audioPath":"/Mock/01.Management/Female/New/ckmk_a_bm_f_n_175365.wav"}}}