{"version":"1.0","dataSet":{"info":{"date":"20230116","occupation":"BM","channel":"MOCK","place":"ONLINE","gender":"FEMALE","ageRange":"-34","experience":"NEW"},"question":{"raw":{"text":"만약 본인이 지금 지원한 직무가 아닌 다른 직무에 배치되게 된다면 어떻게 행동하시겠습니까 그래도 괜찮으실까요","wordCount":14},"emotion":[],"intent":[]},"answer":{"raw":{"text":"제가 지원한 이 직무가 아닌 다른 부서에 배치가 된다면 저는 우선적으로 어 제가 그 부서에 배치된 이유가 있을 것이라고 생각합니다. 그래서 어 저 스스로 먼저 제가 이 부서에 배치된 이유가 무엇일까 저의 역할이나 제가 이곳에서 잘 할 수 있는 역량은 무엇일까 생각을 먼저 해 본 뒤에 어 한번 질문 드려보고 싶습니다. 네 제가 그곳에 배치된 이유가 있다면 저희가 더 적합한 그 역량을 어 저 스스로 한번 다시 생각을 해보고 제가 이 부서에서 더 잘 할 수 있는 일이 무엇일지 어 어떻게 해야 더 잘 적응하고 일을 잘 할 수 있을지 그거를 생각하고 노력하면서 그 직 그 직무에 적응하려고 노력을 할 것 같습니다.","wordCount":102},"emotion":[],"intent":[{"text":"","expression":"","category":"attitude"}],"summary":{"text":"저는 이 직무가 아닌 다른 부서에 배치된다면 우선 배치 이유를 생각하고, 역할과 역량을 생각 해 본 뒤에 질문 드려보고 싶습니다. 제가 이 부서에서 더 잘 할 수 있는 일을 생각하고 노력하면서 직무에 적응할 것 같습니다.","wordCount":35}}},"rawDataInfo":{"question":{"fileFormat":"wav","fileSize":397198,"duration":12410,"samplingBit":16,"channelCount":1,"samplingRate":"16kHz","audioPath":"/Mock/01.Management/Female/New/ckmk_q_bm_f_n_172614.wav"},"answer":{"fileFormat":"wav","fileSize":1982158,"duration":61940,"samplingBit":16,"channelCount":1,"samplingRate":"16kHz","audioPath":"/Mock/01.Management/Female/New/ckmk_a_bm_f_n_172614.wav"}}}