{"version":"1.0","dataSet":{"info":{"date":"20230116","occupation":"BM","channel":"MOCK","place":"ONLINE","gender":"FEMALE","ageRange":"-34","experience":"NEW"},"question":{"raw":{"text":"예 저희가 이제 프로젝트를 이제 팀별로 진행을 하다 보니 이제 팀 프로젝트에서는 팀 워크도 굉장히 중요한데요 이제 팀 프로젝트 중간에 그 분야의 전문가의 인 팀원이 갑자기 빠지게 된다 라고 하면은 어떻게 대처하시겠습니까","wordCount":32},"emotion":[],"intent":[]},"answer":{"raw":{"text":"일단 제가 포함된 팀 프로젝트라면 어떻게 해서든지 끝까지 이어나가도록 저는 열심히 할 것 같습니다. 또 제가 전문가가 아니라서 끝까지 마치는 데는 어려움이 있겠지만 주위에 전문가가 있다면 어 그분께 또 묻고 또 묻고서라도 지식을 어느 정도 쌓고 끝까지 마치도록 노력할 것 같습니다. 팀 프로젝트라는 것은 모든 팀 인원 인원들이 함께 노력하면서 끝까지 마칠 수 있다고 생각하기 때문입니다.","wordCount":56},"emotion":[],"intent":[{"text":"","expression":"","category":"attitude"}],"summary":{"text":"팀 프로젝트는 모든 팀 인원들이 함께 노력하면서 끝까지 마칠 수 있다고 생각하기 때문에, 저는 팀 프로젝트라면 끝까지 이어나가도록 열심히 할 것 같습니다.","wordCount":22}}},"rawDataInfo":{"question":{"fileFormat":"wav","fileSize":597838,"duration":18680,"samplingBit":16,"channelCount":1,"samplingRate":"16kHz","audioPath":"/Mock/01.Management/Female/New/ckmk_q_bm_f_n_177763.wav"},"answer":{"fileFormat":"wav","fileSize":1159118,"duration":36220,"samplingBit":16,"channelCount":1,"samplingRate":"16kHz","audioPath":"/Mock/01.Management/Female/New/ckmk_a_bm_f_n_177763.wav"}}}