{"version":"1.0","dataSet":{"info":{"date":"20230116","occupation":"BM","channel":"MOCK","place":"ONLINE","gender":"FEMALE","ageRange":"-34","experience":"NEW"},"question":{"raw":{"text":"본인의 장점과 단점을 말씀해 주시고 그 장단점을 특화시키거나 극복하기 위해 했던 노력도 함께 설명해 주세요","wordCount":15},"emotion":[],"intent":[]},"answer":{"raw":{"text":"저의 장점은 상 성실함입니다. 어 저는 스무 살 때 이후로 단 한 달도 쉬지 않고 아르바이트를 해왔을 만큼 어 그 누구보다 성실함과 꾸준함에 있어서는 자신이 있습니다. 어 저는 계속해서 무언가를 도전하고 이를 꾸준하게 해 오면서 저의 성실함을 증명해 왔고 더 길러왔습니다. 저의 단점은 저는 계획을 세우고 이를 지키는 것을 너무 좋아합니다. 사실 모든 계획을 지킬 수 있는 것이 아님에도 어 계획을 세우는 것 자체의 즐거움을 많이 느끼기 때문에 어 때때로 무리한 계획을 세우고 또 이를 다른 사람과 공유하는 과정에서 트러블이 발생하기도 합니다. 어 저는 어 이러한 것들을 해결하기 위해서 음 매일매일 계획을 세우는 어 프로그램을 이용하고 있습니다. 음 그 어플은 어 제가 잘 지킨 계획과 지키지 못한 계획을 통계로 보여주기 때문에 제가 어떤 부분에서 어 지키지 못하는지를 파악을 하고 지킬 수 없는 계획은 어 지양하도록 하는 그런 도움을 받고 있습니다.","wordCount":130},"emotion":[],"intent":[{"text":"저의 장점은 상 성실함입니다.","expression":"c_person","category":"background"}],"summary":{"text":"성실함과 꾸준함이 장점이며 단점은 계획을 세우고 지키는 것을 너무 좋아한다는 점입니다. 계획을 세우는 것 자체의 즐거움을 많이 느끼기 때문에 때때로 무리한 계획을 세우고 또 이를 다른 사람과 공유하는 과정에서 트러블이 발생하기도 합니다. 이를 해결하기 위해서 매일 계획을 세우는 프로그램을 이용합니다.","wordCount":40}}},"rawDataInfo":{"question":{"fileFormat":"wav","fileSize":382478,"duration":11950,"samplingBit":16,"channelCount":1,"samplingRate":"16kHz","audioPath":"/Mock/01.Management/Female/New/ckmk_q_bm_f_n_190221.wav"},"answer":{"fileFormat":"wav","fileSize":2649358,"duration":82790,"samplingBit":16,"channelCount":1,"samplingRate":"16kHz","audioPath":"/Mock/01.Management/Female/New/ckmk_a_bm_f_n_190221.wav"}}}