{"version":"1.0","dataSet":{"info":{"date":"20230116","occupation":"BM","channel":"MOCK","place":"ONLINE","gender":"FEMALE","ageRange":"-34","experience":"NEW"},"question":{"raw":{"text":"본인이 최근 가장 재미있게 하고 있는 일은 무엇인가요 그리고 그 일이 왜 재미있는지도 같이 말씀해 주세요","wordCount":16},"emotion":[],"intent":[]},"answer":{"raw":{"text":"제가 최근에 재미있게 하고 있는 일은 운동입니다. 어 제가 얼마 전부터 한 달 전부터 크로스핏이라는 운동을 시작했는데요. 저는 그 운동을 지금까지 살면서 재미있다고 생각해 본 적이 없습니다. 그런데 이 크로스핏이라는 운동은 사십 분 동안에 어 짧은 시간에 어 다양한 운동을 접할 수 있고 그리고 또 하루에 음 끝에서 땀을 흘리고 나면 제가 뭔가를 해냈다는 성취감도 느낄 수 있습니다. 그래서 매일매일 어 크로스핏을 할 하 하곤 하는데요. 그러고 나면 하루를 잘 마친 것 같은 기분이 들기도 합니다. 더불어서 어 체력까지 좋아져서 제 삶에 활기를 불어넣어 주는 것을 보고 더 열심히 해야겠다고 다짐도 하고 있습니다.","wordCount":93},"emotion":[{"text":"어 제가 얼마 전부터 한 달 전부터 크로스핏이라는 운동을 시작했는데요.","expression":"u-fact","category":"neutral"},{"text":"그런데 이 크로스핏이라는 운동은 사십 분 동안에 어 짧은 시간에 어 다양한 운동을 접할 수 있고 그리고 또 하루에 음 끝에서 땀을 흘리고 나면 제가 뭔가를 해냈다는 성취감도 느낄 수 있습니다.","expression":"p-achievement","category":"positive"}],"intent":[{"text":"","expression":"","category":"attitude"}],"summary":{"text":"저는 최근에 크로스핏이라는 운동을 재미있게 하고 있습니다. 이 운동을 통해 짧은 시간에 다양한 운동을 접할 수 있고, 성취감도 느껴져서 매일 이것을 하곤 합니다. 더불어서 체력도 좋아지는 것을 보고 더 열심히 해야겠다고 다짐하고 있습니다.","wordCount":33}}},"rawDataInfo":{"question":{"fileFormat":"wav","fileSize":271438,"duration":8480,"samplingBit":16,"channelCount":1,"samplingRate":"16kHz","audioPath":"/Mock/01.Management/Female/New/ckmk_q_bm_f_n_184144.wav"},"answer":{"fileFormat":"wav","fileSize":1824078,"duration":57000,"samplingBit":16,"channelCount":1,"samplingRate":"16kHz","audioPath":"/Mock/01.Management/Female/New/ckmk_a_bm_f_n_184144.wav"}}}