{"version":"1.0","dataSet":{"info":{"date":"20230116","occupation":"BM","channel":"MOCK","place":"ONLINE","gender":"FEMALE","ageRange":"35-44","experience":"NEW"},"question":{"raw":{"text":"지원자님은 특별히 가고 싶은 회사가 혹시 있을까요 그리고 특정 도메인이 중요한지 회사의 분위기가 중요한지 지원자님께서는 어떤 점을 중심점으로 두는지 궁금합니다","wordCount":20},"emotion":[],"intent":[]},"answer":{"raw":{"text":"제가 특별히 가고 싶은 회사는 카카오 오와 네이버입니다. 그 이유는 첫째 사내 수평적 기업 문화의 자율 근무 때문입니다. 카카오 직원들은 오전 여섯 시부터 오후 열 시 사이 한 달 동안 백 육십 시간만 근무하면 되도록 시간표를 마음대로 짜고 있다고 합니다. 네이버도 각자 효율적으로 업무에 집중할 수 있을 때 정해 출퇴근 시간을 결정하는 책임 근무제를 운영하고 있다고 합니다. 둘째 자유로운 분위기와 높은 연봉 급여 수준이 높은 만큼 업무 강도도 세겠지만 동시에 워라벨 일과 삶을 균형을 누릴 수 있다고 하니깐 성취감도 어느 정도 클 것 같습니다. 셋째 수평적인 기업 문화와 자유로운 업무 환경 입니다. 어 카카오톡이나 네이버는 회사 대표를 만나도 직원 누구나 영어 이름을 부를 정도로 격식을 따지지 않는다고 합니다. 저는 이런 사회 사내 분위 분위기가 중요하다고 생각합니다.","wordCount":116},"emotion":[],"intent":[{"text":"","expression":"","category":"attitude"}],"summary":{"text":"카카오와 네이버에 가고 싶은 이유는 첫째, 사내 수평적 기업 문화의 자율 근무, 둘째, 자유로운 분위기와 높은 연봉, 셋째, 수평적인 기업 문화와 자유로운 업무 환경입니다. 저는 이런 사내 분위기가 중요하다고 생각합니다.","wordCount":30}}},"rawDataInfo":{"question":{"fileFormat":"wav","fileSize":616398,"duration":19260,"samplingBit":16,"channelCount":1,"samplingRate":"16kHz","audioPath":"/Mock/01.Management/Female/New/ckmk_q_bm_f_n_174362.wav"},"answer":{"fileFormat":"wav","fileSize":2456078,"duration":76750,"samplingBit":16,"channelCount":1,"samplingRate":"16kHz","audioPath":"/Mock/01.Management/Female/New/ckmk_a_bm_f_n_174362.wav"}}}