{"version":"1.0","dataSet":{"info":{"date":"20230116","occupation":"BM","channel":"MOCK","place":"ONLINE","gender":"FEMALE","ageRange":"-34","experience":"NEW"},"question":{"raw":{"text":"지원자님이 생각하시기에 본인이 그리는 십 년 후 미래에 대해 이야기해 주시면 좋을 것 같습니다 십 년이 지난다고 하더라도 저희 회사에 계속해서 다니고 있으실 것 같은지 궁금합니다","wordCount":26},"emotion":[],"intent":[]},"answer":{"raw":{"text":"여러 회사에서 역량을 키우는 것도 좋지만 한 회사에서 그 회사에 대한 모든 것을 알고 있는 것도 좋습니다. 따라서 저는 십 년 후에 미래에도 계속 이 회사에 다니고 있을 것 같습니다. 여러 회사를 이직을 한다면 연봉을 높일 기회가 있을 수도 있고 커리어를 넓혀갈 수도 있습니다. 하지만 한 분야의 스페셜 리스트가 될 수는 없습니다. 제가 만약에 이 회사에서 십 년간 계속 근속한다면 저는 이 회사에 대해서는 스페셜리스트가 될 수 있습니다. 이것은 어디에서 어디에서도 파들 수 없는 강점입니다. 그래서 저는 십 년 후에도 이 회사에서 다니고 싶습니다. 또 그 회사 안에서는 여러 가지 업무가 있습니다. 십 년 동안 한 가지 업무만 하는 것이 아니고 다양한 업무를 경험해 보고 싶습니다. 회사에 대해 잘 안다면은 이것 또한 장점이 됩니다. 그래서 한 회사에서 십 년을 다니면 여러 가지 업무를 경험하고 그 경 그 업무를 바탕으로 회사에 대해서 특별한 가장 중요한 사람이 되고 싶습니다.","wordCount":137},"emotion":[],"intent":[{"text":"","expression":"","category":"attitude"}],"summary":{"text":"한 회사에서 그 회사에 대한 모든 것을 알고 있는 것이 좋습니다. 여러 회사를 이직을 한다면 한 분야의 스페셜리스트가 될 수는 없지만 십 년간 계속 근속한다면 스페셜리스트 될 수 있습니다. 회사 안에서는 여러 가지 업무가 있고 십 년 동안 다양한 업무를 경험하고 회사에 대해 가장 중요한 사람이 되고 싶습니다.","wordCount":48}}},"rawDataInfo":{"question":{"fileFormat":"wav","fileSize":548558,"duration":17140,"samplingBit":16,"channelCount":1,"samplingRate":"16kHz","audioPath":"/Mock/01.Management/Female/New/ckmk_q_bm_f_n_180866.wav"},"answer":{"fileFormat":"wav","fileSize":2383438,"duration":74480,"samplingBit":16,"channelCount":1,"samplingRate":"16kHz","audioPath":"/Mock/01.Management/Female/New/ckmk_a_bm_f_n_180866.wav"}}}