{"version":"1.0","dataSet":{"info":{"date":"20230116","occupation":"BM","channel":"MOCK","place":"ONLINE","gender":"FEMALE","ageRange":"-34","experience":"NEW"},"question":{"raw":{"text":"지원자님이 생각하시는 좋은 회사는 어떤 회사인가요 그 이유도 함께 설명해 주세요","wordCount":11},"emotion":[],"intent":[]},"answer":{"raw":{"text":"제가 생각하는 좋은 회사란 동료들끼리 서로 피드백을 주고받는 문화가 강력한 곳이 정말 발전 가능성이 있는 좋은 회사라고 생각을 합니다. 그 이유는 제가 기존에 서비스업에서 어 대학 시절에 간략하게 아르바이트를 했었는데요. 동료들끼리 서로 피드백을 해 줄 때마다 더 좋은 성과 그리고 고객들을 더 잘 대할 수 있는 그런 응대 아이디어가 나온다 라고 생각했습니다. 저는 경영 지원 업무 역시도 마찬가지라고 생각합니다. 저희가 함께 근무하는 동료들끼리 서로 치열하게 피드백을 주고받을 수 있는 조직 문화가 형성이 된다 라면 저희는 그 안에서 스스로 한계를 이겨내고 어 새롭게 고객들을 잘 응대할 수 있고 혹은 동료들과 더 좋은 아이디어를 주고받을 수 있는 상황들이 많이 나올 것이라고 생각합니다. 그래서 편하게 피드백을 주고받을 수 있고 혹은 불편함을 감수하더라도 동료들에게 피드백을 하는 문화가 우리를 발전시킬 수 있다 라고 생각합니다.","wordCount":119},"emotion":[{"text":"그 이유는 제가 기존에 서비스업에서 어 대학 시절에 간략하게 아르바이트를 했었는데요.","expression":"u-fact","category":"neutral"}],"intent":[{"text":"","expression":"","category":"attitude"}],"summary":{"text":"동료들끼리 서로 피드백을 주고받는 문화가 강한 곳이 발전 가능성이 있는 좋은 회사라고 생각합니다. 그래야 스스로 한계를 이겨내고 새롭게 고객들을 잘 응대할 수 있고 더 좋은 아이디어를 주고받을 수 있는 상황이 많이 나올 것입니다.","wordCount":33}}},"rawDataInfo":{"question":{"fileFormat":"wav","fileSize":236238,"duration":7380,"samplingBit":16,"channelCount":1,"samplingRate":"16kHz","audioPath":"/Mock/01.Management/Female/New/ckmk_q_bm_f_n_169561.wav"},"answer":{"fileFormat":"wav","fileSize":2789838,"duration":87180,"samplingBit":16,"channelCount":1,"samplingRate":"16kHz","audioPath":"/Mock/01.Management/Female/New/ckmk_a_bm_f_n_169561.wav"}}}