{"version":"1.0","dataSet":{"info":{"date":"20230116","occupation":"BM","channel":"MOCK","place":"ONLINE","gender":"FEMALE","ageRange":"-34","experience":"NEW"},"question":{"raw":{"text":"협업을 할 때 사교성이 좋은 편이신가요 그렇다면 사교성을 키우기 위해서는 어떤 노력을 했나요","wordCount":13},"emotion":[],"intent":[]},"answer":{"raw":{"text":"저는 저의 사람들과 이야기하고 어울리는 어울리는 것을 좋아하는 성격으로 사람에 대한 공포심이 없습니다. 그리고 사람들이 저를 싫어하지 않을 것이라는 막연한 자신감도 탑제되어 있습니다. 저는 영화관에서 아르바이트를 거의 사십 오 년 사 오 년 정도 근속을 하며 다양한 손님들을 제안하는 응급법과 서비스 화법 및 다양한 커뮤니케이션 방법을 배웠고 내부적으로는 또래 아이들과 함께 어울리며 우정을 찾는 방법 그리고 함께 어울리며 일하는 방법을 배웠습니다. 그리고 매니저님 점장님 등 직급 상급제에게 가져야 하는 태도와 일하는 자세를 배우며 자연스럽게 사교성도 좋아지고 숙련되는 태도를 가지게 된 것 같습니다.","wordCount":82},"emotion":[],"intent":[{"text":"저는 저의 사람들과 이야기하고 어울리는 어울리는 것을 좋아하는 성격으로 사람에 대한 공포심이 없습니다.","expression":"c_person","category":"background"}],"summary":{"text":"저는 사람에 대한 공포심이 없고, 사람들이 저를 싫어하지 않을 것이라는 자신감이 있습니다. 영화관 아르바이트로 응급법, 서비스 화법, 커뮤니케이션 방법을 배웠고 직급 상급제에게 갖는 태도와 일하는 자세를 배우며 사교성도 좋아지고 숙련되었습니다.","wordCount":30}}},"rawDataInfo":{"question":{"fileFormat":"wav","fileSize":263438,"duration":8230,"samplingBit":16,"channelCount":1,"samplingRate":"16kHz","audioPath":"/Mock/01.Management/Female/New/ckmk_q_bm_f_n_178195.wav"},"answer":{"fileFormat":"wav","fileSize":1831118,"duration":57220,"samplingBit":16,"channelCount":1,"samplingRate":"16kHz","audioPath":"/Mock/01.Management/Female/New/ckmk_a_bm_f_n_178195.wav"}}}