{"version":"1.0","dataSet":{"info":{"date":"20230116","occupation":"BM","channel":"MOCK","place":"ONLINE","gender":"FEMALE","ageRange":"-34","experience":"NEW"},"question":{"raw":{"text":"디스플레이 산업과 타 산업 간의 융합에 대한 아이디어를 제시해 보세요","wordCount":10},"emotion":[],"intent":[]},"answer":{"raw":{"text":"티비 컴퓨터 이동 전화기 개인 휴대 통신 등에 있는 화면을 디스플레이라고 합니다. 이와 관련된 산업을 디스플레이 산업이라고 하고요. 이 화면을 통해 문자 영상 자료 등이 선명한 화질로 나타나는데요. 최근에 이런 디스플레이어가 네트워크가 연결되면서 소비자들과 쌍방향 통신을 지원해 주는 산업 산업으로 발전해 나가고 있다고 합니다. 예를 들어 요즘 디지털 티비를 디지털 방송을 수신하는 기기로 단순하게 정의되지 않습니다. 지상파 위성 케이블을 통해 디지털 방송을 수신할 수 있고 유무선 인터넷과 연결된 네트워크 기능을 가져야 합니다. 이를 통해 방송을 신청하면서 쌍방향 커뮤니케이선을 하기도 합니다.","wordCount":80},"emotion":[{"text":"티비 컴퓨터 이동 전화기 개인 휴대 통신 등에 있는 화면을 디스플레이라고 합니다.","expression":"u-fact","category":"neutral"}],"intent":[{"text":"","expression":"","category":"attitude"}],"summary":{"text":"디스플레이어는 네트워크가 연결되면서 소비자와 쌍방향 통신을 지원하는 산업으로 발전해가고 있습니다. 예를 들어 디지털 티비를 수신하는 기기로 단순히 정의되지 않고 유무선 인터넷과 연결된 네트워크 기능을 가져야 합니다.","wordCount":26}}},"rawDataInfo":{"question":{"fileFormat":"wav","fileSize":236878,"duration":7400,"samplingBit":16,"channelCount":1,"samplingRate":"16kHz","audioPath":"/Mock/01.Management/Female/New/ckmk_q_bm_f_n_178334.wav"},"answer":{"fileFormat":"wav","fileSize":1977678,"duration":61800,"samplingBit":16,"channelCount":1,"samplingRate":"16kHz","audioPath":"/Mock/01.Management/Female/New/ckmk_a_bm_f_n_178334.wav"}}}