{"version":"1.0","dataSet":{"info":{"date":"20230116","occupation":"BM","channel":"MOCK","place":"ONLINE","gender":"FEMALE","ageRange":"-34","experience":"NEW"},"question":{"raw":{"text":"남을 잘 이끄는 리더형과 남을 잘 따르는 팔로워형 이 두 가지가 있다고 가정을 해 봅시다 그렇다면 본인이 생각했을 때 어떤 유형인지 이유와 함께 설명을 해 주시기 바랍니다","wordCount":27},"emotion":[],"intent":[]},"answer":{"raw":{"text":"저는 남을 잘 이끄는 리더형인 것 같습니다. 일단 저는 굉장히 자기 주장이 강하고 의견을 많이 내는 사람이라서 어느 모임이나 어느 상황에 가든 제가 주체적으로 의견을 내고 결정을 항상 하는 사람이었고 추가로 저는 어떤 상황에서든 최선의 결과를 내기를 위한 내는 거를 원하는 사람이기 때문에 제가 조금 더 희생을 하고 많은 시간을 할애 하더라도 저희 모임이 좋은 방향으로 나가고 있다는 확신이 들면 저는 충분히 저의 일부분을 희생을 하는 사람이기 때문에 저는 남을 잘 이끄는 리더형에 가깝다고 생각을 합니다.","wordCount":76},"emotion":[],"intent":[{"text":"","expression":"","category":"attitude"}],"summary":{"text":"자기 주장이 강하고 의견을 많이 내는 저는 주체적으로 의견을 내고 결정을 항상 하는 사람이기 때문에 저는 남을 잘 이끄는 리더형에 가깝다고 생각합니다.","wordCount":22}}},"rawDataInfo":{"question":{"fileFormat":"wav","fileSize":550798,"duration":17210,"samplingBit":16,"channelCount":1,"samplingRate":"16kHz","audioPath":"/Mock/01.Management/Female/New/ckmk_q_bm_f_n_178711.wav"},"answer":{"fileFormat":"wav","fileSize":1657678,"duration":51800,"samplingBit":16,"channelCount":1,"samplingRate":"16kHz","audioPath":"/Mock/01.Management/Female/New/ckmk_a_bm_f_n_178711.wav"}}}