{"version":"1.0","dataSet":{"info":{"date":"20230116","occupation":"BM","channel":"MOCK","place":"ONLINE","gender":"FEMALE","ageRange":"55-","experience":"NEW"},"question":{"raw":{"text":"현대인은 평균적으로 하루에 세 번 거짓말을 한다고 합니다 지원자님이 이제까지 한 거짓말 중 가장 기억에 남는 것은 무엇인가요","wordCount":18},"emotion":[],"intent":[]},"answer":{"raw":{"text":"현대인은 하루 평균 세 번 거짓말을 하고 산다고 합니다 지원자님께서 해 본 가장 기억에 남는 거짓말은 무엇인가요 라고 질문을 하셨습니다. 거기에 대한 저의 답변을 말씀드리겠습니다. 저는 중학교 시절 어머니께 참고서 산다고 돈을 삼천 원을 받았습니다. 그러나 그 돈은 참고서를 사려고 한 목적은 아니었습니다. 단체로 간 영화에 불참하여 이야기 속 화제에 끼어들지 못해 개인적으로 꼭 가보고 싶어 시간 내서 영화를 봤던 일이 생각납니다. 지금 와서 생각하면 그냥 말해도 될 일을 굳이 거짓말까지 하면서 봤어야 하나 하는 생각이 듭니다. 이상 저의 가장 기억에 남는 거짓말이었습니다. 감사합니다.","wordCount":84},"emotion":[],"intent":[{"text":"","expression":"","category":"attitude"}],"summary":{"text":"중학교 시절 어머니께 참고서 산다고 돈을 삼천 원을 받아 영화를 봤던 일이 생각납니다. 단체로 간 영화에 불참하여 이야기 속 화제에 끼어들지 못해 꼭 가보고 싶었습니다. 지금 와서 생각하면 그냥 말해도 될 일을 굳이 거짓말까지 하면서 봤나 하는 생각이 듭니다. ","wordCount":39}}},"rawDataInfo":{"question":{"fileFormat":"wav","fileSize":367438,"duration":11480,"samplingBit":16,"channelCount":1,"samplingRate":"16kHz","audioPath":"/Mock/01.Management/Female/New/ckmk_q_bm_f_n_175124.wav"},"answer":{"fileFormat":"wav","fileSize":2027598,"duration":63360,"samplingBit":16,"channelCount":1,"samplingRate":"16kHz","audioPath":"/Mock/01.Management/Female/New/ckmk_a_bm_f_n_175124.wav"}}}