{"version":"1.0","dataSet":{"info":{"date":"20230116","occupation":"BM","channel":"MOCK","place":"ONLINE","gender":"FEMALE","ageRange":"35-44","experience":"NEW"},"question":{"raw":{"text":"아무래도 우리는 살면서 불가피하게 스트레스를 받는 상황에 놓이기는 하는데요 어 이렇게 스트레스를 받는 상황에 놓이게 되신다면 어 어떻게 하시는지 그리고 왜 그런 방법으로 스트레스를 해소하시는지 어 말씀을 해 주시기를 바랍니다","wordCount":30},"emotion":[],"intent":[]},"answer":{"raw":{"text":"네 저는 스트레스를 받으면 일단 드라이빙을 하는 것 같아요. 제가 어떻게 하나 이렇게 봤더니 뭐 딱히 술은 어 술을 마신다 이런 거는 아니에요. 그런데 이제 술 분위기는 좋아합니다. 이 그 술 분위기라는 건 결국엔 수다죠. 근데 어 뭐 술을 막 즐겨 하지는 않고 저는 가볍게 맥주 한 두 캔 정도 그냥 마시는 거를 좋아하다 보니까 이렇게 술을 찾다기보다는 술보다는 카페 커피를 마시는 걸 좋아합니다. 그런데 이제 저녁에는 제가 또 카페인 때문에 커피를 잘 못 마셔서 그러다 보니까 저녁에는 퇴근 후에는 보통 뭐 드라이빙을 합니다. 드라이빙을 하면 그 안에서 정말 오롯이 혼자 있을 수 있는 그 누구의 방해도 받지 않는 시간이기 때문에 드라이빙을 하면서 음악을 아주 크게 틀어놓고 밖에서 어떤 소리도 들리지 않게 틀어놓고 아주 큰 목소리로 따라 부릅니다. 근데 이제 따라 부르는 것 자체도 어 그냥 일에 대한 스트레스는 그냥 다 생각이 안 나거든요. 근데 심지어 운전을 해야 되기 때문에 운전에만 집중을 해서인지 뭐 한 한 몇 시간 동안은 그 운전하는 시간 동안은 전혀 잡 생각이 안 나서 좋더라구요. 그래서 저는 그런 식으로 스트레스를 풀곤 합니다.","wordCount":166},"emotion":[],"intent":[{"text":"","expression":"","category":"attitude"}],"summary":{"text":"저는 스트레스를 받으면 일단 드라이빙을 하는 것 같은데, 술을 자주 하지는 않고 가볍게 맥주 한 두 캔 정도 그냥 마시는 걸 좋아하는데, 저녁에 카페인 때문에 커피가 잘 못 마셔서 퇴근 후에는 보통 드라이빙을 하는데, 음악을 아주 크게 틀어놓고 아주 큰 소리로 따라 불러요. 심지어 운전에만 집중해서인지 운전 시간 동안은 잡생각이 안 나서 좋아요.","wordCount":53}}},"rawDataInfo":{"question":{"fileFormat":"wav","fileSize":567758,"duration":17740,"samplingBit":16,"channelCount":1,"samplingRate":"16kHz","audioPath":"/Mock/01.Management/Female/New/ckmk_q_bm_f_n_181558.wav"},"answer":{"fileFormat":"wav","fileSize":2707278,"duration":84600,"samplingBit":16,"channelCount":1,"samplingRate":"16kHz","audioPath":"/Mock/01.Management/Female/New/ckmk_a_bm_f_n_181558.wav"}}}