{"version":"1.0","dataSet":{"info":{"date":"20230116","occupation":"BM","channel":"MOCK","place":"ONLINE","gender":"FEMALE","ageRange":"35-44","experience":"NEW"},"question":{"raw":{"text":"살면서 지금까지 가장 후회되는 일이 있다면 한 가지를 말씀해 주시겠어요","wordCount":10},"emotion":[],"intent":[]},"answer":{"raw":{"text":"제가 제 인생에서 가장 후회하는 일은 대학교 때 어학 연수를 가지 않은 것입니다. 만약 어학 연수를 갔더라면 첫째 영어에 대한 울렁증이 없어졌을 것이고 영어를 지금보다 잘 했겠죠. 둘째 다양한 문화와 인종을 만나 저의 생각의 틀과 시야가 많이 넓어졌을 거라고 생각이 듭니다. 셋째 현재 직업의 선택의 폭이 현저히 넓어졌을 것 같습니다. 국내 기업뿐만 아니라 다국적 기업에도 도전했을 것 같습니다. 그래서 지금은 어학 연수를 못 간 아쉬움에 직접적으로는 시간이 나는 대로 틈틈이 해외 여행을 다니고 있고 간접적으로는 다른 나라 관련 여행 책자나 어학용 어학 공부를 열심히 하고 있습니다.","wordCount":86},"emotion":[],"intent":[{"text":"","expression":"","category":"attitude"}],"summary":{"text":"대학교 때 어학연수를 갔다면 영어에 대한 울렁증이 없어졌을 것이고, 다양한 문화와 인종을 만나 생각의 틀과 시야가 많이 넓어졌을 것이고, 현재 직업의 선택폭이 현저히 넓어졌을 것 같습니다.","wordCount":26}}},"rawDataInfo":{"question":{"fileFormat":"wav","fileSize":243278,"duration":7600,"samplingBit":16,"channelCount":1,"samplingRate":"16kHz","audioPath":"/Mock/01.Management/Female/New/ckmk_q_bm_f_n_174361.wav"},"answer":{"fileFormat":"wav","fileSize":1778958,"duration":55590,"samplingBit":16,"channelCount":1,"samplingRate":"16kHz","audioPath":"/Mock/01.Management/Female/New/ckmk_a_bm_f_n_174361.wav"}}}