{"version":"1.0","dataSet":{"info":{"date":"20230116","occupation":"BM","channel":"MOCK","place":"ONLINE","gender":"FEMALE","ageRange":"45-54","experience":"NEW"},"question":{"raw":{"text":"커뮤니케이션을 잘 할 수 있는 본인만의 스킬이 있으신가요 있다면 한번 소개해 주시고 가능하다면 직접 보여주셔도 좋습니다","wordCount":16},"emotion":[],"intent":[]},"answer":{"raw":{"text":"제가 갖고 있는 커뮤니케이션을 잘 할 수 있는 방법은 두 가지가 있는데요. 첫 번째는 쉽고 가벼운 공통 주제를 빨리 찾기입니다. 어 좋아하는 색이랑 음식 이 이런 극 현재 읽고 있는 책 가벼운 주제로 어 그 사람이 마음을 열 수 있는 소재를 찾는 것이 중요하다고 생각을 합니다. 이렇게 가벼운 공통점을 찾게 되면 조금 말이 어 말이 편하게 할 수 있는 상황이 되는데요. 그 두 번째 스킬은 바로 그 이야기를 끊지 않고 잘 들어주기 입니다. 어 제 생각 의견 같은 것들은 조금 참았다가 상대방의 이야기를 조금 더 들어주는 것이 좋은 커뮤니케이션을 할 수 있는 스킬이라고 생각을 합니다.","wordCount":95},"emotion":[],"intent":[{"text":"","expression":"","category":"attitude"}],"summary":{"text":"저는 커뮤니케이션을 잘 하는 방법은 쉽고 가벼운 공통 주제를 빨리 찾는 것과 이야기를 끊지 않고 잘 들어주는 스킬이라고 생각합니다. 이는 좋은 커뮤니케이션을 하는 스킬이라고 생각을 합니다.","wordCount":26}}},"rawDataInfo":{"question":{"fileFormat":"wav","fileSize":600078,"duration":18750,"samplingBit":16,"channelCount":1,"samplingRate":"16kHz","audioPath":"/Mock/01.Management/Female/New/ckmk_q_bm_f_n_188209.wav"},"answer":{"fileFormat":"wav","fileSize":1503438,"duration":46980,"samplingBit":16,"channelCount":1,"samplingRate":"16kHz","audioPath":"/Mock/01.Management/Female/New/ckmk_a_bm_f_n_188209.wav"}}}