{"version":"1.0","dataSet":{"info":{"date":"20230116","occupation":"BM","channel":"MOCK","place":"ONLINE","gender":"FEMALE","ageRange":"-34","experience":"NEW"},"question":{"raw":{"text":"협업을 할 일이 많이 생길 수 있습니다 혹시 이전에 회사에서나 대학에서 협업을 하면서 어려운 점은 있었나요","wordCount":16},"emotion":[],"intent":[]},"answer":{"raw":{"text":"직장에 입사를 하게 되면 협업을 할 일이 많이 생길 수 있다고 하셨는데요. 저는 이전 직장에서나 대학에서 협업을 할 때 뭐 딱히 어려운 점은 없었습니다. 어 협업을 하게 될 때마다 저는 리더의 역할을 하는 자리에 있게 되었는데요. 그래서 어 협업을 하는 팀원들과 함께 소통하고 이야기를 나누면서 그들에게 어 적합한 역할을 부여하고 또 그 역할을 잘 수행하고 있는지 확인하는 그런 역할을 해 왔습니다. 그렇기 위해서는 팀원들과의 그런 신뢰를 쌓기 위해서 어 친밀감을 이렇게 쌓아가는 것도 중요한 과정 중의 하나였습니다. 그렇기 때문에 저는 협업을 하면서 그 구성원들과 더 친해지고 그리고 더 깊은 사이가 되곤 했습니다. 협업을 할 때 이 회사에서 협업을 하게 되더라도 그때 경험을 살려서 잘 해낼 수 있을 거라고 생각합니다.","wordCount":109},"emotion":[],"intent":[{"text":"","expression":"","category":"attitude"}],"summary":{"text":"저는 이전 직장이나 대학에서 협업할 때 리더의 역할을 하는 자리에 있게 되었는데 협업을 하면서 구성원들과 더 친해지고 더 깊은 사이가 되었습니다. 회사에서 협업을 하게 되더라도 그때 경험을 살려서 잘 해낼 수 있을 거라고 생각합니다.","wordCount":34}}},"rawDataInfo":{"question":{"fileFormat":"wav","fileSize":366798,"duration":11460,"samplingBit":16,"channelCount":1,"samplingRate":"16kHz","audioPath":"/Mock/01.Management/Female/New/ckmk_q_bm_f_n_183615.wav"},"answer":{"fileFormat":"wav","fileSize":2173838,"duration":67930,"samplingBit":16,"channelCount":1,"samplingRate":"16kHz","audioPath":"/Mock/01.Management/Female/New/ckmk_a_bm_f_n_183615.wav"}}}