{"version":"1.0","dataSet":{"info":{"date":"20230116","occupation":"BM","channel":"MOCK","place":"ONLINE","gender":"FEMALE","ageRange":"45-54","experience":"NEW"},"question":{"raw":{"text":"지원자님이 만약 이직을 생각하는 동료를 만났어요 그때 뭐라고 말씀해 주시겠습니까 왜 그렇게 말씀하실지도 설명해 주시겠어요","wordCount":15},"emotion":[],"intent":[]},"answer":{"raw":{"text":"이직을 생각하는 직장 동료들을 그동안 많이 봐 왔는데요. 그런 친구들이 만약에 고민을 저에게 털어놓는다면 왜 이직을 생각하는지 먼저 물어보겠습니다. 그 이직의 목적이 급여라든지 아니면 업무 역량 그리고 자신의 능력 발휘 정도로 많이들 얘기를 하는 데요. 급여 정도나 업무 역량 부분에 있어서 이직을 생각하는 동료에게는 그들이 원하는 바를 추구하라고 이야기하고 싶고요. 그리고 만약에 이제 자신의 능력을 발휘할 기회를 조금 더 얻고 싶다 라는 얘기를 하는 직장 동료가 있을 경우 우리 회사에서 추구하는 것들이 무엇인지 같이 한번 이야기해보고 그것들을 그 사람의 시점에서 어떻게 발현하고 싶은지도 그 사람의 능력을 어떻게 발현하고 싶은지도 한번 들어보겠습니다. 그래서 그런 것들의 도움을 줄 수 있다고 한다면 제가 도와줄 수 있는 방향 함께 일할 수 있는 방향으로 동료를 좀 설득해 보겠습니다. 직장 동료가 함께 일하는데 많이 적응 시간이 필요한데 내 직장 동료가 변한다고 한다면 저도 힘들기 때문에 같이 헤쳐나갈 수 있는 방향을 선택하겠습니다.","wordCount":135},"emotion":[],"intent":[{"text":"","expression":"","category":"attitude"}],"summary":{"text":"이직의 목적이 급여, 업무 역량, 자신의 능력 발휘 등이라고 하는 직장 동료가 있을 경우 회사에서 추구하는 것들을 같이 한번 이야기해보고 그 사람의 시점에서 어떻게 발현하고 싶는지 한번 들어보겠습니다. 그런 것들의 도움을 줄 수 있다면 함께 일할 수 있는 방향으로 설득해 보겠습니다.","wordCount":41}}},"rawDataInfo":{"question":{"fileFormat":"wav","fileSize":382798,"duration":11960,"samplingBit":16,"channelCount":1,"samplingRate":"16kHz","audioPath":"/Mock/01.Management/Female/New/ckmk_q_bm_f_n_173767.wav"},"answer":{"fileFormat":"wav","fileSize":2694478,"duration":84200,"samplingBit":16,"channelCount":1,"samplingRate":"16kHz","audioPath":"/Mock/01.Management/Female/New/ckmk_a_bm_f_n_173767.wav"}}}