{"version":"1.0","dataSet":{"info":{"date":"20230116","occupation":"BM","channel":"MOCK","place":"ONLINE","gender":"FEMALE","ageRange":"-34","experience":"NEW"},"question":{"raw":{"text":"만약 본인에게 상위 일 퍼센트의 능력이 있다면 그것이 어떤 능력인지 그것에 대해 최대한 자세하게 설명해 주세요","wordCount":16},"emotion":[],"intent":[]},"answer":{"raw":{"text":"제가 갖고 있는 상위 일 퍼센트 능력이 있다면 그 능력을 최대한 자세하게 설명해 달라고 하셨는데 제가 생각해보니까 저는 사실 글을 쓰는 것을 굉장히 좋아합니다. 어렸을 적부터 저보고 항상 글쓰기 대회에 나갔는데 그때마다 항상 상을 타 오곤 했었는데 제가 책도 열심히 읽었었고 그리고 글을 쓸 때 제 스트레스가 풀린다라는 생각이 많이 들어서 글을 열심히 썼던 것 같습니다. 그 능력을 제가 키우기 위해서 저는 매일 일기를 쓰기도 하고 제가 생각나는 것을 스마트폰 메모장에 써서 제가 기억에 남는 것을 구절 구절 구절마다 쓰곤 했습니다. 그래서 저는 제 능력이 있다면 글쓰기 능력이라고 생각을 하는데 그 능력을 좀 더 펼치기 위해서는 제가 좀 더 노력을 하고 글을 더 열심히 쓰고 남는 시간에 책도 많이 읽으면서 글쓰기 실력을 배양해 보려고 합니다. 그래서 저에게 주어진 능력 하면 글쓰기 능력이라고 생각합니다.","wordCount":123},"emotion":[],"intent":[{"text":"그래서 저는 제 능력이 있다면 글쓰기 능력이라고 생각을 하는데 그 능력을   좀 더 펼치기 위해서는 제가 좀 더 노력을 하고 글을 더 열심히 쓰고   남는 시간에 책도 많이 읽으면서 글쓰기 실력을 배양해 보려고 합니다.","expression":"c_imp","category":"personality"}],"summary":{"text":"저는 글을 쓰는 것을 굉장히 좋아하는데, 그 능력을 키우기 위해 매일 일기를 쓰기도 하고 생각나는 것을 메모장에 써서 기억에 남는 것을 구절 구절마다 쓰곤 했습니다. 그 능력을 좀 더 펼치기 위해 글을 더 열심히 쓰고 책도 많이 읽으면서 글쓰기 실력을 배양해 보려고 합니다.","wordCount":43}}},"rawDataInfo":{"question":{"fileFormat":"wav","fileSize":316238,"duration":9880,"samplingBit":16,"channelCount":1,"samplingRate":"16kHz","audioPath":"/Mock/01.Management/Female/New/ckmk_q_bm_f_n_175194.wav"},"answer":{"fileFormat":"wav","fileSize":2432718,"duration":76020,"samplingBit":16,"channelCount":1,"samplingRate":"16kHz","audioPath":"/Mock/01.Management/Female/New/ckmk_a_bm_f_n_175194.wav"}}}