{"version":"1.0","dataSet":{"info":{"date":"20230116","occupation":"BM","channel":"MOCK","place":"ONLINE","gender":"FEMALE","ageRange":"-34","experience":"NEW"},"question":{"raw":{"text":"지원자분께서는 배달의 민족을 사용하시면서 서비스에 있어서 아쉬운 부분이 있으셨는지 궁금합니다 있으셨다고 한다면 그 부분이 무엇이었는지에 대해서 말씀해 주시면 좋겠습니다","wordCount":19},"emotion":[],"intent":[]},"answer":{"raw":{"text":"배달의 민족을 사용하면서 서비스의 아쉬웠던 부분 저는 배달의 민족이 굉장히 편한 서비스여서 사실 몇 년 전부터 계속 사용을 하고 있었는데 요즘 다른 배달 어플들이 굉장히 성행을 했습니다. 특히 굉장히 배달의 민족은 뭐 할인 쿠폰이 그렇게 많지는 않았던 것 같은데 다른 배달 어플이 할인 쿠폰을 대량으로 많이 보내면서 저는 좀 다른 어플을 사용하게 됐기도 했거든요. 그래서 그런 점이 좀 배달 가격을 조금 더 인하하면 좋지 않을까 라고 생각이 들었고 그리고 두 번째로는 어 요금을 기입을 할 때 다른 어플은 그냥 사실 바로 돈을 입금할 수가 있었는데 제가 예전에 배달의 민족 사용할 때 생각해보면 카드를 번호도 찍어야 되고 조금 더 불편했던 것 같아요. 그래서 그런 점을 조금 더 개선하면은 더 좋은 어플이 되지 않을까 다시 배달을 어플로는 굉장히 좋은 어플이 되지 않을까 라고 생각이 듭니다.","wordCount":123},"emotion":[{"text":"그래서 그런 점이 좀   배달 가격을 조금 더 인하하면 좋지 않을까 라고 생각이 들었고 그리고 두 번째로는   어 요금을 기입을 할 때 다른 어플은 그냥 사실 바로   돈을 입금할 수가 있었는데 제가 예전에 배달의 민족 사용할 때 생각해보면 카드를 번호도 찍어야 되고 조금 더 불편했던 것 같아요.","expression":"n-distress","category":"negative"}],"intent":[{"text":"그래서 그런 점이 좀   배달 가격을 조금 더 인하하면 좋지 않을까 라고 생각이 들었고 그리고 두 번째로는   어 요금을 기입을 할 때 다른 어플은 그냥 사실 바로   돈을 입금할 수가 있었는데 제가 예전에 배달의 민족 사용할 때 생각해보면 카드를 번호도 찍어야 되고 조금 더 불편했던 것 같아요.","expression":"m_critical","category":"attitude"}],"summary":{"text":"배달의 민족을 사용하면서 아쉬운 부분은 할인쿠폰의 대량 발송으로 인해 다른 어플을 사용하게 된 점인데, 배달 가격을 인하하는 것이 좋겠습니다. 또한, 카드 번호 입력의 불편함이 있었는데, 이를 개선하면 더 좋은 어플이 될 수 있을 것 같습니다.","wordCount":35}}},"rawDataInfo":{"question":{"fileFormat":"wav","fileSize":590798,"duration":18460,"samplingBit":16,"channelCount":1,"samplingRate":"16kHz","audioPath":"/Mock/01.Management/Female/New/ckmk_q_bm_f_n_175931.wav"},"answer":{"fileFormat":"wav","fileSize":2516558,"duration":78640,"samplingBit":16,"channelCount":1,"samplingRate":"16kHz","audioPath":"/Mock/01.Management/Female/New/ckmk_a_bm_f_n_175931.wav"}}}