{"version":"1.0","dataSet":{"info":{"date":"20230116","occupation":"BM","channel":"MOCK","place":"ONLINE","gender":"FEMALE","ageRange":"-34","experience":"NEW"},"question":{"raw":{"text":"지원자께서 대학에서 배운 전공 과목 중에서 가장 기억에 남는 과목이 무엇인지 궁금합니다 그중 한 가지만 골라서 말씀해 주시길 바랍니다","wordCount":19},"emotion":[],"intent":[]},"answer":{"raw":{"text":"대학에서 배운 저의 전공 과목 중에 가장 기억에 남는 과목은 사회 복지 조사론입니다. 사회 복지 조사론은 음 사회복지 부분에 있어서 다양하게 조사를 할 일이 많습니다. 예를 들어서 설문지와 관련된 법이라든지 아니면 전화 인터뷰 아니면 대면 인터뷰 그러한 것들을 어떻게 하면 효과적으로 할 수 있을지에 대한 것을 배우는 과목인데요. 이 이 과목이 가장 기억에 남는 이유는 이 이런 조사 관련된 방법론과 어 그리고 스킬은 제가 어떤 회사에 입사를 하더라도 필요성이 있겠다 이게 쓰임새가 있겠다 라는 생각이 들어서 열심히 어 배움에 임했던 것으로 배움에 임했던 것이 생각나서 입니다. 음 확실히 이전 회사에서도 이런 조사론적인 방법이 많이 활용이 되었고 그래서 전공 서적을 버리지 않고 계속해서 가지고 다니면서 참고했던 기억이 있습니다.","wordCount":107},"emotion":[],"intent":[{"text":"","expression":"","category":"attitude"}],"summary":{"text":"대학에서 배운 과목 중 가장 인상적인 과목은 사회 복지 조사론인데, 사회 복지 부분에서 조사를 할 일이 많기 때문에  설문지와 관련된 법이라든지 전화 인터뷰나 대면 인터뷰를 어떻게 하면 효과적으로 할 수 있을지 배우는 과목이라 가장 기억에 남습니다. 이전 회사에서도 조사론적인 방법이 많이 활용되어서 전공 서적을 가지고 다니며 참고했던 기억이 있습니다.","wordCount":49}}},"rawDataInfo":{"question":{"fileFormat":"wav","fileSize":499278,"duration":15600,"samplingBit":16,"channelCount":1,"samplingRate":"16kHz","audioPath":"/Mock/01.Management/Female/New/ckmk_q_bm_f_n_174963.wav"},"answer":{"fileFormat":"wav","fileSize":2420558,"duration":75640,"samplingBit":16,"channelCount":1,"samplingRate":"16kHz","audioPath":"/Mock/01.Management/Female/New/ckmk_a_bm_f_n_174963.wav"}}}