{"version":"1.0","dataSet":{"info":{"date":"20230116","occupation":"BM","channel":"MOCK","place":"ONLINE","gender":"FEMALE","ageRange":"35-44","experience":"NEW"},"question":{"raw":{"text":"어 보고서 등 어 문서 작성 시 어 실수를 방지하려면 어떻게 해야 되는지 본인의 그 과거 경험을 토대로 자세히 설명해 주시기 바랍니다","wordCount":22},"emotion":[],"intent":[]},"answer":{"raw":{"text":"일단은 그 같이 일하는 팀에서 통일된 문서 양식이 꼭 존재해야 한다고 생각을 합니다. 어 어떠한 곳은 좀 그 문서화된 게 지나치게 거기에 의존하는 경우도 있지만 그래도 우리가 같이 일을 하는 공간에서는 그 문서 같은 경우는 통일된 양식이 있어야 서로 오해도 쌓이지 않고 조금 더 효율적으로 시간을 사용할 수 있다고 저는 믿고 있어서 일단은 그런 작성할 때 실수를 방지하려면 그 충분한 통일된 양식이 있어야 한다고 생각을 하구요. 그리고 일단은 생각보다 많은 사람들이 그 문서를 다시 검토하는 시간을 안 가지는 편이더라구요. 그래서 그것들을 좀 꼼꼼하게 다시 검토를 하는 습관 자체를 처음에 들어와서 일을 배울 때 약속처럼 이행해야 한다고 생각을 합니다. 어 대개 사소한 습관일 수도 있지만 그런 것들이 좀 엄청난 실수로 이어지는 거를 방지해 준다고 생각을 하거든요. 그래서 우리가 정말 한 칸 한 칸 그 문서의 모든 요소들을 다 제대로 작성을 했는지 꼭 작성을 하고 나서 마지막에 쑥 훑어보는 그 습관을 모두가 길러야 한다고 생각합니다.","wordCount":143},"emotion":[],"intent":[{"text":"","expression":"","category":"attitude"}],"summary":{"text":"문서 작성 시 실수를 방지하고 효율적으로 시간을 사용할 수 있도록 통일된 양식이 문서에 존재해야 합니다. 문서 검토 시간을 줄이고 실수를 방지하는 습관 자체를 업무 습득 시 약속처럼 이행해야 한다 생각합니다. 문서 작성 후 마지막에 훑어보는 습관을 모두가 길러야 합니다.","wordCount":39}}},"rawDataInfo":{"question":{"fileFormat":"wav","fileSize":610958,"duration":19090,"samplingBit":16,"channelCount":1,"samplingRate":"16kHz","audioPath":"/Mock/01.Management/Female/New/ckmk_q_bm_f_n_181770.wav"},"answer":{"fileFormat":"wav","fileSize":2768078,"duration":86500,"samplingBit":16,"channelCount":1,"samplingRate":"16kHz","audioPath":"/Mock/01.Management/Female/New/ckmk_a_bm_f_n_181770.wav"}}}