{"version":"1.0","dataSet":{"info":{"date":"20230116","occupation":"BM","channel":"MOCK","place":"ONLINE","gender":"FEMALE","ageRange":"-34","experience":"NEW"},"question":{"raw":{"text":"본인이 창의적으로 직접 문제를 해결한 경험이 있나요 있다면 그 과정을 최대한 자세하게 설명해 주세요","wordCount":14},"emotion":[],"intent":[]},"answer":{"raw":{"text":"제가 살면서 어떠한 문제를 직면했을 때 창의적으로 문제를 해결한 경우를 많이 없지만 그중에 가장 기억에 남는 것을 말씀드린다면 친한 사람들과 여행을 가는 일이었습니다. 정말 다 잘 맞는다고 생각하고 여행을 떠났는데 비슷한 성격의 사람들끼리 친해서서인가 다들 자기 주장이 너무 강하고 심해서 뭐 하나 의견이 맞는 것이 없습니다. 그리고 한 사람이 양보를 하고 한 사람이 들어줘야 그나마 여행이 계획이 어우러지는데 그것도 되지 않으나 난항을 겪을 때 제가 뽑기를 해서 뭐 홀수 시간에는 의견을 내고 짝수 시간에는 의견을 들어주는 등 그렇게 일을 진행해서 여행을 비교적 수월하게 끝낸 경험이 있습니다.","wordCount":86},"emotion":[],"intent":[{"text":"","expression":"","category":"attitude"}],"summary":{"text":"친한 사람들과 여행을 가는 일이 가장 기억에 남습니다. 비슷한 성격의 사람들끼리 친해서 의견이 맞는 것이 없었고, 한 사람이 양보하고 한 사람이 들어줘야 여행이 조화로워지는데 그렇게 일을 진행해서 여행을 잘 마친 경험이 있습니다.","wordCount":32}}},"rawDataInfo":{"question":{"fileFormat":"wav","fileSize":306638,"duration":9580,"samplingBit":16,"channelCount":1,"samplingRate":"16kHz","audioPath":"/Mock/01.Management/Female/New/ckmk_q_bm_f_n_178341.wav"},"answer":{"fileFormat":"wav","fileSize":2021198,"duration":63160,"samplingBit":16,"channelCount":1,"samplingRate":"16kHz","audioPath":"/Mock/01.Management/Female/New/ckmk_a_bm_f_n_178341.wav"}}}