{"version":"1.0","dataSet":{"info":{"date":"20230116","occupation":"BM","channel":"MOCK","place":"ONLINE","gender":"FEMALE","ageRange":"-34","experience":"NEW"},"question":{"raw":{"text":"면접자님께서는 일을 하게 될 때 영어로 서류를 작성해야 되는 일이 생길 수가 있어요 그렇게 된다면 지원자님께서는 영어로 서류를 작성하는 게 가능하신 건가요","wordCount":22},"emotion":[],"intent":[]},"answer":{"raw":{"text":"일을 하다 보면 영어로 서류를 작성할 수 있는데요. 어 저는 이 회사에 지원하기 전부터 영어 스터디를 쭉 해왔습니다. 영어는 만국인의 공통 언어라고 할 수 있는데요. 이 영어를 함에 따라서 어 사귈 수 있는 친구의 수와 그리고 깊이와 달라진다고 생각하고 제가 어떤 일을 하더라도 이 영어라는 언어를 하나 배워 놓으면 어 쓰임새가 많겠다고 생각해서 영어 공부를 꾸준히 해왔습니다. 어 그렇기 때문에 영어로 서류를 작성할 일이 있으면 저는 겁내지 않고 자신감 있게 어 서류를 작성할 수 있을 것 같고요. 어 앞으로도 회사에 입사를 하더라도 영어 공부를 꾸준히 해서 회사에 도움이 될 수 있도록 하겠습니다.","wordCount":92},"emotion":[],"intent":[{"text":"","expression":"","category":"attitude"}],"summary":{"text":"영어는 만국인의 공통 언어입니다. 영어를 함에 따라 사귈 수 있는 친구의 수와 깊이와 달라집니다. 그래서 어떤 일을 하더라도 영어라는 언어를 하나 배워 놓으면 어 쓰임새가 많겠다고 생각해서 영어 공부를 꾸준히 해왔습니다.","wordCount":31}}},"rawDataInfo":{"question":{"fileFormat":"wav","fileSize":542798,"duration":16960,"samplingBit":16,"channelCount":1,"samplingRate":"16kHz","audioPath":"/Mock/01.Management/Female/New/ckmk_q_bm_f_n_184226.wav"},"answer":{"fileFormat":"wav","fileSize":2027598,"duration":63360,"samplingBit":16,"channelCount":1,"samplingRate":"16kHz","audioPath":"/Mock/01.Management/Female/New/ckmk_a_bm_f_n_184226.wav"}}}