{"version":"1.0","dataSet":{"info":{"date":"20230116","occupation":"BM","channel":"MOCK","place":"ONLINE","gender":"FEMALE","ageRange":"-34","experience":"NEW"},"question":{"raw":{"text":"지원자님께서 최근에 흥미를 갖고 어 재미있게 하고 있는 일이 궁금하거든요 어 어떤 일을 하시는지 말씀해 주시고 또 왜 그 일이 흥미 있는지에 관해서도 설명 부탁드릴게요","wordCount":25},"emotion":[],"intent":[]},"answer":{"raw":{"text":"제가 최근에 재미있게 하고 있는 일은 운동입니다. 운동 중에 제가 하고 있는 것은 크로스핏과 요가인데요. 저는 운동을 그렇게 좋아하지 않는 사람이었습니다. 그래서 운동을 하게 된 이유도 다이어트 때문이었는데요. 어 다이어트 때문에 시작을 했더라도 운동이 재미가 없었다면 그렇게 오래 할 할 수 없었을 것 같습니다. 하지만 크로스핏이라는 운동 그리고 요가라는 운동을 꾸준히 하다 보니 운동을 하고 난 뒤에 성취감도 저에게 좋은 영향을 주었고 그리고 가장 중요한 것은 체력이 좋아짐에 따라서 일을 하고 난 뒤에 제 삶이 더 윤택하 해지는 것을 깨닫게 되었습니다. 그래서 일 하고 난 뒤에 어 조금 더 제 삶을 밸런스 있게 맞춰가기 위해서는 체력이 가장 중요하구나 그리고 그 체력을 높이기 위해서는 운동을 꾸준히 하는 것이 저에게 많이 많은 도움이 되겠구나 라는 생각이 들었고 지금도 아주 즐겁게 운동을 하고 있습니다.","wordCount":121},"emotion":[],"intent":[{"text":"","expression":"","category":"attitude"}],"summary":{"text":"저는 운동을 별로 좋아하지 않았습니다. 하지만 크로스핏이라는 운동과 요가라는 운동을 꾸준히 하다 보니 운동을 하고 난 뒤에 성취감도 좋은 영향을 주었고, 가장 중요한 것은 체력이 좋아짐에 따라서 일을 하고 난 후에 제 삶이 더 윤택해지는 것을 깨닫게 되었습니다. 지금 아주 즐겁게 운동을 하고 있습니다.","wordCount":44}}},"rawDataInfo":{"question":{"fileFormat":"wav","fileSize":586958,"duration":18340,"samplingBit":16,"channelCount":1,"samplingRate":"16kHz","audioPath":"/Mock/01.Management/Female/New/ckmk_q_bm_f_n_184225.wav"},"answer":{"fileFormat":"wav","fileSize":2440718,"duration":76270,"samplingBit":16,"channelCount":1,"samplingRate":"16kHz","audioPath":"/Mock/01.Management/Female/New/ckmk_a_bm_f_n_184225.wav"}}}