{"version":"1.0","dataSet":{"info":{"date":"20230116","occupation":"BM","channel":"MOCK","place":"ONLINE","gender":"FEMALE","ageRange":"-34","experience":"NEW"},"question":{"raw":{"text":"면접자님은 따로 이루고 싶은 인생의 목표가 있으실까요 만약 있으시다면 왜 그것을 이루고 싶어하는지도 함께 말씀 부탁드립니다","wordCount":16},"emotion":[],"intent":[]},"answer":{"raw":{"text":"저는 경영 분야에 있어서 전문가로 거듭나고 싶습니다. 제 전공이 경영학과이기 때문에 경영 분야에서 최고 권위자가 되거나 전문가로 거듭날 수 있다면 제가 배운 것이 허투루 되지 않았다는 것을 깨닫고 성취감을 느낄 수 있을 것 같습니다. 그러기 위해서 저는 꾸준히 경영 관련 학습을 이어나가고 있고 휴일을 이용해서도 제가 부족한 부분을 꾸준히 보충하기 위해 노력하고 있습니다. 이러한 노력을 거듭해 나간다면 남들에게 뒤쳐지지 않을 수 있고 제가 원하는 바를 향해 좀 더 가까이 나아갈 수 있다고 생각합니다. 그래서 이러한 노력을 반복하여 제 꿈에 가까워질 수 있도록 노력하고 또한 경영을 학습하는 데 있어서 어려움이 있다면 주변 전문가나 저보다 더 많이 학습한 분에게 도움을 구하고 어떻게 하면 좋을지 조언도 얻으면서 피드백을 반영하여 더 빠르게 나아갈 수 있도록 할 것입니다.","wordCount":113},"emotion":[],"intent":[{"text":"","expression":"","category":"attitude"}],"summary":{"text":"저는 전공이 경영학과이기 때문에 경영 분야에서 최고 권위자가 되거나 전문가로 거듭날 수 있다면 성취감을 느낄 수 있을 것 같습니다. 주변 전문가나 저보다 더 많이 학습한 분에게 도움을 구하고 조언도 얻으면서 피드백을 반영하여 더 빠르게 나아갈 수 있도록 할 것입니다.","wordCount":39}}},"rawDataInfo":{"question":{"fileFormat":"wav","fileSize":549198,"duration":17160,"samplingBit":16,"channelCount":1,"samplingRate":"16kHz","audioPath":"/Mock/01.Management/Female/New/ckmk_q_bm_f_n_178385.wav"},"answer":{"fileFormat":"wav","fileSize":2826958,"duration":88340,"samplingBit":16,"channelCount":1,"samplingRate":"16kHz","audioPath":"/Mock/01.Management/Female/New/ckmk_a_bm_f_n_178385.wav"}}}