{"version":"1.0","dataSet":{"info":{"date":"20230116","occupation":"BM","channel":"MOCK","place":"ONLINE","gender":"FEMALE","ageRange":"45-54","experience":"NEW"},"question":{"raw":{"text":"일을 하게 된다면 자료를 문서화해야 할 일이 굉장히 많은데요 지원자님은 이런 문서화 작업이 왜 필요하다고 생각하시는지 말씀해 주시길 바랍니다","wordCount":19},"emotion":[],"intent":[]},"answer":{"raw":{"text":"어 일단 회사 업무가 문서로 시작해서 문서로 끝나는 게 아닌지 어 저는 그렇게 말씀드릴 수 있구요. 문서화 작업이라는 게 그까 그 문자가 생기고 문서가 생겼기 때문에 뭐 역사적으로도 과거를 알고 그러다 보니 현재가 있고 미래가 있는 것처럼 회사도 이런 문서화 작업을 통해서 앞으로 발전할 수도 있는 거구요. 또 그냥 구두로 얘기하면 어 그게 누구의 잘 잘못이라던지 이런 걸 따지기도 어렵고 기억하기가 어렵기 때문에 문서화 작업은 당연한 거고 당연히 필요한 거고 없어서는 안 된다 라고 생각합니다.","wordCount":75},"emotion":[],"intent":[{"text":"","expression":"","category":"attitude"}],"summary":{"text":"문서화 작업은 문서로 시작해서 문서로 끝나는 것이 아니라 문서화 작업을 통해서 앞으로 발전할 수도 있고 구두로 얘기하는 걸 따져치기도 어렵기 때문에 당연히 필요하고 없어서는 안 된다 라고 생각합니다.","wordCount":28}}},"rawDataInfo":{"question":{"fileFormat":"wav","fileSize":588238,"duration":18380,"samplingBit":16,"channelCount":1,"samplingRate":"16kHz","audioPath":"/Mock/01.Management/Female/New/ckmk_q_bm_f_n_175371.wav"},"answer":{"fileFormat":"wav","fileSize":1515598,"duration":47360,"samplingBit":16,"channelCount":1,"samplingRate":"16kHz","audioPath":"/Mock/01.Management/Female/New/ckmk_a_bm_f_n_175371.wav"}}}