{"version":"1.0","dataSet":{"info":{"date":"20230116","occupation":"BM","channel":"MOCK","place":"ONLINE","gender":"FEMALE","ageRange":"-34","experience":"NEW"},"question":{"raw":{"text":"지금까지 해 본 여러 대외 활동 중 무엇을 배웠고 어떤 자세로 임했는지 말씀해 주세요","wordCount":14},"emotion":[],"intent":[]},"answer":{"raw":{"text":"어 그동안 여러 가지 대외 활동을 하면서 항상 많은 인원이 한 팀이 되어서 한 가지 목표를 두고 프로젝트를 진행하는 것이 대부분이었습니다. 대부분 어 많은 의 인원이 팀이 되다 보니 자기의 의견이 조금 더 반영이 되었으면 하고 그 방향으로 진행되었으면 하는 욕심들이 있습니다. 그래서 사공이 많아서 배가 산으로 가는 다 문제가 빈번하게 발생을 하는데요. 그때마다 어 나의 욕심을 차리기보다는 음 정말로 이 결과물에서 이 우리 팀에서 어 정말 좋은 결과를 낼 수 있는 정말 좋은 방안은 무엇인가 이런 것들을 좀 더 객관적으로 어 들어보고 또 그것에 힘을 주 힘을 실어주고 그렇게 의견을 공유하는 방법을 많이 배웠습니다. 물론 저의 의견도 상대방에게 설득해 보고 싶어서 어 그렇게 음 상대방에게 설득하는 것을 배우기도 했고요. 또 상대방의 의견을 내 의견과 같이 어 묶어서 중간점을 참는 것도 많이 배웠던 것 같습니다.","wordCount":125},"emotion":[],"intent":[{"text":"그때마다 어 나의 욕심을 차리기보다는   음 정말로 이 결과물에서 이 우리 팀에서 어 정말 좋은 결과를 낼 수 있는 정말 좋은 방안은 무엇인가 이런 것들을 좀 더 객관적으로   어 들어보고 또 그것에 힘을 주 힘을 실어주고 그렇게 의견을 공유하는 방법을 많이 배웠습니다.","expression":"c_cop","category":"personality"}],"summary":{"text":"그동안 대외 활동을 하며 많은 인원이 팀이 되어 한 가지 목표를 두고 프로젝트를 진행하는 것이 대부분이었습니다. 그러다 보니 자신의 의견이 조금 더 반영이 되었으면 하는 욕심들이 있었습니다. 그래서 결과물에서 좋은 결과를 낼 수 있는 좋은 방안은 무엇인가에 대해 의견을 공유하는 방법을 많이 배웠습니다.","wordCount":43}}},"rawDataInfo":{"question":{"fileFormat":"wav","fileSize":323278,"duration":10100,"samplingBit":16,"channelCount":1,"samplingRate":"16kHz","audioPath":"/Mock/01.Management/Female/New/ckmk_q_bm_f_n_172617.wav"},"answer":{"fileFormat":"wav","fileSize":2812238,"duration":87880,"samplingBit":16,"channelCount":1,"samplingRate":"16kHz","audioPath":"/Mock/01.Management/Female/New/ckmk_a_bm_f_n_172617.wav"}}}