{"version":"1.0","dataSet":{"info":{"date":"20230116","occupation":"BM","channel":"MOCK","place":"ONLINE","gender":"FEMALE","ageRange":"-34","experience":"NEW"},"question":{"raw":{"text":"지원자님께서는 일을 하다 보시면 다른 지역에서 업무를 수행할 가능성이 있으신데요 그렇다면 타 지역 근무도 문제 없이 가능하신지에 대해서 답변 부탁드립니다","wordCount":20},"emotion":[],"intent":[]},"answer":{"raw":{"text":"일을 하다보면 다른 지역에서도 업무를 수행할 수 없고 타수역 근무는 전 정말 문제가 없습니다. 왜냐하면 저는 예전에 아르바이트를 할 때도 돈을 벌기 위해서 정말 멀리 가서도 일을 하고 그랬었는데요. 그때 저는 굉장히 우선순위를 금 우선 순위가 명확하다면 일 순위가 아닌 다른 순위는 그렇게 크게 문제가 되지 않았던 것 같습니다. 만약에 제가 업무를 하기에 있어서 그 지역에서 일을 하는 것이 불가피하다면 제 일 순위는 그 업무를 안전하고 좋게 마무리하는 것이기 때문에 이 순위 삼 순위 타 지역 근 타 지역에서 근무하는 것은 저에게 전혀 문제가 없습니다.","wordCount":85},"emotion":[],"intent":[{"text":"","expression":"","category":"attitude"}],"summary":{"text":"업무가 불가피하다면 제 일 순위는 그 업무를 안전하고 좋게 마무리하는 것이기 때문에 이 순위 삼 순위 타 지역 근 타 지역에서 근무하는 것은 제가 전혀 문제가 없습니다.","wordCount":27}}},"rawDataInfo":{"question":{"fileFormat":"wav","fileSize":493198,"duration":15410,"samplingBit":16,"channelCount":1,"samplingRate":"16kHz","audioPath":"/Mock/01.Management/Female/New/ckmk_q_bm_f_n_178525.wav"},"answer":{"fileFormat":"wav","fileSize":1781198,"duration":55660,"samplingBit":16,"channelCount":1,"samplingRate":"16kHz","audioPath":"/Mock/01.Management/Female/New/ckmk_a_bm_f_n_178525.wav"}}}