{"version":"1.0","dataSet":{"info":{"date":"20230116","occupation":"BM","channel":"MOCK","place":"ONLINE","gender":"FEMALE","ageRange":"-34","experience":"NEW"},"question":{"raw":{"text":"지원자님은 지금 해당 직무에 지원을 해 주셨는데요 이 직무가 아닌 다른 직무에 배치가 된다면 또 다른 부서에 배치가 된다면 어떻게 하실 예정이신가요 그래도 업무를 계속 하실 예정이신가요","wordCount":27},"emotion":[],"intent":[]},"answer":{"raw":{"text":"제가 지금 지원한 이 직무가 아닌 다른 부서에 배치되게 된다면 저는 그렇다 하더라도 그 부서에 우선적으로 잘 적응할 수 있도록 노력을 최대한의 노력을 할 것입니다. 어 업무 매뉴얼과 그리고 그 직무에 관련한 서적 어 그리고 다양한 유튜브 채널에서 이런 정보들을 얻어서 그 일을 제가 잘 해낼 수 있도록 노력을 할 것이고 제 저에게 너무 맞지 않는 직무라서 제가 노력을 했는데도 그것이 잘 수행되지 않아서 회사에 폐해를 끼치는 것 같은 느낌이 든다면 저의 선배나 상사 분들과 이야기를 해서 제가 잘 할 수 있는 부분을 어필을 하겠습니다.그래서 음 정말 노력을 했는데 또 되지 않는다면 다른 직무로 배치 받을 수 있도록 어 저의 의견을 어필할 생각입니다.","wordCount":103},"emotion":[],"intent":[{"text":"어 업무 매뉴얼과 그리고 그 직무에 관련한 서적 어 그리고 다양한   유튜브 채널에서 이런 정보들을 얻어서 그 일을 제가 잘 해낼 수 있도록 노력을 할 것이고 제 저에게 너무 맞지 않는 직무라서    제가 노력을 했는데도 그것이 잘 수행되지 않아서 회사에 폐해를 끼치는 것 같은 느낌이 든다면   저의 선배나 상사 분들과 이야기를 해서 제가 잘 할 수 있는 부분을 어필을 하겠습니다.","expression":"c_adp","category":"personality"},{"text":"그래서   음 정말 노력을 했는데 또 되지 않는다면 다른 직무로 배치 받을 수 있도록 어 저의 의견을 어필할 생각입니다.","expression":"c_adp","category":"personality"}],"summary":{"text":"업무 매뉴얼, 서적, 유튜브 등에서 정보를 얻어 업무를 잘 해낼 수 있도록 노력할 것이고, 부적합한 직무가 수행되지 않아 회사에 폐해가 끼치는 것 같다면 선배, 상사들에게 어필하겠습니다. 노력을 했는데 또 되지 않는다면 다른 직무로 배치 받을 수 있도록 하겠습니다.","wordCount":38}}},"rawDataInfo":{"question":{"fileFormat":"wav","fileSize":521678,"duration":16300,"samplingBit":16,"channelCount":1,"samplingRate":"16kHz","audioPath":"/Mock/01.Management/Female/New/ckmk_q_bm_f_n_170407.wav"},"answer":{"fileFormat":"wav","fileSize":2021838,"duration":63180,"samplingBit":16,"channelCount":1,"samplingRate":"16kHz","audioPath":"/Mock/01.Management/Female/New/ckmk_a_bm_f_n_170407.wav"}}}