{"version":"1.0","dataSet":{"info":{"date":"20230116","occupation":"BM","channel":"MOCK","place":"ONLINE","gender":"FEMALE","ageRange":"-34","experience":"NEW"},"question":{"raw":{"text":"지원자님께서는 어 지원하신 업무가 있으시겠지만 어 입사 후에 기존에 원하던 일을 못 하게 되실 수도 있습니다 이런 경우에는 어떻게 하시겠습니까 그리고 그렇게 하는 이유도 말씀해 주세요","wordCount":26},"emotion":[],"intent":[]},"answer":{"raw":{"text":"제가 만약에 입사한 이후에 제가 기존에 하던 일을 못 하게 되는 경우는 아마 그 이유가 있을 것이라고 생각됩니다. 제 저를 만약에 뽑으실 때 제가 필요한 업무가 있기 때문에 저를 뽑으시는 거라고 생각하는데 제가 기존에 원하던 일을 못하고 다른 일을 저에게 업무 배정을 해 주셨다면 그거는 그에 맞는 이유가 있을 거라고 생각합니다. 다양한 경험은 꼭 배움이 되기 때문에 제가 원하던 일을 하지 못하게 되더라도 그 일은 저의 경험이 되고 또한 피와 땀이 되어 어떠한 거름이 될 수 있을 것이라고 생각됩니다. 그러므로 제가 원하던 일을 하지 못하게 되어도 이것에 실망하고 좌절하지 않고 새롭게 시작하게 되는 일에서 많은 것들을 배우도록 노력하겠습니다. 그래서 그 분야에서 또 마 한 많은 성과를 이루고 난 뒤에 그 다음에 제가 더 할 수 있는 능력을 키우게 되면 그때는 제가 원하는 일을 할 수 있게 될 수도 있다 라고 생각합니다. 그때까지 저의 능력과 그리고 제가 할 수 있는 일의 범위들을 늘리는 것에 주요 목적을 두고 그 목표를 이룰 수 있도록 열심히 노력하겠습니다.","wordCount":153},"emotion":[],"intent":[{"text":"","expression":"","category":"attitude"}],"summary":{"text":"저는 입사한 이후 기존에 하던 일을 하지 못하게 되더라도 새로운 일에서 많은 것들을 배우도록 노력하겠습니다. 더 많은 성과를 이루고 난 후에 더 할 수 있는 능력을 키우게 되면 원하는 일을 할 수 있게 될 수도 있다고 생각합니다. 그때까지 저의 능력과 할 일의 범위들을 늘리는 것에 주요 목적을 두고 그 목표를 이룰 수 있도록 열심히 일하겠습니다.","wordCount":55}}},"rawDataInfo":{"question":{"fileFormat":"wav","fileSize":542158,"duration":16940,"samplingBit":16,"channelCount":1,"samplingRate":"16kHz","audioPath":"/Mock/01.Management/Female/New/ckmk_q_bm_f_n_183025.wav"},"answer":{"fileFormat":"wav","fileSize":2611918,"duration":81620,"samplingBit":16,"channelCount":1,"samplingRate":"16kHz","audioPath":"/Mock/01.Management/Female/New/ckmk_a_bm_f_n_183025.wav"}}}