{"version":"1.0","dataSet":{"info":{"date":"20230116","occupation":"BM","channel":"MOCK","place":"ONLINE","gender":"FEMALE","ageRange":"-34","experience":"NEW"},"question":{"raw":{"text":"지원자님 여러 사람들과 함께 일을 하다 보면 구성원들과 갈등이 생길 일이 많은데요 지원자님이 이럴 때 어떻게 해결하는지 설명 말씀해 주세요","wordCount":20},"emotion":[],"intent":[]},"answer":{"raw":{"text":"사람들과 협업을 하며 갈등이 생기는 것은 당연한 것입니다. 왜냐하면 모든 사람들의 생각과 성격은 다들 제각기이기 때문입니다. 하나의 일을 시작하기에 많은 자료 조사와 구체적인 계획이 필요한 사람 일단 일을 시작한 후 아이디어를 내며 문제를 풀어나가는 사람 메신저 같은 수단을 사용하며 일목요연하게 의견을 정리해 전달하는 사람 즉흥적으로 사람들과 자유롭게 의견을 내는 사람들 다양한 사람들과 다양한 문제해결 방식이 존재하고 그렇기 때문에 갈등이 생기는 것이라고 생각합니다. 그리고 이것을 아우르며 협업하는 것이 가장 어려운 문제라고 생각합니다. 저는 많은 대화와 나의 의견이 옳다고만 생각하는 자세를 버리고 이것은 최선의 결과를 내기 위한 공동체라는 마음을 로 접근하여 해결합니다.","wordCount":90},"emotion":[],"intent":[{"text":"저는 많은 대화와 나의 의견이 옳다고만 생각하는 자세를 버리고 이것은 최선의 결과를 내기 위한 공동체라는 마음을 로 접근하여 해결합니다.","expression":"c_confl_mg","category":"personality"}],"summary":{"text":"모든 사람들의 생각과 성격은 제각기이기 때문에 협업을 하며 갈등이 생기는 것은 당연한 것입니다. 그리고 이것을 아우르며 협업하는 것이 가장 어려운 문제라고 생각합니다. 저의 의견이 옳다고만 생각하는 자세를 버리고 공동체라는 마음으로 접근하여 해결합니다.","wordCount":32}}},"rawDataInfo":{"question":{"fileFormat":"wav","fileSize":424398,"duration":13260,"samplingBit":16,"channelCount":1,"samplingRate":"16kHz","audioPath":"/Mock/01.Management/Female/New/ckmk_q_bm_f_n_178202.wav"},"answer":{"fileFormat":"wav","fileSize":2075918,"duration":64870,"samplingBit":16,"channelCount":1,"samplingRate":"16kHz","audioPath":"/Mock/01.Management/Female/New/ckmk_a_bm_f_n_178202.wav"}}}