{"version":"1.0","dataSet":{"info":{"date":"20230116","occupation":"BM","channel":"MOCK","place":"ONLINE","gender":"FEMALE","ageRange":"-34","experience":"NEW"},"question":{"raw":{"text":"면접자님께서 창의적으로 어떤 문제를 해결한 경험이 있나요 그 과정을 자세하게 설명해 주세요","wordCount":12},"emotion":[],"intent":[]},"answer":{"raw":{"text":"저는 모든 문제를 창의적으로 해결하려고 노력한다고 생각을 합니다. 어떤 문제를 가지고 있을 때 그 문제를 어느 한계에 국한하지 않고 내 어떤 방법으로 생각을 할 수 있을까 이렇게 저한테 많이 묻는 편이고 저는 그 질문을 통해서 창의적으로 많이 선택을 하면서 이를 해결해 나가고 정답을 얻는다고 저는 생각합니다.","wordCount":46},"emotion":[],"intent":[{"text":"어떤 문제를 가지고 있을 때 그 문제를 어느 한계에 국한하지 않고 내 어떤 방법으로 생각을 할 수 있을까 이렇게 저한테 많이 묻는 편이고 저는 그 질문을 통해서 창의적으로 많이 선택을 하면서 이를 해결해 나가고 정답을 얻는다고 저는 생각합니다.","expression":"m_critical","category":"attitude"}],"summary":{"text":"모든 문제를 창의적으로 해결하고자 노력하며, 한계에 국한하지 않고 어떤 방법으로 생각을 할 수 있는지 질문하고 답을 얻으려 노력합니다.","wordCount":18}}},"rawDataInfo":{"question":{"fileFormat":"wav","fileSize":313326,"duration":9789,"samplingBit":16,"channelCount":1,"samplingRate":"16kHz","audioPath":"/Mock/01.Management/Female/New/ckmk_q_bm_f_n_177770.wav"},"answer":{"fileFormat":"wav","fileSize":1099918,"duration":34370,"samplingBit":16,"channelCount":1,"samplingRate":"16kHz","audioPath":"/Mock/01.Management/Female/New/ckmk_a_bm_f_n_177770.wav"}}}