{"version":"1.0","dataSet":{"info":{"date":"20230116","occupation":"BM","channel":"MOCK","place":"ONLINE","gender":"FEMALE","ageRange":"-34","experience":"NEW"},"question":{"raw":{"text":"동물 실험으로 인간이 얻을 수 있는 이익에는 무엇이 있을까요 또한 동물 실험에 대해 지원자님의 의견이 있으시다면 말씀해 주세요","wordCount":18},"emotion":[],"intent":[]},"answer":{"raw":{"text":"동물 실험이 인간에게 주는 이익은 어 인간에게 음 사전에 실험할 수 없는 그런 약품이나 또 화장품과 같은 그런 것들을 실험할 수 있는 실험체로서에 음 역할을 한다고 하면 그것이 인간에게 주는 이익이라고 생각을 하고요. 하지만 동물의 인권에 제가 관심이 많은 편인데 이 살아있는 생물을 인간이라는 이유만으로 그렇게 생명을 어 갈취하고 이용할 수 있는 그런 권리가 있는가에 대해서는 생각이 많습니다. 그래서 대체할 수 있는 부분이 있다면 대체를 할 수 있도록 인공 피부 이 인공 피부 어 를 만들어서 거기에 실험을 하거나 하는 식으로 뭔가의 대체제가 필요하다고 생각이 들고 하루빨리 그런 대체 할 수 있는 방법이 생겼으면 좋겠습니다.","wordCount":95},"emotion":[],"intent":[{"text":"동물 실험이 인간에게 주는 이익은 어 인간에게 음 사전에 실험할 수 없는 그런 약품이나 또   화장품과 같은 그런 것들을 실험할 수 있는 실험체로서에   음 역할을 한다고 하면 그것이 인간에게 주는 이익이라고 생각을 하고요.","expression":"m_critical","category":"attitude"},{"text":"하지만 동물의 인권에 제가   관심이 많은 편인데 이 살아있는 생물을 인간이라는 이유만으로 그렇게 생명을 어 갈취하고 이용할 수 있는 그런 권리가 있는가에 대해서는 생각이   많습니다.","expression":"m_critical","category":"attitude"}],"summary":{"text":"동물 실험이 인간에게 주는 이익은 약품이나 화장품 등을 실험할 수 있는 실험체로서의 역할을 한다는 것이라고 생각합니다. 또한 살아있는 생물을 인간이라는 이유만으로 갈취하고 이용할 수 있는 권리가 있는가에 대해서는 생각이 많습니다.","wordCount":30}}},"rawDataInfo":{"question":{"fileFormat":"wav","fileSize":356558,"duration":11140,"samplingBit":16,"channelCount":1,"samplingRate":"16kHz","audioPath":"/Mock/01.Management/Female/New/ckmk_q_bm_f_n_170092.wav"},"answer":{"fileFormat":"wav","fileSize":2257998,"duration":70560,"samplingBit":16,"channelCount":1,"samplingRate":"16kHz","audioPath":"/Mock/01.Management/Female/New/ckmk_a_bm_f_n_170092.wav"}}}