{"version":"1.0","dataSet":{"info":{"date":"20230116","occupation":"BM","channel":"MOCK","place":"ONLINE","gender":"FEMALE","ageRange":"-34","experience":"NEW"},"question":{"raw":{"text":"몇 년 전에 우버 택시와 관련해서 논란이 있었던 걸 알고 계실 겁니다 지원자님께서는 찬반 양론에 대해서 각각 어떤 생각을 가지고 계신지 궁금합니다","wordCount":22},"emotion":[],"intent":[]},"answer":{"raw":{"text":"저는 우버 택시 관련 논란 알고 있었는데 저는 우버가 정말 편한 어플이더라고요. 그래서 우버를 사용할 때 편했는데 택시 관련 업체에서는 물론 반대를 할 거라고 생각은 들긴 하더라고요. 근데 저는 우버에 대해서는 전 찬성을 하는 편입니다. 제가 우버를 사용할 때 사실 택시보다 더 편하다 라는 생각도 많이 들었었고 그리고 이 우선은 그 자동차 자체가 더 편하더라고요. 그래서 물론 택시 기사님들에게 생계에 위협이 갈 수가 있다고는 생각이 하지만 저는 다수의 사람들이 편리한 게 더 중요하다라는 생각이 들어서 저는 찬성을 하는 입장이고요. 하지만 지금 이제 우버에 관해서 거의 반대 여론도 많다는 사실을 알기 때문에 뭐 제 의견이 다 맞지는 않다 라고 생각을 합니다. 그런데 우선은 사실 우버 말고도 정말 다양한 에스엔에스 통해서 다양한 이동 업체의 어플이 있기 때문에 뭐 우버만 공격할 수는 없다고 생각합니다.","wordCount":121},"emotion":[],"intent":[{"text":"근데 저는   우버에 대해서는 전 찬성을 하는 편입니다.","expression":"m_critical","category":"attitude"},{"text":"그래서 물론 택시 기사님들에게 생계에 위협이 갈 수가 있다고는 생각이 하지만   저는 다수의 사람들이 편리한 게 더 중요하다라는 생각이 들어서 저는 찬성을 하는 입장이고요.","expression":"m_critical","category":"attitude"},{"text":"하지만 지금 이제 우버에 관해서   거의 반대 여론도 많다는 사실을 알기 때문에 뭐 제 의견이 다 맞지는 않다 라고 생각을 합니다.","expression":"m_critical","category":"attitude"},{"text":"그런데 우선은 사실 우버 말고도 정말 다양한 에스엔에스 통해서 다양한   이동 업체의 어플이 있기 때문에 뭐 우버만 공격할 수는 없다고 생각합니다.","expression":"m_critical","category":"attitude"}],"summary":{"text":"우버 택시 관련 논란 알고 있었는데, 우버가 편해서 택시 업체에서는 반대를 할 것 같지만, 전 찬성합니다. 우버가 택시보다 편하고 자동차 자체가 더 편해서 다수의 사람들이 편리하다는 점이 중요하기 때문입니다. 그런데 우버 외에도 다양한 이동 업체 어플이 있기 때문에 우버만 공격할 수는 없다고 생각합니다.","wordCount":43}}},"rawDataInfo":{"question":{"fileFormat":"wav","fileSize":454478,"duration":14200,"samplingBit":16,"channelCount":1,"samplingRate":"16kHz","audioPath":"/Mock/01.Management/Female/New/ckmk_q_bm_f_n_176208.wav"},"answer":{"fileFormat":"wav","fileSize":2426958,"duration":75840,"samplingBit":16,"channelCount":1,"samplingRate":"16kHz","audioPath":"/Mock/01.Management/Female/New/ckmk_a_bm_f_n_176208.wav"}}}