{"version":"1.0","dataSet":{"info":{"date":"20230116","occupation":"BM","channel":"MOCK","place":"ONLINE","gender":"FEMALE","ageRange":"-34","experience":"NEW"},"question":{"raw":{"text":"지원자님이 지금 공부하고 있는 분야는 무엇일까요 왜 그걸 공부하는지 지금까지 무엇을 배웠는지도 함께 말씀해 주세요","wordCount":15},"emotion":[],"intent":[]},"answer":{"raw":{"text":"제가 대학을 다닐 때 어떤 마케팅 회사에서 인터을 한 경험이 있는데요. 그 인턴 경험을 하면서 여러 가지 실무들을 익힐 수도 있었지만 저는 컴퓨터 활용 쪽을 공부하기로 마음먹었습니다. 그 이유는 제가 현업에서 근무를 하다 보니까 엑셀 프로그램을 정말 많이 활용한다 라는 생각을 했습니다. 그래서 기존에는 컴퓨터 활용이라는 자격증을 꼭 왜 해야 하는지 그 부분에 대해서 중요도를 깨닫지 못했었는데요. 실제로 인턴을 하다 보니까 현업에서는 이러한 자격증이 있으면 너무 잘 활용할 수 있겠다. 어 꼭 일일이 수기로 붙여 놓는 데이터가 있더라도 내가 쿼리나 혹은 음 피봇 테이블들을 활용할 수 있는 엑셀 기능을 잘 활용하면 업무에 도움이 되겠다 라는 생각이 들어서 그때 당시에 인턴을 했던 경험을 바탕으로 컴퓨터 학원에 등록을 하고 또 나아가서 컴퓨터 활용 이급 자격증을 땄구요. 지금은 더 추가로 공부를 해고 해보고자 싶어서 일 등급을 딸려고 지금 현재 공부 중에 있습니다.","wordCount":129},"emotion":[],"intent":[{"text":"","expression":"","category":"attitude"}],"summary":{"text":"엑셀 프로그램을 정말 많이 활용한다는 생각을 하면서 컴퓨터 활용 쪽을 공부하기로 마음먹었습니다. 학원에 등록을 하고 또 나아가서 컴퓨터 활용 이급 자격증을 땄습니다. 지금은 더 추가로 공부를 해고 해보고자 해서 일 등급을 따려고 현재 공부 중에 있습니다.","wordCount":36}}},"rawDataInfo":{"question":{"fileFormat":"wav","fileSize":349198,"duration":10910,"samplingBit":16,"channelCount":1,"samplingRate":"16kHz","audioPath":"/Mock/01.Management/Female/New/ckmk_q_bm_f_n_169554.wav"},"answer":{"fileFormat":"wav","fileSize":2747278,"duration":85850,"samplingBit":16,"channelCount":1,"samplingRate":"16kHz","audioPath":"/Mock/01.Management/Female/New/ckmk_a_bm_f_n_169554.wav"}}}