{"version":"1.0","dataSet":{"info":{"date":"20230116","occupation":"BM","channel":"MOCK","place":"ONLINE","gender":"FEMALE","ageRange":"-34","experience":"NEW"},"question":{"raw":{"text":"업무를 하다 보면 업무량이 과도하게 많아질 수도 있는데요 그래도 잘 버틸 자신이 있으신가요","wordCount":13},"emotion":[],"intent":[]},"answer":{"raw":{"text":"제가 생각하는 좋은 회사란 제가 잘 자랄 수 있도록 즉 성장 가능성이 많은 회사입니다. 오래 다니고 일이 편하고 일이 없는 회사는 단기적으로는 좋은 회사일 수 있지만 업무를 통한 성취감과 다양한 일을 통한 자기 발전만큼 좋은 동기부여와 원동력은 없다고 생각합니다. 업무량이 과도하게 많고 힘든 일이 많더라도 이 일을 통해 나는 성장한다는 믿음과 그것에 따른 결과가 나에게 성취감을 준다면 저는 이 회사에 다니면 성장하고 많이 배우고 또 이 배움으로 회사에 많은 이익을 가져다 줄 수 있는 일원이 되고 싶습니다.","wordCount":77},"emotion":[],"intent":[{"text":"","expression":"","category":"attitude"}],"summary":{"text":"제가 생각하는 좋은 회사란 성장 가능성이 많은 회사입니다. 업무를 통한 성취감과 다양한 일을 통한 자기 발전만큼 좋은 동기부여와 원동력은 없다고 생각합니다. 이 회사에 다니면서 많은 이익을 가져다 주는 일원이 되고 싶습니다.","wordCount":31}}},"rawDataInfo":{"question":{"fileFormat":"wav","fileSize":347598,"duration":10860,"samplingBit":16,"channelCount":1,"samplingRate":"16kHz","audioPath":"/Mock/01.Management/Female/New/ckmk_q_bm_f_n_178339.wav"},"answer":{"fileFormat":"wav","fileSize":1792718,"duration":56020,"samplingBit":16,"channelCount":1,"samplingRate":"16kHz","audioPath":"/Mock/01.Management/Female/New/ckmk_a_bm_f_n_178339.wav"}}}