{"version":"1.0","dataSet":{"info":{"date":"20230116","occupation":"BM","channel":"MOCK","place":"ONLINE","gender":"FEMALE","ageRange":"45-54","experience":"NEW"},"question":{"raw":{"text":"네 기차가 운행을 하다가 좀 가정 이 상황을 좀 가정해서 여쭤보려고 하는데요 산사태로 삼십 분간 정차된 상황이라고 했을 때 이때 좀 지원자님께서 관리 책임을 위치해 있다고 한다면 어떻게 조치하실 건가요","wordCount":30},"emotion":[],"intent":[]},"answer":{"raw":{"text":"산 사태로 삼십 분 동안 정차되는 상황이 생긴다면 승객들에게 지금 현재 상황을 먼저 알리는 게 제일 급할 것 같고요 그리고 승객들이 불안하지 않게 끔 우선 안정을 시키겠습니다. 그리고 어 기관들 그러니까는 국가기관이나 도움을 줄 수 있는 기관들에게 빠르게 연락하고 도움을 받아 이 상황에 최대한 빨리 해결될 수 있도록 하겠고요. 그리고 승객들이 지연된 아 열차가 지연된 것으로 인해서 피해 보는 부분들이 있다면 우선 그것들을 파악해서 관객들에게 보상을 해주는 부분을 먼저 강구해 보도록 하겠습니다.","wordCount":72},"emotion":[],"intent":[{"text":"그리고 승객들이 지연된 아 열차가 지연된 것으로 인해서 피해 보는 부분들이 있다면 우선 그것들을 파악해서   관객들에게 보상을 해주는 부분을 먼저 강구해 보도록 하겠습니다.","expression":"m_holistic","category":"attitude"}],"summary":{"text":"산 사태로 삼 분 동안 정차되는 상황이 생긴다면 승객들에게 현재 상황을 먼저 알리는 게 가장 급할 것 같습니다. 그리고 승객들이 불안하지 않게 우선 안정을 시키겠습니다.","wordCount":25}}},"rawDataInfo":{"question":{"fileFormat":"wav","fileSize":661198,"duration":20660,"samplingBit":16,"channelCount":1,"samplingRate":"16kHz","audioPath":"/Mock/01.Management/Female/New/ckmk_q_bm_f_n_173771.wav"},"answer":{"fileFormat":"wav","fileSize":1380238,"duration":43130,"samplingBit":16,"channelCount":1,"samplingRate":"16kHz","audioPath":"/Mock/01.Management/Female/New/ckmk_a_bm_f_n_173771.wav"}}}