{"version":"1.0","dataSet":{"info":{"date":"20230116","occupation":"BM","channel":"MOCK","place":"ONLINE","gender":"FEMALE","ageRange":"-34","experience":"NEW"},"question":{"raw":{"text":"본인은 남을 잘 끄는 리더 형과 남을 잘 따르는 팔로워 형 중에 어떤 유형인지 그리고 그렇게 생각하시는 이유는 무엇인지 궁금합니다","wordCount":20},"emotion":[],"intent":[]},"answer":{"raw":{"text":"저는 남을 잘 따르는 팔로워 형이라고 생각을 합니다. 저는 사실 남을 잘 이끄는 리더는 많지 않다고 생각을 하고 그리고 저도 사실 남들이 이끌어주면 따라가는 게 좀 더 편하고 그리고 타인의 이야기를 듣는 게 전 더 좋더라구요. 그래서 제 유형은 남을 잘 따르는 팔로워 형이라고 생각을 하는데요. 사실 리더는 회사도 그렇고 조직에서 많이는 필요가 없는 것 같습니다. 그래서 그 많은 적지 않은 리더들 에 말을 잘 듣고 그리고 수행을 열심히 한다면 저도 이 회사에서는 필요한 인재가 되지 않을까 싶구요. 그리고 그 팔로워들 중에서도 저는 좀 충실하게 일을 수행하고 그리고 리더들의 이야기를 잘 듣지만 그 리더 잘못된 행동을 하거나 제가 느끼기에 옳지 않은 그런 판단을 내렸을 때 옆에서 꼭 이야기해 줄 수 있는 그런 팔로워가 되고 싶습니다.","wordCount":115},"emotion":[],"intent":[{"text":"","expression":"","category":"attitude"}],"summary":{"text":"타인을 잘 따르는 팔로워형 리더는 회사나 조직에서 많이 필요한 것 같습니다. 그 많은 리더들의 이야기를 잘 듣고 수행을 열심히 한다면 이 회사에서는 필요한 인재가 되지 않을까 싶습니다. 그리고 그 리더의 잘못된 판단을 내릴 때 꼭 이야기해 줄 수 있는 팔로워가 되겠습니다.","wordCount":41}}},"rawDataInfo":{"question":{"fileFormat":"wav","fileSize":373518,"duration":11670,"samplingBit":16,"channelCount":1,"samplingRate":"16kHz","audioPath":"/Mock/01.Management/Female/New/ckmk_q_bm_f_n_176211.wav"},"answer":{"fileFormat":"wav","fileSize":2253838,"duration":70430,"samplingBit":16,"channelCount":1,"samplingRate":"16kHz","audioPath":"/Mock/01.Management/Female/New/ckmk_a_bm_f_n_176211.wav"}}}