{"version":"1.0","dataSet":{"info":{"date":"20230116","occupation":"BM","channel":"MOCK","place":"ONLINE","gender":"FEMALE","ageRange":"35-44","experience":"NEW"},"question":{"raw":{"text":"지원자님께서 몇 년 전 우버 택시와 관한 논란이 있었던 걸 알고 계실 겁니다 지원자께서는 찬반 양론에 대해 어떻게 생각하시는지 설명해 주세요","wordCount":21},"emotion":[],"intent":[]},"answer":{"raw":{"text":"네 뭐 우버 택시 논란이 많기는 했는데요. 그래서 지금 시행되고 있지는 않지만 저는 뭐 좋다 나쁘다는 솔직히 지금까지도 아무런 그냥 어느 한쪽에 치우치고 싶지 않고 치우칠 생각도 없습니다. 그냥 뭐 뭐가 됐든 제발 체계가 좀 잘 잡혔으면 좋겠고 어 뭔가 규칙 규법이 어 법이 좀 잘 정해져서 우리가 어 소비자들이 어 소비자들이 승객들이 이용을 하는 데 있어서 전혀 불편하지 않고 불이익을 받지 않도록만 좀 해주기를 바랄 뿐입니다. 그리고 무엇보다 이제 위험하지 않게 얼마나 안전한 가냐 이제 그게 중요하거든요. 그래서 워낙 사건 사고가 많다 보니까 그냥 뭐 어떤 거를 이용하더라도 좀 안전하게 특히 여성들이 안전하게 귀가할 수 있고 안전하게 내가 원하는 목적지로 갈 수 있게 시스템이 잘 되어 있는지가 저는 오히려 더 중요하다고 생각이 듭니다.","wordCount":114},"emotion":[],"intent":[{"text":"","expression":"","category":"attitude"}],"summary":{"text":"우버 택시 논란이 많았지만 체계가 잘 잡히길 바랍니다. 규칙 규법이 잘 정해져서 소비자들이 불편함을 겪지 않았으면 합니다. 또 얼마나 안전한 가가 중요하기 때문에 여성들이 안전하게 귀가하고 원하는 목적지로 갈 수 있게 시스템이 잘 돼야 합니다.","wordCount":35}}},"rawDataInfo":{"question":{"fileFormat":"wav","fileSize":453838,"duration":14180,"samplingBit":16,"channelCount":1,"samplingRate":"16kHz","audioPath":"/Mock/01.Management/Female/New/ckmk_q_bm_f_n_181556.wav"},"answer":{"fileFormat":"wav","fileSize":2320078,"duration":72500,"samplingBit":16,"channelCount":1,"samplingRate":"16kHz","audioPath":"/Mock/01.Management/Female/New/ckmk_a_bm_f_n_181556.wav"}}}