{"version":"1.0","dataSet":{"info":{"date":"20230116","occupation":"BM","channel":"MOCK","place":"ONLINE","gender":"FEMALE","ageRange":"-34","experience":"NEW"},"question":{"raw":{"text":"일을 하다 보면 영어로 서류를 작성해야 할 일이 생길 수도 있습니다 지원자님께서는 영어로 서류 작성을 하실 수 있으신가요","wordCount":18},"emotion":[],"intent":[]},"answer":{"raw":{"text":"일을 하다 보면 영어로 서류를 작성해야 할 일이 많은데 저 같은 경우에는 제가 평소에도 영어 공부를 아직도 열심히 하고 있고 영어 회화 학원도 다니고 제가 영어를 어느 정도는 쓸 수 있기 때문에 저는 서류로 작성할 일도 잘 할 것 같고요. 그리고 영어 공부는 항상 꾸준히 해야 한다고 생각을 합니다. 그래서 지금도 역시 미드도 열심히 보고 영어 관련 업무도 해보 해 봤고 지금도 할 수 있을 정도의 능력이 되기 때문에 저는 서류 작성까지 할 수 있을 것 같고요. 그리고 항상 뭐 외국어에 대한 대비를 해야 한다고 생각을 했었기 때문에 영어는 서류 작성 뿐만 아니라 다른 전화 통화 업무나 다른 업무까지도 시켜주신다면 최선을 다해서 열심히 하겠습니다. 그리고 업무 작성 같은 경우에는 저는 한국어보다 영어가 더 편하다 라는 생각을 하기 때문에 잘 할 수 있을 것 같습니다.","wordCount":124},"emotion":[],"intent":[{"text":"","expression":"","category":"attitude"}],"summary":{"text":"영어로 서류를 작성해야 하는 일이 많은데 저는 영어 공부를 꾸준히 하기 때문에 서류 작성뿐만 아니라 다른 업무까지 시켜주면 최선을 다해서 열심히 하겠습니다. 그리고 업무 작성 같은 경우에는 한국어보다 영어가 더 편하기 때문에 잘 할 수 있을 것 같습니다.","wordCount":38}}},"rawDataInfo":{"question":{"fileFormat":"wav","fileSize":339278,"duration":10600,"samplingBit":16,"channelCount":1,"samplingRate":"16kHz","audioPath":"/Mock/01.Management/Female/New/ckmk_q_bm_f_n_176206.wav"},"answer":{"fileFormat":"wav","fileSize":2213198,"duration":69160,"samplingBit":16,"channelCount":1,"samplingRate":"16kHz","audioPath":"/Mock/01.Management/Female/New/ckmk_a_bm_f_n_176206.wav"}}}