{"version":"1.0","dataSet":{"info":{"date":"20230116","occupation":"BM","channel":"MOCK","place":"ONLINE","gender":"FEMALE","ageRange":"-34","experience":"NEW"},"question":{"raw":{"text":"지원자님께서 생각하시는 그 좋은 회사란 과연 어떤 회사라고 생각하시는지 어 또 그 이유는 어떤 이유이신지 설명해 주시겠습니까","wordCount":17},"emotion":[],"intent":[]},"answer":{"raw":{"text":"저는 제가 생각하는 좋은 회사란 직원들과 함께하는 회사라고 생각을 합니다. 저는 회사가 단지 상사나 대표님의 의사 뿐만 아니라 같은 직원들과 함께 호흡하면서 직원들을 더욱더 생각해주고 직원들의 의사가 반영되는 회사가 좋은 회사라고 생각하기 때문인데요. 수직적인 구조도 좋지만 저는 수평적인 구조일 때 더욱더 발전된 회사가 될 거라고 생각을 하고 수직적인 회사일 때는 사실 조금 더 시야를 넓히기에는 부족하지 않나 라는 생각이 들어서 저는 수평적 구조에 다 함께 함께 나아갈 수 있고 함께 발전해 나갈 수 있고 그리고 뭐 상사와 후배 뭐 밑에 사람과 위에 사람의 그러한 경계가 없는 회사가 가장 좋은 회사라고 생각이 듭니다.","wordCount":92},"emotion":[],"intent":[{"text":"저는 제가 생각하는 좋은 회사란 직원들과 함께하는 회사라고 생각을 합니다.","expression":"c_value","category":"background"},{"text":"수직적인 구조도 좋지만 저는 수평적인 구조일 때 더욱더 발전된 회사가 될 거라고 생각을 하고   수직적인 회사일 때는 사실 조금 더 시야를 넓히기에는 부족하지 않나 라는 생각이 들어서 저는 수평적 구조에   다 함께 함께 나아갈 수 있고 함께 발전해 나갈 수 있고 그리고   뭐 상사와 후배 뭐 밑에 사람과 위에 사람의 그러한 경계가 없는 회사가 가장 좋은 회사라고 생각이 듭니다.","expression":"c_value","category":"background"}],"summary":{"text":"저는 좋은 회사란 직원들과 함께하는 회사라고 생각합니다. 수직적인 구조도 좋지만 수평적인 구조일 때 더욱더 발전된 회사가 될 것이라고 생각을 하고 수직적인 회사일 때는 시야를 넓히기에는 부족하다고 생각이 들어서 수평적 구조에 함께 나아갈 수 있다고 생각합니다.","wordCount":35}}},"rawDataInfo":{"question":{"fileFormat":"wav","fileSize":627278,"duration":19600,"samplingBit":16,"channelCount":1,"samplingRate":"16kHz","audioPath":"/Mock/01.Management/Female/New/ckmk_q_bm_f_n_176400.wav"},"answer":{"fileFormat":"wav","fileSize":2129998,"duration":66560,"samplingBit":16,"channelCount":1,"samplingRate":"16kHz","audioPath":"/Mock/01.Management/Female/New/ckmk_a_bm_f_n_176400.wav"}}}