{"version":"1.0","dataSet":{"info":{"date":"20230116","occupation":"BM","channel":"MOCK","place":"ONLINE","gender":"FEMALE","ageRange":"45-54","experience":"NEW"},"question":{"raw":{"text":"앞으로 일을 하면서 협업을 할 수 있는 일이 많이 생기실 텐데 뭐 이전 직장이나 아니면 대학에서 협업을 하면서 뭐 어려웠던 점은 없어 없으셨는지 궁금합니다","wordCount":24},"emotion":[],"intent":[]},"answer":{"raw":{"text":"어 예 혼자 하는 게 아무래도 어 남의 이견이나 이런 부분이 없기 때문에 쉬운데 어 협업을 할 수 밖에 없는 이 세상이지 않습니까 그랬을 때 제가 좀 어려웠었던 점은 어 그까 협업을 하면서 이제 동일한 프로젝트를 연구를 하다 보면 개개인마다 생각이 다르고 그렇게 생각이 다르기 때문에 좀 더 퀄리티 있는 그 결과물이 나오긴 하는데요. 그러다 보면 내 의견하고 달라서 반대 의견을 제시하는 그 팀원이 있습니다. 아 다 좋습니다. 반대 의견을 제시할 수도 있는데요. 사실은 반대 의견을 제시한다면 그것에 대한 어떤 대안도 마련이 되어야 된다고 생각을 하는데 아무 대안 없이 그거는 안 돼 라는 반대 의견만 제시했을 때 너무 답답한 마음이 들었었던 것 같습니다.","wordCount":103},"emotion":[{"text":"사실은 반대 의견을 제시한다면   그것에 대한 어떤 대안도 마련이 되어야 된다고 생각을 하는데 아무 대안 없이 그거는   안 돼 라는 반대 의견만 제시했을 때 너무 답답한 마음이 들었었던 것 같습니다.","expression":"n-distress","category":"negative"}],"intent":[{"text":"","expression":"","category":"attitude"}],"summary":{"text":"협업을 하다 보면 제 의견과 달라서 반대 의견을 제시하는 팀원이 있습니다. 저는 반대 의견을 제시하면 대안 마련이 되어야 된다고 생각하는데 아무 대안 없이 그것은 안 돼 라는 반대 의견만 제시했을 때 답답한 마음이 들었습니다.","wordCount":34}}},"rawDataInfo":{"question":{"fileFormat":"wav","fileSize":547598,"duration":17110,"samplingBit":16,"channelCount":1,"samplingRate":"16kHz","audioPath":"/Mock/01.Management/Female/New/ckmk_q_bm_f_n_175366.wav"},"answer":{"fileFormat":"wav","fileSize":2077198,"duration":64910,"samplingBit":16,"channelCount":1,"samplingRate":"16kHz","audioPath":"/Mock/01.Management/Female/New/ckmk_a_bm_f_n_175366.wav"}}}