{"version":"1.0","dataSet":{"info":{"date":"20230116","occupation":"BM","channel":"MOCK","place":"ONLINE","gender":"FEMALE","ageRange":"35-44","experience":"NEW"},"question":{"raw":{"text":"지원자님께서는 본인이 교대 근무에 잘 적응하실 수 있다고 생각하시나요 그렇다면은 그 근거에 대해서도 함께 말씀해 주세요","wordCount":16},"emotion":[],"intent":[]},"answer":{"raw":{"text":"네 저는 교번 근무에 잘 적응할 수 있다고 생각합니다. 물론 적응하기 위해 노력하겠습니다. 교번 근무의 장점이라면 남들 일할 때엔 남들이 일하는 평일에는 놀고 월요병은 없다 없습니다. 대신 단점이라면 남들 노는 휴일에 일하는 경우가 꽤 많고 월요일 아침 근무는 보통 쪼금 힘들다고 생각을 합니다. 그리고 월요병 대신 다음 휴일 다음 근무가 되게 새벽 일찍 출근하는 경우라 힘들고 꺼리는 것도 있습니다. 하지만 연속하는 휴일이 없다 보니 긴 휴일이 필요할 때는 휴가를 사용해야 하는데요. 남들이 일하는 평일에 휴가를 쓰고 가족 여행이나 개인 영활도 할 수 있는 것은 교번 근무의 가장 큰 장점이라고 생각합니다. 저는 교원 근무를 하기 위해 지금까지 꾸준히 체력 관리를 하였습니다. 어 체력 관리라 하면 뭐든지 꾸준한 게 필요한데 그만큼 교복 근무에 잘 적응할 수 있다고 저는 생각합니다. 쉴 때 쉬고 놀 때 논다는 표현이 맞는 것 같습니다. 교원 건물을 잘 적응하기 위해 선배들의 도움도 많이 받아보고 선배들에게 조언도 한 번 구해 보겠습니다.","wordCount":142},"emotion":[],"intent":[{"text":"","expression":"","category":"attitude"}],"summary":{"text":"교번 근무의 장점은 남들이 일하는 평일에는 놀고 월요병은 없지만, 단점이라면 노는 휴일에 일하는 경우가 많고 월요일 아침 근무는 힘들다는 것입니다. 하지만 긴 휴일이 필요할 때는 휴가를 사용해야 합니다. 그래서 저는 교원 근무를 하기 위해 꾸준히 체력 관리를 하였습니다.","wordCount":38}}},"rawDataInfo":{"question":{"fileFormat":"wav","fileSize":377678,"duration":11800,"samplingBit":16,"channelCount":1,"samplingRate":"16kHz","audioPath":"/Mock/01.Management/Female/New/ckmk_q_bm_f_n_178847.wav"},"answer":{"fileFormat":"wav","fileSize":2677198,"duration":83660,"samplingBit":16,"channelCount":1,"samplingRate":"16kHz","audioPath":"/Mock/01.Management/Female/New/ckmk_a_bm_f_n_178847.wav"}}}