{"version":"1.0","dataSet":{"info":{"date":"20230116","occupation":"BM","channel":"MOCK","place":"ONLINE","gender":"FEMALE","ageRange":"45-54","experience":"NEW"},"question":{"raw":{"text":"일을 하다 보면 업무량이 과도하게 많아질 수 있습니다 지원자님께서는 그래도 잘 버틸 자신이 있으십니까","wordCount":14},"emotion":[],"intent":[]},"answer":{"raw":{"text":"업무량이 뭐 과도하게 많아진다 하더라도 어쨌든 사람이 할 수 있는 일일 거구요. 그게 과도하게 많아져서 아 나는 못해 라는 부분이 아니고 내가 어 이렇게 어렵고 힘든 일이지만 해냈을 때에 어떤 자신감이라든지 그까 나 자신의 뿌듯함 또 다른 분들이 봤을 때도 아 이 일을 이렇게 힘든 일을 해냈구나 라는 그런 어떤 칭찬을 받을 수 있는 거구요. 그렇기 때문에 과도하게 많아진다면 그 부분을 조금 더 어 잘 할 수 있도록 또 이뤄낼 수 있도록 노력을 할 거고 잘 버틸 자신이 있습니다. 대신에 너무 많아진다면 어 노력을 해도 해도 안 되는 그런 일이 있다면 이제 도움을 청해야 되겠지만 하는 데까지는 정말 내가 그 책임감을 가지고 열심히 잘 버텨서 어 해내고야 말 것입니다.","wordCount":109},"emotion":[],"intent":[{"text":"","expression":"","category":"attitude"}],"summary":{"text":"업무량이 과도하게 많아진다고 해도 사람이 할 수 있는 일이며, 과도한 업무량으로 힘들더라도 해냈을 때 어떤 뿌듯함이나 자랑스러움을 받을 수 있습니다. 따라서 과도한 업무량을 잘 할 수 있도록 노력하고 잘 버텨야 할 것입니다.","wordCount":32}}},"rawDataInfo":{"question":{"fileFormat":"wav","fileSize":312718,"duration":9770,"samplingBit":16,"channelCount":1,"samplingRate":"16kHz","audioPath":"/Mock/01.Management/Female/New/ckmk_q_bm_f_n_175364.wav"},"answer":{"fileFormat":"wav","fileSize":2149198,"duration":67160,"samplingBit":16,"channelCount":1,"samplingRate":"16kHz","audioPath":"/Mock/01.Management/Female/New/ckmk_a_bm_f_n_175364.wav"}}}