{"version":"1.0","dataSet":{"info":{"date":"20230116","occupation":"BM","channel":"MOCK","place":"ONLINE","gender":"FEMALE","ageRange":"35-44","experience":"NEW"},"question":{"raw":{"text":"입사 후에 쉬운 일 어려운 일이 나눠 있을 때 이 일에 대한 분배를 어떻게 하시겠습니까 어떻게 나눠서 처리를 할 생각이신지 궁금합니다","wordCount":21},"emotion":[],"intent":[]},"answer":{"raw":{"text":"쉬운 일 어려운 일이 있을 때 일의 분배는 그 일이 얼마나 급한 순서인지에 따라서 나눌 것 같습니다. 먼저 급한 일을 우선적으로 처리하는 게 회사 업무를 하는 데 있어서는 중요하다고 생각합니다. 어 그렇다면 저는 쉬우면서 급한 일을 제일 먼저 처리할 것입니다. 그러면 일단 일의 가짓수가 줄어들어 마음의 여유가 생길 것 같습니다. 그 다음은 어려운데 급한 일을 처리하겠습니다. 어려운 일을 함에 있어서 부담감은 있겠지만 시간의 압박이 중요한 일이므로 두 번째로는 어려우면서 급한 일을 처리할 것입니다. 세 번째는 어렵지만 시간이 좀 걸리는 일을 처리하겠습니다. 이미 두 가지 일을 처리했기 때문에 세 번째 어려우면서 조금 시간이 필요한 시간이 걸려도 되는 일을 처리함에 있어서 제가 조금 더 정성을 다하거나 차분차분 업무를 파악해 나갈 수 있을 것 같습니다. 마지막은 쉬운 데 급하지 않은 일을 처리하겠습니다. 그렇게 되면 빨리 처리할 수 있고 이를 기한 내에 마무리하는 데 도움이 될 것 같습니다.","wordCount":134},"emotion":[],"intent":[{"text":"","expression":"","category":"attitude"}],"summary":{"text":"어려운 일이 있을 때 일의 분배는 순서에 따라서 나눌 것 같습니다. 우선 쉬면서 급한 일을 처리합니다. 그 다음 어려운 일을 처리하고, 어려운 일이며, 시간이 좀 걸려도 되는 일을 처리하며, 쉬운 데 급하지 않은 일을 처리하겠습니다. 이렇게 하면 빨리 처리하고 기한 내에 마무리할 수 있습니다.","wordCount":44}}},"rawDataInfo":{"question":{"fileFormat":"wav","fileSize":506318,"duration":15820,"samplingBit":16,"channelCount":1,"samplingRate":"16kHz","audioPath":"/Mock/01.Management/Female/New/ckmk_q_bm_f_n_180226.wav"},"answer":{"fileFormat":"wav","fileSize":2182478,"duration":68200,"samplingBit":16,"channelCount":1,"samplingRate":"16kHz","audioPath":"/Mock/01.Management/Female/New/ckmk_a_bm_f_n_180226.wav"}}}