{"version":"1.0","dataSet":{"info":{"date":"20230116","occupation":"BM","channel":"MOCK","place":"ONLINE","gender":"FEMALE","ageRange":"35-44","experience":"NEW"},"question":{"raw":{"text":"당신은 프로젝트를 진행해 본 경험이 많이 있습니까 현재 따로 진행 중인 프로젝트가 있는지 그 프로젝트는 어떠한 목적과 목표를 가지고 해내 가고 있는지 대답해 주시기 바랍니다","wordCount":25},"emotion":[],"intent":[]},"answer":{"raw":{"text":"저는 지금 남녀 스물 두 명과 함께 팀을 이루어 합창 대회에서 우승하고자 프로젝트를 진행 중입니다. 스물 두 명에 연습을 하다 보니 곧 선정에 있어서 의견 충돌도 많았고 한 번 모이는 것조차 쉽지 않았습니다. 저는 힘들어하는 팀장을 도와 결석하는 팀원들에게 연락하여 연습 일정을 조정하였고 음대생을 섭외하여 피아노 반주를 부탁하는 한편 안 할려고 떼쓰는 팀원들을 직접 만나 열정적인 참여를 부탁하며 좋은 결과를 함께 만들어 보자고 설득하였습니다. 어 지금 스물 두 명이 똘똘 뭉쳐 환상의 하모니를 만들어내고 있는 중이며 음을 모으는 합창을 통해 마음을 모으는 법을 배울 수 있는 소중한 경험을 하고 있습니다.","wordCount":90},"emotion":[],"intent":[{"text":"저는 힘들어하는 팀장을 도와 결석하는 팀원들에게 연락하여 연습 일정을 조정하였고 음대생을 섭외하여 피아노 반주를 부탁하는 한편 안 할려고 떼쓰는 팀원들을 직접 만나 열정적인 참여를 부탁하며 좋은 결과를 함께 만들어 보자고 설득하였습니다.","expression":"c_cop","category":"personality"},{"text":"어 지금 스물 두 명이 똘똘 뭉쳐 환상의 하모니를 만들어내고 있는 중이며 음을 모으는 합창을 통해 마음을 모으는 법을 배울 수 있는 소중한 경험을 하고 있습니다.","expression":"c_cop","category":"personality"}],"summary":{"text":"저는 지금 남녀 스물 두 명과 함께 팀을 이루어 프로젝트를 진행 중입니다. 팀원들에게 결석하는 팀원을 위해 연습 일정을 조정하고, 팀원들을 직접 만나 열정적인 참여를 부탁하며 좋은 결과를 함께 만들어 보자고 설득했습니다.","wordCount":31}}},"rawDataInfo":{"question":{"fileFormat":"wav","fileSize":652558,"duration":20390,"samplingBit":16,"channelCount":1,"samplingRate":"16kHz","audioPath":"/Mock/01.Management/Female/New/ckmk_q_bm_f_n_174359.wav"},"answer":{"fileFormat":"wav","fileSize":1844558,"duration":57640,"samplingBit":16,"channelCount":1,"samplingRate":"16kHz","audioPath":"/Mock/01.Management/Female/New/ckmk_a_bm_f_n_174359.wav"}}}