{"version":"1.0","dataSet":{"info":{"date":"20230116","occupation":"BM","channel":"MOCK","place":"ONLINE","gender":"FEMALE","ageRange":"-34","experience":"NEW"},"question":{"raw":{"text":"지원자님 혹시 과거에 프로젝트를 수행하셨던 경험이 있으신가요 만약 있으시다면 그 프로젝트 내에서 본인은 어떤 역할을 맡으셨고 그런 거에 대해서 설명해 주시겠어요","wordCount":21},"emotion":[],"intent":[]},"answer":{"raw":{"text":"네 과거에 프로젝트를 수행했던 경험이 있구요. 저는 리더보다는 주변 사람들을 챙기고 그 사람들의 의견을 듣는 그런 조언 역할을 했습니다. 이렇게 들으면은 굉장히 어 저기 어떤 그 상황에 사람일까 라는 생각이 드는데요. 예를 들어서 사람은 다양하게 있고요 그 사람들의 생각도 다 다양합니다. 그래서 간혹 그들이 충돌하는 경우도 있는데요. 그런 상황에서 저는 중재자의 역할을 했었고 어떻게 하면 이 상황을 해결할지 그리고 어떻게 하면 이걸 잘 해결해서 우리가 좋은 결과를 이끌어낼 수 있을지 고민하는 역할에 있었다 라고 보면 좋을 것 같고요. 실제로 두 팀원들이 싸워서 사이가 굉장히 안 좋아질 뻔한 적이 있었는데 제가 직접 그 두 분의 이야기를 듣고 그 두 분의 입장에서 그 상황을 고려해서 이야기를 전해 줬더니 잘 해결됐던 경험도 있습니다. 예를 들어 아 너는 지금 이 상황에서 에이 라고 생각했구나 너희 입장에서는 그럴 수 있어 그런데 비는 지금 이런 입장이라서 그렇게 이야기를 했대 어찌 보면 둘 다 잘못한 게 아니고 말이 그냥 조금 다르게 나온 거잖아 그러니까 함께 이거를 잘 풀어나갔으면 좋겠다. 뭐 이런 식으로 약간 어떻게 보면 중재하는 그런 역할을 담당해줬습니다.","wordCount":162},"emotion":[],"intent":[{"text":"실제로   두 팀원들이 싸워서 사이가 굉장히 안 좋아질 뻔한 적이 있었는데 제가 직접 그 두 분의 이야기를 듣고   그 두 분의 입장에서 그 상황을 고려해서 이야기를 전해 줬더니 잘 해결됐던 경험도 있습니다.","expression":"c_confl_mg","category":"personality"}],"summary":{"text":"저는 리더보다는 주변 사람들을 챙기고 그들의 의견을 듣는 중재자 역할을 했습니다. 실제로 두 팀원들이 싸워서 사이가 안 좋아질 뻔 했던 적이 있는데, 제가 직접 두 분의 이야기를 듣고 그 상황을 고려해서 이야기를 전해 줬더니 잘 해결됐던 경험도 있습니다. 약간 중재하는 역할을 담당했던 것입니다.","wordCount":43}}},"rawDataInfo":{"question":{"fileFormat":"wav","fileSize":448718,"duration":14020,"samplingBit":16,"channelCount":1,"samplingRate":"16kHz","audioPath":"/Mock/01.Management/Female/New/ckmk_q_bm_f_n_169395.wav"},"answer":{"fileFormat":"wav","fileSize":2668238,"duration":83380,"samplingBit":16,"channelCount":1,"samplingRate":"16kHz","audioPath":"/Mock/01.Management/Female/New/ckmk_a_bm_f_n_169395.wav"}}}