{"version":"1.0","dataSet":{"info":{"date":"20230116","occupation":"BM","channel":"MOCK","place":"ONLINE","gender":"FEMALE","ageRange":"-34","experience":"NEW"},"question":{"raw":{"text":"지원자님께서 동물 실험이 인간에게 주는 이익에 관해서 자세히 말씀해 주세요 동물 실험에 대한 지원자님에 생각을 표현해 주셔도 좋습니다","wordCount":18},"emotion":[],"intent":[]},"answer":{"raw":{"text":"동물 실험은 인간이 직접 할 수 없는 것들을 대신 해주기도 합니다. 예를 들어 신약 개발 같은 경우에는 인간에게 직접 처음 두겨 하면 피해가 커집니다 그래서 인간을 위한 약의 동물에게 영향이 있는지를 위해서 동물 실험을 하긴 합니다 만약에 동물 실험이 없었다면 현재 마 현재 사용되고 있는 많은 약들은 개발되지 못했을 것입니다. 그러나 동물 실험이 더 이상 늘어나서 안 된다고 생각합니다. 인간을 위한 동물의 희생이 당연한 것은 아닙니다. 동 인간의 윤리성을 윤리성이라는 명목으로 인간 실험은 하지 않으면서 동물 실험을 계속 자행한다는 것은 모순이 있습니다. 동물 실험은 또한 윤리성에 대한 문제가 되므로 인간 실험과 마찬가지로 저 자제되어야 할 필요가 있습니다 물론 일부 부부에서는 동물 실험이 불가피할 수도 있지만 화장품이나 그런 꼭 생명에 필요한 것이 아니라 대체 필수품이 아닌 건 경우에서도 동물 실험을 하는 것은 반드시 없어져야 합니다.","wordCount":124},"emotion":[{"text":"물론 일부 부부에서는 동물 실험이 불가피할 수도 있지만   화장품이나 그런 꼭 생명에 필요한 것이 아니라 대체 필수품이 아닌 건 경우에서도 동물 실험을 하는 것은 반드시 없어져야 합니다.","expression":"u-belief","category":"neutral"}],"intent":[{"text":"동물 실험은 또한 윤리성에 대한 문제가 되므로 인간 실험과 마찬가지로   저 자제되어야 할 필요가 있습니다","expression":"c_value","category":"background"},{"text":"물론 일부 부부에서는 동물 실험이 불가피할 수도 있지만   화장품이나 그런 꼭 생명에 필요한 것이 아니라 대체 필수품이 아닌 건 경우에서도 동물 실험을 하는 것은 반드시 없어져야 합니다.","expression":"c_value","category":"background"}],"summary":{"text":"동물실험은 인간의 윤리성이라는 명목으로 인간 실험은 하지 않으면서 동물 실험을 계속 자행하는 것은 모순이 되므로 인간 실험과 마찬가지로 자제되어야 할 필요가 있습니다. 꼭 생명에 필요한 것이 아니라 대체 필수품이 아닌 경우에서도 동물 실험을 하는 것은 반드시 없어져야 합니다.","wordCount":38}}},"rawDataInfo":{"question":{"fileFormat":"wav","fileSize":502478,"duration":15700,"samplingBit":16,"channelCount":1,"samplingRate":"16kHz","audioPath":"/Mock/01.Management/Female/New/ckmk_q_bm_f_n_180863.wav"},"answer":{"fileFormat":"wav","fileSize":2533838,"duration":79180,"samplingBit":16,"channelCount":1,"samplingRate":"16kHz","audioPath":"/Mock/01.Management/Female/New/ckmk_a_bm_f_n_180863.wav"}}}