{"version":"1.0","dataSet":{"info":{"date":"20230116","occupation":"BM","channel":"MOCK","place":"ONLINE","gender":"FEMALE","ageRange":"45-54","experience":"NEW"},"question":{"raw":{"text":"남들과는 다른 자신만의 경쟁력이 있나요 경쟁력을 키우기 위해 어떤 노력을 했는지도 말씀해 주세요","wordCount":13},"emotion":[],"intent":[]},"answer":{"raw":{"text":"저의 경쟁력은 보고서 작성입니다. 회사에서 업무가 주어졌을 때 정확한 보고서를 제출하는 것이 얼마나 큰 업무 효율이 있는지는 잘 아실 것입니다. 경쟁력 있는 이런 결과를 얻기 위해서 저는 보고서를 작성하기 전에 자료를 굉장히 많이 찾아보는 편입니다. 자료를 찾다보면 음 날짜가 오래된 것도 있고 최근의 것도 있습니다. 하지만 제가 참고하는 것은 가급적이면 근시일 내에 나왔던 뭐 자료라든지 이런 것들을 많이 참고하고 있고요. 그리고 같은 자료여도 여러 전문가들이 이야기한 것들을 취합해서 서로 비교해 보며 정확한 자료를 이용해서 보고서를 쓰는 것이 제 노력입니다.","wordCount":79},"emotion":[],"intent":[{"text":"","expression":"","category":"attitude"}],"summary":{"text":"저는 근시일 내에 나온 자료들을 많이 참고하고, 전문가 의견을 취합하여 비교해 보면서 정확한 자료를 이용하여 보고서를 쓰는 것이 제 경쟁력입니다.","wordCount":20}}},"rawDataInfo":{"question":{"fileFormat":"wav","fileSize":353038,"duration":11030,"samplingBit":16,"channelCount":1,"samplingRate":"16kHz","audioPath":"/Mock/01.Management/Female/New/ckmk_q_bm_f_n_180095.wav"},"answer":{"fileFormat":"wav","fileSize":1643598,"duration":51360,"samplingBit":16,"channelCount":1,"samplingRate":"16kHz","audioPath":"/Mock/01.Management/Female/New/ckmk_a_bm_f_n_180095.wav"}}}