{"version":"1.0","dataSet":{"info":{"date":"20230116","occupation":"BM","channel":"MOCK","place":"ONLINE","gender":"FEMALE","ageRange":"-34","experience":"NEW"},"question":{"raw":{"text":"게임이 출시되는 상황을 가정하고 이에 대해서 생길 수 있는 문제에 대해서 말씀해 주세요","wordCount":13},"emotion":[],"intent":[]},"answer":{"raw":{"text":"일단 게임이 출시되었다고 가정을 하면 저희가 게임이 출시되기 전에 정말 많은 인력과 기간을 투자해서 베타 테스트를 진행해 보지만 만약에 게임이 근데 그럼에도 불구하고 저희가 잡지 못한 오류라던가 그리고 오류가 아니더라도 사용자 입장에서 불편하다고 느낄 수 있는 여러 가지 피드백이 생길 거라고 생각합니다. 이제 그때 저희는 그것에 대해 조금 더 자유롭고 유동적인 자세로 그런 의견 의견들을 수용해서 재빨리 대응하고 해결책을 제시하여서 조금 더 업그레이드된 게임을 만들어서 안정화시켜야 된다고 생각합니다.","wordCount":68},"emotion":[],"intent":[{"text":"","expression":"","category":"attitude"}],"summary":{"text":"저희는 게임이 출시되기 전에 베타 테스트를 진행해 보지만 오류나 불편할 수 있는 피드백이 생길 것입니다. 그때 저희는 재빨리 대응하고 해결책을 제시해서 조금 더 업그레이드된 게임을 만들어야 한다고 생각합니다.","wordCount":28}}},"rawDataInfo":{"question":{"fileFormat":"wav","fileSize":270158,"duration":8440,"samplingBit":16,"channelCount":1,"samplingRate":"16kHz","audioPath":"/Mock/01.Management/Female/New/ckmk_q_bm_f_n_178703.wav"},"answer":{"fileFormat":"wav","fileSize":1815118,"duration":56720,"samplingBit":16,"channelCount":1,"samplingRate":"16kHz","audioPath":"/Mock/01.Management/Female/New/ckmk_a_bm_f_n_178703.wav"}}}