{"version":"1.0","dataSet":{"info":{"date":"20230116","occupation":"BM","channel":"MOCK","place":"ONLINE","gender":"FEMALE","ageRange":"-34","experience":"NEW"},"question":{"raw":{"text":"지원자분 면접에 오시느라 고생하셨습니다 그럼 질문 드리겠습니다 가치 경쟁의 개념이 무엇인지 본인의 생각을 간략하게 말씀해 보십시오","wordCount":16},"emotion":[],"intent":[]},"answer":{"raw":{"text":"가치 경쟁의 개념에 대해서 설명해 드리겠습니다. 제가 생각하는 가치 경쟁은 경제에서 기업이 가격이나 품질로 경쟁하지 않고 고객에게 어떤 가치를 제공하는지로 서로 경쟁하는 것을 가치 경쟁이라고 말씀드릴 수 있겠습니다. 실제 가치 경쟁의 예를 말씀드리자면 그린 오션을 말씀드릴 수 있겠습니다. 친환경이 가진 가치를 경쟁 요소로 내세워 새로운 시장과 부가가치를 창출하는 사업입니다. 여기서 지금 친환경이 가진 가치를 그것을 경쟁 요소로 세워 서로 경쟁하기 때문에 이것이 가치 경쟁이라고 말씀드릴 수 있겠습니다. 그 회사가 가진 어떠한 품질에 대해서 또는 가격에 대해서 경쟁하는 것이 아니라 그 회사가 가진 가치에 대해서 경쟁하는 것이기 때문에 조금 더 어떻게 보면은 어 자본주의랑 약간의 상반되는 어 경쟁이라고 말씀드릴 수 있겠습니다. 하지만 요즘 환경이 대두되기 때문에 이러한 어 가치 경쟁이 더 중요시 여기고 있습니다. 그리고 모든 사람들의 가치 판단이 중요해졌기 때문에 가치 경쟁으로 어 회사의 이미지를 높여지는 것이 요즘은 중요하다 라고 생각합니다.","wordCount":131},"emotion":[{"text":"친환경이 가진 가치를 경쟁 요소로 내세워 새로운 시장과 부가가치를 창출하는 사업입니다.","expression":"u-fact","category":"neutral"}],"intent":[{"text":"","expression":"","category":"attitude"}],"summary":{"text":"가치 경쟁은 경제에서 기업이 가격이나 품질로 경쟁하지 않고 고객에게 어떤 가치를 제공하는지로 서로 경쟁하는 것을 의미합니다. 친환경이 가진 가치를 경쟁 요소로 내세워 새로운 시장과 부가가치를 창출하는 그린 오션과 같은 가치 경쟁입니다. 사람들의 가치 판단이 중요해졌으므로 가치 경쟁으로 회사의 이미지를 높이는 것이 요즘은 중요합니다.","wordCount":43}}},"rawDataInfo":{"question":{"fileFormat":"wav","fileSize":468878,"duration":14650,"samplingBit":16,"channelCount":1,"samplingRate":"16kHz","audioPath":"/Mock/01.Management/Female/New/ckmk_q_bm_f_n_183024.wav"},"answer":{"fileFormat":"wav","fileSize":2742478,"duration":85700,"samplingBit":16,"channelCount":1,"samplingRate":"16kHz","audioPath":"/Mock/01.Management/Female/New/ckmk_a_bm_f_n_183024.wav"}}}