{"version":"1.0","dataSet":{"info":{"date":"20230116","occupation":"BM","channel":"MOCK","place":"ONLINE","gender":"FEMALE","ageRange":"-34","experience":"NEW"},"question":{"raw":{"text":"현대인은 하루에 세 번 거짓말을 하고 산다고 하는데 지원자님께서 이때까지 해 본 거짓말 중 가장 기억에 남는 것은 무엇인가요","wordCount":19},"emotion":[],"intent":[]},"answer":{"raw":{"text":"네 저는 가장 기억에 남는 거짓말은 괜찮지 않으면서 괜찮아 라고 이야기했던 것 같습니다. 내가 힘든 걸 남한테 알리고 싶지 않고 굳이 나의 부정적인 에너지를 전달해 주기 싫어서 괜찮아 라는 말을 입에 달고 살았었는데요. 요즘에는 네 마냥 괜찮다고 말하지만은 않습니다. 왜냐하면 실제로 이 상대가 내가 괜찮은 줄 알았는데 내가 너무 힘들어 하는 모습을 보고 아 얘가 진짜로 괜찮아서 괜찮은 게 아니었구나 하고 미안해하면서 힘들어 하는 모습을 봤거든요. 어떻게 보면은 나는 이 사람이 위해서 거짓말을 했는데 그 거짓말 때문에 상처받는 걸 보니 저도 마음이 안 좋더라고요. 그래서 지금은 예전처럼 뭐 뭐든지 힘들어도 아 괜찮아 이러지는 않고 솔직함과 그리고 어느 정도의 거짓말을 섞어서 괜찮다 라고 이야기하는 편입니다.","wordCount":104},"emotion":[],"intent":[{"text":"","expression":"","category":"attitude"}],"summary":{"text":"제가 힘든 걸 남한테 알리고 싶지 않고 저의 부정적인 에너지를 전달해 주기 싫어서 괜찮아 라는 말을 입에 달고 살았는데, 지금은 마냥 괜찮다고 말하지만은 않습니다. 지금은 솔직함과 그리고 어느 정도의 거짓말을 섞어서 괜찮다 라고 이야기하는 편입니다.","wordCount":35}}},"rawDataInfo":{"question":{"fileFormat":"wav","fileSize":491918,"duration":15370,"samplingBit":16,"channelCount":1,"samplingRate":"16kHz","audioPath":"/Mock/01.Management/Female/New/ckmk_q_bm_f_n_169455.wav"},"answer":{"fileFormat":"wav","fileSize":1767758,"duration":55240,"samplingBit":16,"channelCount":1,"samplingRate":"16kHz","audioPath":"/Mock/01.Management/Female/New/ckmk_a_bm_f_n_169455.wav"}}}