{"version":"1.0","dataSet":{"info":{"date":"20230116","occupation":"BM","channel":"MOCK","place":"ONLINE","gender":"FEMALE","ageRange":"-34","experience":"NEW"},"question":{"raw":{"text":"면접자님께서는 신입 사원 채용 프로세스를 바꾼다면 어떻게 바꾸 싶고 싶으신지 생각해보신 적이 있다면 말씀해 주세요","wordCount":15},"emotion":[],"intent":[]},"answer":{"raw":{"text":"제가 만약 면접에 합격해서 이 회사에 들어오게 된다면 그리고 신입사원 채용 프로세스를 바꿀 기회가 생긴다면 저는 좀 더 유연한 채용 프로세스로 바꾸고 싶습니다. 요즘은 이십 대라고 해서 무조건 신입사원으로 채용되는 것이 아니라고 생각합니다. 가끔 이십 대들의 문제점이 많기 때문에 이십 대보다 오히려 삼십 대를 선호하는 경우도 많다 라고 들었습니다. 그래서 신입사원이라고 하더라도 나이 제한을 두지 않고 신입사원의 채용 프로세스를 조금 더 유연하고 그리고 폭 넓게 하는 방법으로 바꾸고 싶습니다. 그래서 새로운 분야에서 일을 하게 되는 경우는 무조건 신입사원이라고 생각합니다. 그러므로 나이가 아니라 경력에 따라 신입사원을 평가하는 것이 옳다 라고 생각하므로 만약에 그 사람이 나이가 많더라도 어느 한 가능성이 있다 라고 생각하면 신입사원으로 채용할 수 있다 라고 생각합니다. 그리고 학벌을 따지지 않고 경험을 따지지 않고 그 사람 자체를 판단하는 프로세스를 구축하고 싶습니다. 요즘은 경험을 쌓기도 어렵기 때문에 경험이 없는 것이 바로 신입사원이라고 생각하고 조금 더 폭넓은 신입사원 채용 프로세스를 만들고 싶습니다.","wordCount":140},"emotion":[],"intent":[{"text":"","expression":"","category":"attitude"}],"summary":{"text":"나이가 아니라 경력에 따라 신입 사원을 평가하고 학벌, 경험을 따지지 않고 그 사람 자체를 판단하는 프로세스를 구축하고 싶습니다. 이제는 경험을 쌓기도 어렵기 때문에 경험이 없는 것이 바로 신입 사원이라고 생각하고 조금 더 폭넓은 신입 사원 채용 프로세스를 만들고 싶겠습니다.","wordCount":39}}},"rawDataInfo":{"question":{"fileFormat":"wav","fileSize":405838,"duration":12680,"samplingBit":16,"channelCount":1,"samplingRate":"16kHz","audioPath":"/Mock/01.Management/Female/New/ckmk_q_bm_f_n_183023.wav"},"answer":{"fileFormat":"wav","fileSize":2725838,"duration":85180,"samplingBit":16,"channelCount":1,"samplingRate":"16kHz","audioPath":"/Mock/01.Management/Female/New/ckmk_a_bm_f_n_183023.wav"}}}