{"version":"1.0","dataSet":{"info":{"date":"20230116","occupation":"BM","channel":"MOCK","place":"ONLINE","gender":"FEMALE","ageRange":"-34","experience":"NEW"},"question":{"raw":{"text":"지원자분께서 지금까지 살아오시면서 가장 힘들었던 경험이 있으시다면 그게 무엇인지에 대해서 궁금합니다 그리고 그 경험을 어떤 식으로 극복하려고 하셨는지에 대해서도 같이 이야기해 주세요","wordCount":22},"emotion":[],"intent":[]},"answer":{"raw":{"text":"지금까지 살아오면서 가장 힘들었던 경험 생각을 하면 저는 제 꿈을 찾기 전까지가 가장 힘들었던 것 같습니다. 사람마다 각자 꿈꿔왔던 꿈이 다를 텐데요. 저는 어렸을 적에는 물론 꿈이 있었지만 중간에는 제가 꿈이 없어서 굉장히 고민하고 표류했던 기간이 있었습니다. 그때가 가장 무의미한 시간인 것 같고 제 자신에 대한 믿음도 사라져서 슬픔이 많았던 것 같습니다. 그때 가장 무기력했던 그 순간이 저는 가장 힘들었던 경험이라고 생각을 합니다. 사람은 목표가 있어야 열심히 살고 그 꿈을 향해 달려간다고 생각을 하는데요. 진짜 그 꿈이 사라지니까 제가 열심히 했던 그 기억마저 사라지고 그리고 왜 살지 이런 철학적인 고민도 많이 했던 것 같습니다. 그래서 저는 목표 없는 삶은 죽은 목숨이와 같다 라는 이야기를 들었는데 그래서 저는 항상 목표를 채우고 그 이후로는 작은 목표라도 실천하자 라는 주의가 돼서 작은 목표라도 조금씩 실천하다 보니까 그 어려움과 그 힘든 이 극복이 되었던 것 같습니다.","wordCount":132},"emotion":[{"text":"그때가 가장 무의미한 시간인 것 같고   제 자신에 대한 믿음도 사라져서 슬픔이 많았던 것 같습니다.","expression":"n-sadness","category":"positive"}],"intent":[{"text":"저는 어렸을 적에는 물론 꿈이 있었지만 중간에는 제가 꿈이 없어서   굉장히 고민하고 표류했던 기간이 있었습니다.","expression":"c_private","category":"background"}],"summary":{"text":"사람은 목표가 있어야 열심히 살고 그 꿈을 향해 달려간다고 생각하는데, 저는 항상 목표를 채우기 보다는 작은 목표라도 조금씩 실천하다 보니 그 어려움과 이 극복이 되었던 것 같습니다.","wordCount":27}}},"rawDataInfo":{"question":{"fileFormat":"wav","fileSize":625998,"duration":19560,"samplingBit":16,"channelCount":1,"samplingRate":"16kHz","audioPath":"/Mock/01.Management/Female/New/ckmk_q_bm_f_n_175198.wav"},"answer":{"fileFormat":"wav","fileSize":2645198,"duration":82660,"samplingBit":16,"channelCount":1,"samplingRate":"16kHz","audioPath":"/Mock/01.Management/Female/New/ckmk_a_bm_f_n_175198.wav"}}}