{"version":"1.0","dataSet":{"info":{"date":"20230116","occupation":"BM","channel":"MOCK","place":"ONLINE","gender":"FEMALE","ageRange":"55-","experience":"NEW"},"question":{"raw":{"text":"우리 회사에 들어오게 되면 기존과 업무 스타일이 조금 달라질 수도 있습니다 달라진 업무 스타일에 잘 적응할 수 있나요","wordCount":18},"emotion":[],"intent":[]},"answer":{"raw":{"text":"어 물론 회사마다 업무 스타일도 다르고 뭐 주변의 상사나 주변 동료들의 업무 스타일도 다 다를 것입니다. 아 그 업무에 있어서 음 는 그 그 기존에 계시는 여러 동료분들이나 그 회사 회사의 경영 방침이나 이런 어 기본 룰이 다 각자 있기 때문에 어 그것이 저한테 저 업무적으로 크게 뭐 어 불이 어 불합리한 점이 없다면 어 그리고 개인적으로도 저에게 어 어 커다란 어 불편함이 없다면 어 그 회사의 업무 스타일에 잘 적응할 수 있어야 하겠죠. 그러나 타성에 젖어있는 업무 스타일도 있기 때문에 제가 그동안에 가지고 있던 여러 가지 경험이나 지식을 통해서 조금 더 나은 방향이 있다면 조심스럽게 그리고 잘 어 조금씩 변화하려는 노력도 같이 해보는 것도 괜찮을 것 같습니다. 다만 상대방의 의견을 무시하고 저희 의견을 끝까지 고집하는 그런 오는 범하지 않도록 노력하며 어 제가 모르는 부분 제가 알지 못했던 스타일이 있다면 어 기꺼이 빨리 잘 적응해서 그 일에 맞춰 하는 것이 바람직하다고 생각합니다.","wordCount":142},"emotion":[],"intent":[{"text":"","expression":"","category":"attitude"}],"summary":{"text":"업무 스타일은 각자의 기본 룰이 있기 때문에 업무적으로 불합리한 점이나 큰 불편함이 없다면 회사 업무 스타일에 잘 적응할 수 있어야 합니다. 하지만 타성에 젖어있는 업무 스타일도 있기 때문에 앞으로 조금 더 나은 방향이 있다면 변화하려는 노력도 함께 해보는 게 좋을 것 같습니다.","wordCount":42}}},"rawDataInfo":{"question":{"fileFormat":"wav","fileSize":391758,"duration":12240,"samplingBit":16,"channelCount":1,"samplingRate":"16kHz","audioPath":"/Mock/01.Management/Female/New/ckmk_q_bm_f_n_174216.wav"},"answer":{"fileFormat":"wav","fileSize":2777358,"duration":86790,"samplingBit":16,"channelCount":1,"samplingRate":"16kHz","audioPath":"/Mock/01.Management/Female/New/ckmk_a_bm_f_n_174216.wav"}}}