{"version":"1.0","dataSet":{"info":{"date":"20230116","occupation":"BM","channel":"MOCK","place":"ONLINE","gender":"FEMALE","ageRange":"-34","experience":"NEW"},"question":{"raw":{"text":"어 일을 하다 보면은 이직을 결심한 동료들을 만나게 되실 수도 있는데요 어 그런 이직을 결심한 동료에게 어떤 말을 해줄 것 같나요 그리고 왜 그렇게 말을 할 것 같나요","wordCount":28},"emotion":[],"intent":[]},"answer":{"raw":{"text":"저는 이직을 생각하는 동료가 있다면 그 동료의 선택을 응원하고 존중해 줄 것 같습니다. 그 이유는 어 그만두고 싶은 혹은 어 다른 회사를 가고 싶어하는 마음이 든 순간부터 음 다른 사람의 설득이나 붙잡는 것은 별로 의미가 없다고 생각을 합니다. 어 차라리 어 이 회사와 이 직무에 대해서 마음이 어 멀어진 사람과 함께 일하는 것보다는 정말 이 직무에서 어 그 이 자리에서 일하고 싶은 사람과 함께 일하는 것이 저에게도 또 그 동료에게도 더 행복한 길이라고 생각을 합니다. 그리고 저는 어 일터에서 만난 인연이라고 할지라도 모두 소중하게 생각하기 때문에 어 그 동료의 마음을 진심으로 공감을 해주고 음 그 동료를 진심으로 애정하는 마음에서 정말 응원하고 음 지지를 보내줄 것 같습니다.","wordCount":106},"emotion":[],"intent":[{"text":"","expression":"","category":"attitude"}],"summary":{"text":"저는 이직을 생각하는 동료가 있다면 그 동료의 선택을 응원과 지지를 보내줄 것 같습니다. 이 직무에서 일하고 싶은 사람과 함께 일하는 것이 저와 동료에게도 더 행복한 길이라고 생각하기 때문입니다. 그 동료를 진심으로 애정하는 마음에서 응원과 지지해 줄 것 같다고 생각합니다.","wordCount":39}}},"rawDataInfo":{"question":{"fileFormat":"wav","fileSize":553038,"duration":17280,"samplingBit":16,"channelCount":1,"samplingRate":"16kHz","audioPath":"/Mock/01.Management/Female/New/ckmk_q_bm_f_n_190214.wav"},"answer":{"fileFormat":"wav","fileSize":2327758,"duration":72740,"samplingBit":16,"channelCount":1,"samplingRate":"16kHz","audioPath":"/Mock/01.Management/Female/New/ckmk_a_bm_f_n_190214.wav"}}}