{"version":"1.0","dataSet":{"info":{"date":"20230116","occupation":"BM","channel":"MOCK","place":"ONLINE","gender":"FEMALE","ageRange":"55-","experience":"NEW"},"question":{"raw":{"text":"만약 이직을 생각하는 동료를 만나게 된다면 뭐라고 말씀하시겠습니까 지원자님께서 왜 그렇게 말씀하실지도 설명 부탁드리겠습니다","wordCount":14},"emotion":[],"intent":[]},"answer":{"raw":{"text":"이직을 생각하는 사람은 여러 가지 본인의 사정이 있을 거라 생각합니다. 뭐 건강상이나 뭐 어 직장의 분위기상 뭐 인간관계 뭐 급여 뭐 여러 문제가 있겠죠. 어 그러나 어 제가 그 사람의 이를 어 세부적인 사항이나 개인적인 사항을 완벽하게는 알 수가 없기 때문에 그분한테 뭐 이직하는 게 좋겠다 안 좋겠다 이렇게 말씀드릴 수는 없을 것 같고요. 그분이 이직을 생각하는 가장 큰 문제가 뭔지 열심히 들어주고 어 제가 알고 있는 한 정보도 공유해주고 어 서로 어 어 어떤 게 맞는지 아 한번 어 의논해고 토론해 볼 수는 있을 것 같습니다. 그러나 그것을 결정하는 건 그 본인의 몫이기 때문에 결정에 있어서 제가 좋다 나쁘다 아 하라 하지 마라 이렇게 이런 단정적인 답변은 하지 않을 것 같습니다. 주변에서 같이 어 찾아볼 수 있고 같이 들어주고 그 사람의 고민을 들어주고 어 이해해주는 역할은 같이 해 줄 수 있을 것 같구요. 정보도 같이 알아봐주고 어 최대한 제가 아는 내용에 대해서는 서로 얘기를 해 줄 것 같습니다.","wordCount":149},"emotion":[],"intent":[{"text":"","expression":"","category":"attitude"}],"summary":{"text":"이직을 생각하는 사람은 여러 가지 본인의 사정이 있을 거라 생각합니다. 그러나 제가 그 사람의 세부적인 사항이나 개인적인 사항을 완벽하게는 알 수가 없기 때문에 이분에게 이직하는 게 좋겠다 안 좋겠다 이렇게 말씀드릴 수는 없을 것 같습니다. 그 분의 고민을 들어주고 이해해주는 역할은 같이 해 줄 수 있을 것 같습니다.","wordCount":48}}},"rawDataInfo":{"question":{"fileFormat":"wav","fileSize":368078,"duration":11500,"samplingBit":16,"channelCount":1,"samplingRate":"16kHz","audioPath":"/Mock/01.Management/Female/New/ckmk_q_bm_f_n_174221.wav"},"answer":{"fileFormat":"wav","fileSize":2754958,"duration":86090,"samplingBit":16,"channelCount":1,"samplingRate":"16kHz","audioPath":"/Mock/01.Management/Female/New/ckmk_a_bm_f_n_174221.wav"}}}