{"version":"1.0","dataSet":{"info":{"date":"20230116","occupation":"BM","channel":"MOCK","place":"ONLINE","gender":"FEMALE","ageRange":"-34","experience":"NEW"},"question":{"raw":{"text":"업무 시 분쟁이 발생할 때를 대비한 지원자님만의 대처법이 있다면 설명해 주세요","wordCount":11},"emotion":[],"intent":[]},"answer":{"raw":{"text":"업무를 할 때 분쟁이 발생한다면 저는 분쟁이 발생한 그 동료 직원과 친해지려고 노력을 할 것 같습니다. 사람과 사람이 친해지기 전에는 어떤 일이 발생했을 때 어 한 사람이 아팠을 때 다른 한 사람이 그 일을 대신 하고 또 일을 두 배로 받는다고 생각하기 때문에 자동적으로 짜증이 나고 화가 날 수 있습니다. 하지만 어 서로의 관계가 끈끈할 때는 제가 이 사람을 도와준다고 그렇 도와준다는 생각으로 사고가 어 흘러가기 때문에 분쟁이 친하면 친할수록 분쟁이 일어나는 일은 적을 거라고 생각하는 사람 중의 하나입니다. 그렇기 때문에 저는 분쟁이 발생할 때를 대비해서 어 직장에 동료들과 관계를 두루두루 친하게 유지를 먼저 할 것 같구요. 어 분쟁이 발생한다면 어 그 직원과 더 깊은 사이가 될 수 있도록 어 제가 자리에 자리를 마련하던가 시간을 마련하던가 그런 데 그런 행동을 할 것 같습니다.","wordCount":123},"emotion":[],"intent":[{"text":"업무를 할 때 분쟁이 발생한다면 저는 분쟁이 발생한 그 동료 직원과 친해지려고 노력을 할 것 같습니다.","expression":"c_confl_mg","category":"personality"}],"summary":{"text":"저는 분쟁 발생 시 그 동료 직원과 친해지려고 노력을 할 것 같습니다. 친하면 친할수록 분쟁이 일어나는 일은 적을 것이라고 생각하는 사람 중 하나이기 때문에 분쟁이 발생할 때를 대비해서 직장에 동료들과 관계를 두루두루 친하게 유지를 먼저 할 것입니다.","wordCount":37}}},"rawDataInfo":{"question":{"fileFormat":"wav","fileSize":294158,"duration":9190,"samplingBit":16,"channelCount":1,"samplingRate":"16kHz","audioPath":"/Mock/01.Management/Female/New/ckmk_q_bm_f_n_184145.wav"},"answer":{"fileFormat":"wav","fileSize":2481998,"duration":77560,"samplingBit":16,"channelCount":1,"samplingRate":"16kHz","audioPath":"/Mock/01.Management/Female/New/ckmk_a_bm_f_n_184145.wav"}}}