{"version":"1.0","dataSet":{"info":{"date":"20230116","occupation":"BM","channel":"MOCK","place":"ONLINE","gender":"FEMALE","ageRange":"45-54","experience":"NEW"},"question":{"raw":{"text":"혹시 지원자님께서 지금부터 삼 년 뒤까지 삼 년 내 주요 성장 계획이나 목표가 있습니까 만약에 있으시다면 무엇인지 궁금합니다 말씀해 주세요","wordCount":20},"emotion":[],"intent":[]},"answer":{"raw":{"text":"어 사실은 제가 어떤 계획이나 목표를 세우는 그런 성격이 아니고 그러다 보니 뭐 엠비티아이도 제가 계획적이진 않은 걸로 어 명백히 나오더라구요. 그래서 지금 말씀드릴 수 있는 거는 그러니까 저는 뭐 삼 년 뒤 이런 건 생각해 보지 않고 사실 매일 매일 열심히 살자 어 오늘의 목표 맞추어진 내가 해야 될 일을 정말 잘 수행하자 이렇게 살고 있구요. 그래서 오늘은 지금 이 면접을 정말 잘 봐야 되겠다 생각을 하고 어 사실 지금 이렇게 말씀을 해 주시니 드는 생각은 이 회사에 합격을 해서 삼 년 내에 내가 어 그 승진을 하겠다. 어 최초로 그 고속 승진을 해야 되겠다. 그러면 열심히 해야 되겠다. 뭐 요렇게 말씀드릴 수 있을 것 같습니다.","wordCount":107},"emotion":[],"intent":[{"text":"","expression":"","category":"attitude"}],"summary":{"text":"저는 계획적인 성격이 아니라서 엠비티아이도 제가 계획적이진 않은 걸로 명백히 나왔습니다. 그래서 저는 매일 매일 열심히 살고 오늘 목표에 맞추어진 제가 해야 될 일을 잘 수행하자 이렇게 살고 있습니다.","wordCount":29}}},"rawDataInfo":{"question":{"fileFormat":"wav","fileSize":534478,"duration":16700,"samplingBit":16,"channelCount":1,"samplingRate":"16kHz","audioPath":"/Mock/01.Management/Female/New/ckmk_q_bm_f_n_175367.wav"},"answer":{"fileFormat":"wav","fileSize":2106318,"duration":65820,"samplingBit":16,"channelCount":1,"samplingRate":"16kHz","audioPath":"/Mock/01.Management/Female/New/ckmk_a_bm_f_n_175367.wav"}}}