{"version":"1.0","dataSet":{"info":{"date":"20230116","occupation":"BM","channel":"MOCK","place":"ONLINE","gender":"FEMALE","ageRange":"-34","experience":"NEW"},"question":{"raw":{"text":"지원자분께서 저희 회사에 입사를 하고 나신 뒤에 본인이 어떤 업무를 하고 싶으신지 궁금합니다 있으시다고 한다면 그 업무와 함께 업무를 하고 싶은 이유에 대해서도 같이 이야기해 주세요","wordCount":26},"emotion":[],"intent":[]},"answer":{"raw":{"text":"저는 이 회사에 들어오게 된다면 재무 관련한 일을 하고 싶습니다. 저는 어릴 때부터 숫자에 숫자를 어 가지고 하는 일에 음 소질이 있었고 그리고 또 이 일을 재미있어 하는 편입니다. 그래서 어 어릴 때는 마트 캐셔로도 일을 했 했었고요. 이 돈을 만지고 어떤 돈을 청렴하게 쓰 쓰이고 쓰이게 하고 그리고 또 어떤 것을 어 정확하게 관리하는 일을 했을 때 제 삶에 보람이 있었고 또 제가 잘 할 수 있는 일이라서 어 이 재무와 관련된 일을 하고 싶습니다. 지금 제가 하고 싶은 일 일을 어 실제로 하기 위해서 관련된 스터디도 하고 있구요. 어 그리고 기업의 재무제표 그리고 어떤 어 돈의 흐름을 관리하기 위한 그런 자격증도 공부하고 있습니다.","wordCount":105},"emotion":[],"intent":[{"text":"","expression":"","category":"attitude"}],"summary":{"text":"이 회사에 들어온다면 재무 관련 일을 하고 싶습니다. 어릴 때부터 숫자에 소질이 있었고, 어렸을 때는 마트 캐셔로 일을 했었습니다. 돈을 관리하는 일을 했을 때 보람을 느꼈고, 재무와 관련된 일을 하고 싶습니다.","wordCount":31}}},"rawDataInfo":{"question":{"fileFormat":"wav","fileSize":627918,"duration":19620,"samplingBit":16,"channelCount":1,"samplingRate":"16kHz","audioPath":"/Mock/01.Management/Female/New/ckmk_q_bm_f_n_175084.wav"},"answer":{"fileFormat":"wav","fileSize":2124238,"duration":66380,"samplingBit":16,"channelCount":1,"samplingRate":"16kHz","audioPath":"/Mock/01.Management/Female/New/ckmk_a_bm_f_n_175084.wav"}}}