{"version":"1.0","dataSet":{"info":{"date":"20230116","occupation":"BM","channel":"MOCK","place":"ONLINE","gender":"FEMALE","ageRange":"-34","experience":"NEW"},"question":{"raw":{"text":"네 지원자께서 특별히 좋아하시는 앱이 있다면 설명 부탁드립니다","wordCount":8},"emotion":[],"intent":[]},"answer":{"raw":{"text":"최근 밀리의 서재라는 앱을 주로 사용하고 있습니다. 밀리의 서재는 이북을 많이 모아놓은 어플입니다. 어플을 통해 이 책을 읽을 수 있고 읽게 되어 좋습니다. 저는 핸드폰을 손해 쥐고 있으면 의미없는 생활만 했었는데 지금은 핸드폰을 손에 쥐고 있어도 밀리의 서재를 통해서 많은 것들을 보고 있습니다. 최근에는 자격증 시험을 준비하는데 밀리의 서재 내에 그 자격증에 관한 책이 있어서 그 책으로 밀리의 서재에서 자격증을 준비하였습니다. 이처럼 밀리의 서재는 취미뿐만 아니라 제 능력 향상에도 도움이 되는 어플입니다. 또한 조카가 있는데 조카에게는 밀리의 서재를 통해 만화책을 보여주었습니다. 이처럼 누구나 접근할 수 있으면 누구에게나 원하는 콘텐츠가 있고 그 콘텐츠가 유익한 것이기 때문에 저는 밀리의 서재를 좋아합니다. 또한 밀리의 서재는 밀리를 주는 식으로 조 독서를 권장합니다. 이러한 독서 권장 방법이 모두에게 좋은 방법이라고 생각합니다. 그래서 저는 독서를 할 수 있는 어플인 밀리의 서재를 가장 좋아합니다.","wordCount":127},"emotion":[{"text":"밀리의 서재는 이북을 많이 모아놓은 어플입니다.","expression":"u-fact","category":"neutral"}],"intent":[{"text":"","expression":"","category":"attitude"}],"summary":{"text":"밀리의 서재는 이북을 모아놓은 어플입니다. 책을 통해 많은 것들을 보고 있고, 자격증 시험도 준비중입니다. 누구나 접근할 수 있으면 원하는 콘텐츠가 있고 그 콘텐츠가 유익한 것이기 때문에 저는 독서를 할 수 있는 어플인 밀리의 서재를 가장 좋아합니다.","wordCount":36}}},"rawDataInfo":{"question":{"fileFormat":"wav","fileSize":241358,"duration":7540,"samplingBit":16,"channelCount":1,"samplingRate":"16kHz","audioPath":"/Mock/01.Management/Female/New/ckmk_q_bm_f_n_180871.wav"},"answer":{"fileFormat":"wav","fileSize":2532558,"duration":79140,"samplingBit":16,"channelCount":1,"samplingRate":"16kHz","audioPath":"/Mock/01.Management/Female/New/ckmk_a_bm_f_n_180871.wav"}}}