{"version":"1.0","dataSet":{"info":{"date":"20230116","occupation":"BM","channel":"MOCK","place":"ONLINE","gender":"FEMALE","ageRange":"-34","experience":"NEW"},"question":{"raw":{"text":"지원자분 면접에 오시느라 고생하셨습니다 그러면 질문 드리겠습니다 만약 게임이 출시되는 상황을 가정하고 생길 수 있는 문제에 대해서 이야기해 보신다면 어떤 것이 있겠습니까","wordCount":22},"emotion":[],"intent":[]},"answer":{"raw":{"text":"새로운 게임이 출시되었다면 첫 번째로 유저에게 정보가 제대로 제공된 게임인지 혹은 유저들이 게임을 하는 데 있어서 어려운 조작 방법은 아닌지와 같은 이슈들이 발생할 수 있습니다. 새로운 게임을 출시할 때는 먼저 유저들에게 제공하기 전에 내부에서 직접 유저의 입장에서 게임을 여러 차례 해보아야 한다고 생각합니다. 여러 차례 해 볼수록 새로운 이슈들이 나타나고 그에 대한 해 그에 대한 해결을 한다 하고 난 다음에 유저에게 제공을 한다면 유저들은 더욱 편한 환경 속에서 게임을 해 갈 수 있습니다. 여러 차례 게임을 하다보면 유저에게는 어떤 기능이 필요하고 어떤 기능이 좀 더 편리할지를 고민해 볼 수 있게 됩니다. 이처럼 어떤 새로운 것을 고객에게 내보이기 전에 내부적으로 여러 차례 검토를 해 본다면 좀 더 나은 서비스를 제공할 수 있다고 생각합니다.","wordCount":112},"emotion":[],"intent":[{"text":"","expression":"","category":"attitude"}],"summary":{"text":"새로운 게임을 출시하기 전, 내부에서 직접 유저의 입장에서 게임을 여러 차례 해보아야 합니다. 여러 차례 해 볼수록 새로운 이슈들이 나타나고 그에 대한 해결을 한 후 유저에게 제공한다면 유저들은 더욱 편한 환경 속에서 게임을 해 갈 수 있습니다.","wordCount":37}}},"rawDataInfo":{"question":{"fileFormat":"wav","fileSize":552078,"duration":17250,"samplingBit":16,"channelCount":1,"samplingRate":"16kHz","audioPath":"/Mock/01.Management/Female/New/ckmk_q_bm_f_n_178391.wav"},"answer":{"fileFormat":"wav","fileSize":2701518,"duration":84420,"samplingBit":16,"channelCount":1,"samplingRate":"16kHz","audioPath":"/Mock/01.Management/Female/New/ckmk_a_bm_f_n_178391.wav"}}}