{"version":"1.0","dataSet":{"info":{"date":"20230116","occupation":"BM","channel":"MOCK","place":"ONLINE","gender":"FEMALE","ageRange":"-34","experience":"NEW"},"question":{"raw":{"text":"본인이 대학교에서 배운 전공 과목 중 가장 기억에 남는 과목에 대해 한 가지만 골라서 말씀해 주세요","wordCount":16},"emotion":[],"intent":[]},"answer":{"raw":{"text":"대학에서 배운 저의 전공 과목 중에 가장 기억에 남는 과목은 사회복지 조사론입니다. 사회복지 조사론은 말 그대로 사회복지와 관련한 여러 조사의 방법을 배우는 그런 과목인데요. 제가 이 과목이 제 기억에 남는 이유는 제가 이 과목은 어떤 제가 어떤 회사에서 일하게 되더라도 어 가장 유용하게 쓰일 수 있는 방법을 가르쳐주는 과목이라고 생각해서 어 아주 열심히 임했던 그런 기억이 있기 때문입니다. 실제로 이전 직장에서도 어 제가 어떤 대상들을 대상들에게 설문지를 제작하거나 어 그리고 면접을 보거나 이런 어 경우가 많았었는데요. 그때마다 질문을 구성하고 또 어떤 척도를 찾아내는 데 가장 중요한 역할을 한 과목이 아니었나 싶습니다. 앞으로도 이 과목들을 어 이 과목을 기억에 오래 남기기 위해서 관련된 전공책을 어 생각날 때마다 펼쳐 볼 생각입니다.","wordCount":109},"emotion":[{"text":"대학에서 배운 저의 전공 과목 중에 가장 기억에 남는 과목은 사회복지 조사론입니다.","expression":"u-fact","category":"neutral"}],"intent":[{"text":"대학에서 배운 저의 전공 과목 중에 가장 기억에 남는 과목은 사회복지 조사론입니다.","expression":"c_private","category":"background"}],"summary":{"text":"대학에서 배운 사회복지조사론은 사회 복지와 관련한 여러 조사의 방법을 배우는 과목입니다. 이 과목이 기억에 남는 이유는 회사에서 일하게 되더라도 가장 유용하게 쓰일 수 있는 방법을 가르쳐주는 과목이라고 생각해서 열심히 임했던 기억이 있기 때문입니다.","wordCount":33}}},"rawDataInfo":{"question":{"fileFormat":"wav","fileSize":268878,"duration":8400,"samplingBit":16,"channelCount":1,"samplingRate":"16kHz","audioPath":"/Mock/01.Management/Female/New/ckmk_q_bm_f_n_183617.wav"},"answer":{"fileFormat":"wav","fileSize":2375118,"duration":74220,"samplingBit":16,"channelCount":1,"samplingRate":"16kHz","audioPath":"/Mock/01.Management/Female/New/ckmk_a_bm_f_n_183617.wav"}}}