{"version":"1.0","dataSet":{"info":{"date":"20230116","occupation":"BM","channel":"MOCK","place":"ONLINE","gender":"FEMALE","ageRange":"-34","experience":"NEW"},"question":{"raw":{"text":"협업하는 과제와 또 혼자서 하는 과제 중에서 어떤 걸 더 선호하시는지 궁금하구요 어 그 선호하는 이유도 함께 말씀해 주시면 감사하겠습니다","wordCount":20},"emotion":[],"intent":[]},"answer":{"raw":{"text":"저는 기본적으로 협업하는 과제를 더 선호하는 것 같습니다. 제가 업무를 하다 보니까 막상 저 혼자 해야 되는 업무보다는 같이 협업을 통해서 이해하고 관계를 통해서 풀어나가야 되는 문제들이 훨씬 더 많다는 걸 깨달았기 때문입니다. 사실 이런 협업의 업무를 잘 할 경우에 그리고 회사에서도 굉장히 큰 강점이 있다고 생각을 하는데요. 그래서 앞으로도 이런 업무들을 쪼끔 더 잘 처리할 수 있도록 노력하고 싶다 라는 생각이 들 정도로 어 저는 같이 협업하는 과제 협업하는 업무를 좀 좋아하는 편입니다. 어 실제로 제가 처음에 입사했을 때는 협업하는 거에 대해서 좀 어려움을 겪었습니다. 왜냐하면 제 개인의 업무도 아직까지 숙달되지 않은 상태에서 협업 업무를 진행을 하다 보니까 쪼금 어려운 좀 있었는데요. 하지만 오히려 잘 몰라도 협업을 진행을 하니까 제가 모르는 부분을 보완해 주시고 그리고 그것 등을 통해서 훨씬 더 시너지를 낼 수 있었던 것 같습니다. 그래서 앞으로도 저는 타 부서 그리고 팀원들 간에 그 협업을 통해서 업무를 조금더 효율적으로 해결을 하고 또 좋은 아이디어와 서로 이해하고 배려하면서 그 업무들을 잘 해내고 싶다 라는 생각이 들 정도로 저는 협업하는 업무를 좀 좋아하는 편인 거 같습니다.","wordCount":166},"emotion":[],"intent":[{"text":"제가 업무를 하다   보니까 막상 저 혼자 해야 되는 업무보다는 같이 협업을 통해서 이해하고   관계를 통해서 풀어나가야 되는 문제들이 훨씬 더 많다는 걸 깨달았기 때문입니다.","expression":"c_cop","category":"personality"},{"text":"사실 이런 협업의 업무를 잘 할 경우에 그리고 회사에서도 굉장히 큰 강점이 있다고   생각을 하는데요.","expression":"c_cop","category":"personality"},{"text":"그래서 앞으로도 이런 업무들을 쪼끔 더 잘 처리할 수 있도록   노력하고 싶다 라는 생각이 들 정도로 어 저는 같이 협업하는 과제   협업하는 업무를 좀 좋아하는 편입니다.","expression":"c_cop","category":"personality"},{"text":"하지만 오히려 잘 몰라도 협업을 진행을 하니까 제가 모르는 부분을   보완해 주시고 그리고 그것 등을 통해서 훨씬 더 시너지를 낼 수 있었던 것 같습니다.","expression":"c_cop","category":"personality"},{"text":"그래서 앞으로도 저는 타 부서 그리고 팀원들 간에 그 협업을 통해서 업무를 조금더   효율적으로 해결을 하고 또 좋은 아이디어와 서로 이해하고 배려하면서 그 업무들을   잘 해내고 싶다 라는 생각이 들 정도로 저는 협업하는 업무를 좀 좋아하는 편인 거   같습니다.","expression":"c_cop","category":"personality"}],"summary":{"text":"저는 혼자 해야 되는 업무보다는 같이 협업을 통해서 이해하고 관계를 통해서 풀어나가야 되는 문제들이 훨씬 더 많다는 걸 깨달았기 때문에 협업하는 과제를 더 좋아하는 편입니다. 처음 입사했을 때는 협업에 대해 좀 어려움을 겪었지만 협업으로 진행하니 훨씬 더 시너지를 낼 수 있었던 것 같습니다. 앞으로도 협업하는 업무를 좀 잘하고 싶다 라는 생각이 들었습니다.","wordCount":52}}},"rawDataInfo":{"question":{"fileFormat":"wav","fileSize":471118,"duration":14720,"samplingBit":16,"channelCount":1,"samplingRate":"16kHz","audioPath":"/Mock/01.Management/Female/New/ckmk_q_bm_f_n_174351.wav"},"answer":{"fileFormat":"wav","fileSize":2873998,"duration":89810,"samplingBit":16,"channelCount":1,"samplingRate":"16kHz","audioPath":"/Mock/01.Management/Female/New/ckmk_a_bm_f_n_174351.wav"}}}