{"version":"1.0","dataSet":{"info":{"date":"20230116","occupation":"BM","channel":"MOCK","place":"ONLINE","gender":"FEMALE","ageRange":"-34","experience":"NEW"},"question":{"raw":{"text":"본인이 생각하는 장점과 단점을 설명해 주시고 그것을 특화시키고 또 극복하기 위한 노력을 했다면 함께 말씀 부탁드리겠습니다","wordCount":16},"emotion":[],"intent":[]},"answer":{"raw":{"text":"제 장점은 호기심이 많다는 것입니다. 많은 호기심을 바탕으로 새로운 일에 도전을 합니다. 저는 외국에 나 혼자 배낭여행을 가본 경험이 있습니다. 아무 것도 모른 채 배낭여행을 하겠다는 꿈 하나로 한 달 동안 배낭 하나 메고 유럽을 떠돌았습니다. 이처럼 그때도 많은 호기심과 그에 따른 친화력을 바탕으로 쉽게 여행을 하였습니다. 가서 도메토리에 머물며 친구들을 사귀기도 하였습니다. 이처럼 호기심이 많고 결단력이 많은 저의 성격은 제가 많은 경험을 할 수 있게 하였습니다. 그러나 결단력이 있지만 꼼꼼함은 조금 부족한 편입니다. 꼼꼼함이 부족하여 여행을 갈 때도 많은 계획을 세우기보다는 목적지만 정해 놓고 막 놀러가는 편이었습니다. 그러나 꼼꼼함을 이 없는 걸 극복하기 위해서 계획을 조금이라도 세워 보도록 했습니다. 많은 계획을 세우면 제가 지킬 수 없다는 걸 알길 래 제가 지킬 수 있는 계획부터 차근차근 해 나가는 영 경험을 하였습니다.","wordCount":121},"emotion":[],"intent":[{"text":"이처럼 호기심이 많고 결단력이 많은 저의 성격은 제가 많은 경험을 할 수 있게 하였습니다.","expression":"c_person","category":"background"}],"summary":{"text":"호기심이 많고 결단력이 많은 제 성격은 제가 많은 경험을 할 수 있게 하였습니다. 그러나 결단력이 있는 반면 꼼꼼함이 조금 부족한 편인데, 이를 극복하기 위해 계획을 조금이라도 세워 보도록 했습니다. 지킬 수 있는 계획부터 차근차근 해 나가는 경험을 했습니다.","wordCount":38}}},"rawDataInfo":{"question":{"fileFormat":"wav","fileSize":350798,"duration":10960,"samplingBit":16,"channelCount":1,"samplingRate":"16kHz","audioPath":"/Mock/01.Management/Female/New/ckmk_q_bm_f_n_180867.wav"},"answer":{"fileFormat":"wav","fileSize":2729038,"duration":85280,"samplingBit":16,"channelCount":1,"samplingRate":"16kHz","audioPath":"/Mock/01.Management/Female/New/ckmk_a_bm_f_n_180867.wav"}}}