{"version":"1.0","dataSet":{"info":{"date":"20230116","occupation":"BM","channel":"MOCK","place":"ONLINE","gender":"FEMALE","ageRange":"35-44","experience":"NEW"},"question":{"raw":{"text":"면접자분은 본인이 직접 해외 출장 장소를 선택할 수 있다면 꼭 한 번 가서 일해보고 싶은 나라가 있으신가요 또 왜 그 나라를 선택하셨는지 설명 부탁드립니다","wordCount":24},"emotion":[],"intent":[]},"answer":{"raw":{"text":"네 제가 해외 출장을 갈 수 있다면 아 생각만 해도 굉장히 설레고 기분이 좋습니다. 꼭 한번 가서 일해보고 싶은 나라가 한 군 덴 아니고 뭐 한 몇 군데 있는데요. 저는 일단 호주 그리고 어 프랑스나 이탈리아 가보고 싶습니다. 지금 일단 생각나는 나라는 그 두 군 그 그 정도 네 왜냐하면 음 미국도 좋기는 한데 이제 미국은 너무 이제 동쪽이냐 서쪽이냐가 나뉘기도 하고 동쪽은 도심화가 좋긴 하지만 어 좀 너무 각박할 것 같고 너무 서울 사는 것 같을 것 같고 서쪽은 너무 휴양지 느낌이 날 것 같고 이제 미국은 좀 광범위해서 제가 제외를 했구요. 호주도 물론 광범위하지만 호주는 제가 전에 한 번 그 딱 한 번 여행을 가봤는데 어 되게 한적하면서도 도심이 있고 여유로우면서도 또 그냥 재미도 있고 자연도 가까이 있으면서 도시도 있고 그렇다고 위험하지 않고 일단 좀 미국보다는 훨씬 덜 위험하고 취향적으로 괜찮은 것 같아서 저는 이제 그쪽을 가보고 싶습니다.","wordCount":140},"emotion":[{"text":"네 제가 해외 출장을 갈 수 있다면 아 생각만 해도 굉장히 설레고 기분이 좋습니다.","expression":"p-interest","category":"positive"}],"intent":[{"text":"","expression":"","category":"attitude"}],"summary":{"text":"해외 출장을 가보고 싶은 나라는 호주, 프랑스, 이탈리아가 있습니다. 미국은 너무 각박하고, 서쪽은 휴양지 같을 것 같아 제외했습니다. 호주도 한적하고, 재미도 있고, 자연도 가까이 있으면서 도시도 있고 위험하지 않아 미국보다는 덜 위험하고 취향적으로 괜찮은 것 같아 가 보고 싶습니다.","wordCount":39}}},"rawDataInfo":{"question":{"fileFormat":"wav","fileSize":535118,"duration":16720,"samplingBit":16,"channelCount":1,"samplingRate":"16kHz","audioPath":"/Mock/01.Management/Female/New/ckmk_q_bm_f_n_181553.wav"},"answer":{"fileFormat":"wav","fileSize":2817998,"duration":88060,"samplingBit":16,"channelCount":1,"samplingRate":"16kHz","audioPath":"/Mock/01.Management/Female/New/ckmk_a_bm_f_n_181553.wav"}}}