{"version":"1.0","dataSet":{"info":{"date":"20230116","occupation":"BM","channel":"MOCK","place":"ONLINE","gender":"FEMALE","ageRange":"55-","experience":"NEW"},"question":{"raw":{"text":"지원자께서는 문서 작성 경험이 많으셨을 것입니다 그렇다면 보고서 등의 문서 작성 시에 실수를 방지하려면 어떻게 해야 한다고 생각하시는지 그 방법에 대해서 말씀해 주십시오","wordCount":23},"emotion":[],"intent":[]},"answer":{"raw":{"text":"지원자님께서는 보고서 등 문서 작성 시 실수를 방지하려면 어떻게 해야 한다고 생각하십니까 라고 질문하셨습니다. 여기에 대한 저의 답변을 말씀드리겠습니다. 문서 작성 시에는 먼저 보고서 내용에 큰 그림을 그리고 난 후 세부 시행 방안을 작성하여야 합니다. 문서는 내가 이해할 수 있게 작성하는 것이 아니고 보고를 받는 상사 분이나 기타 다른 이들에 이해를 할 수 있도록 작성하여야 합니다. 문서를 작성하는 본인은 내용을 알고 있지만 문서를 보는 제 삼 자는 이해할 수 없는 경우가 생기기 때문입니다. 또 문서 작성 후에는 맞춤법 기능 등을 이용하여 오탈자가 있는지도 철저히 검사하여야 합니다. 오탈자가 많이 나오면 문서 작성자의 성의가 없다고 보기 때문입니다. 이상 문서 작성 시 실수 방지 방안에 대한 저의 생각이었습니다. 감사합니다.","wordCount":106},"emotion":[],"intent":[{"text":"","expression":"","category":"attitude"}],"summary":{"text":"문서 작성 시에는 보고서의 내용을 먼저 그리고 세부 시행 방안을 작성하며, 문서 작성 후에는 맞춤법 기능 등을 이용하여 오탈자가 있는지 철저히 검사해야 합니다.","wordCount":23}}},"rawDataInfo":{"question":{"fileFormat":"wav","fileSize":541838,"duration":16930,"samplingBit":16,"channelCount":1,"samplingRate":"16kHz","audioPath":"/Mock/01.Management/Female/New/ckmk_q_bm_f_n_185703.wav"},"answer":{"fileFormat":"wav","fileSize":2773198,"duration":86660,"samplingBit":16,"channelCount":1,"samplingRate":"16kHz","audioPath":"/Mock/01.Management/Female/New/ckmk_a_bm_f_n_185703.wav"}}}