{"version":"1.0","dataSet":{"info":{"date":"20230116","occupation":"BM","channel":"MOCK","place":"ONLINE","gender":"FEMALE","ageRange":"-34","experience":"NEW"},"question":{"raw":{"text":"면접자분에게 여 여쭙겠습니다 본인이 생각하는 좋은 회사란 과연 무엇일까요","wordCount":9},"emotion":[],"intent":[]},"answer":{"raw":{"text":"제가 생각하는 좋은 회사란 직원들의 복지를 생각하는 회사라고 생각을 합니다. 제가 이전에 다니던 회사에서도 여성이 관련한 굉장히 복지가 뛰어났었는데요. 생리 육아 뿐만 아니고 아이들 육아에 관련된 어 그런 복지도 굉장히 뛰어났었기 때문에 제가 가장 기억에 남는 회사였는데 저는 좋은 회사란 직원들의 궁극적인 니즈를 파악을 해서 그 니즈를 채워주는 회사 라고 생각을 합니다. 그래서 저는 요즘은 워라벨이 가장 중요하다고 하잖아요. 그래서 회사 일은 회사 일대로 굉장히 열심히 하지만 그 외 시간에서는 또 직원들의 편의를 봐주고 그 편의를 봐주는 시설이나 그 직접적으로 원하는 것을 알아내서 그것을 채워주면 정말 가장 좋은 회사라고 생각을 하고요. 그런 회사를 다니기 위해서 본인도 계속해서 자기 발전을 하고 더욱더 효율성이 높아졌던 것 같아서 저가 생각하는 좋은 회사는 그 회사에 충성을 하게 만들고 복지를 조금 더 신경 써주는 회사라고 생각합니다.","wordCount":121},"emotion":[{"text":"제가 생각하는 좋은 회사란 직원들의 복지를 생각하는 회사라고 생각을 합니다.","expression":"u-belief","category":"neutral"},{"text":"생리 육아 뿐만 아니고 아이들 육아에 관련된   어 그런 복지도 굉장히 뛰어났었기 때문에 제가 가장 기억에 남는 회사였는데 저는 좋은 회사란 직원들의 궁극적인   니즈를 파악을 해서 그 니즈를 채워주는 회사 라고 생각을 합니다.","expression":"u-belief","category":"neutral"},{"text":"그래서 회사 일은 회사 일대로 굉장히 열심히 하지만 그 외 시간에서는 또 직원들의 편의를 봐주고 그 편의를 봐주는 시설이나   그 직접적으로 원하는 것을 알아내서 그것을 채워주면 정말 가장 좋은 회사라고 생각을 하고요.","expression":"u-belief","category":"neutral"}],"intent":[{"text":"","expression":"","category":"attitude"}],"summary":{"text":"좋은 회사란 직원들의 궁극적인 니즈를 파악을 해서 그 욕구를 채워주는 회사라고 생각합니다. 워라벨이 가장 중요하다고 하잖아요. 회사 일은 굉장히 열심히 하지만 그 외 시간에서는 직원들의 편의를 봐주고 그 편의를 봐주는 시설이나 직접적으로 원하는 것을 알아내서 그것을 채워주면 정말 가장 좋은 회사라 생각합니다.","wordCount":42}}},"rawDataInfo":{"question":{"fileFormat":"wav","fileSize":256078,"duration":8000,"samplingBit":16,"channelCount":1,"samplingRate":"16kHz","audioPath":"/Mock/01.Management/Female/New/ckmk_q_bm_f_n_175099.wav"},"answer":{"fileFormat":"wav","fileSize":2433998,"duration":76060,"samplingBit":16,"channelCount":1,"samplingRate":"16kHz","audioPath":"/Mock/01.Management/Female/New/ckmk_a_bm_f_n_175099.wav"}}}