{"version":"1.0","dataSet":{"info":{"date":"20230116","occupation":"BM","channel":"MOCK","place":"ONLINE","gender":"FEMALE","ageRange":"-34","experience":"NEW"},"question":{"raw":{"text":"지원자님께서 일을 실제로 하시게 되면서 가장 어려울 것이라고 예상되는 것은 무엇인지 궁금합니다 그리고 그런 일들에 어떤 식으로 대처하게 되실지도 궁금합니다","wordCount":20},"emotion":[],"intent":[]},"answer":{"raw":{"text":"아무래도 일을 하면서 가장 어려울 것이라고 생각되는 것은 사람인데요. 솔직히 일은 다 거기서 거기라고 생각하고 어렵고 힘든 일도 제가 열심히 노력하고 배우면 개척해 나갈 수 있다고 생각합니다. 하지만 여러 가지 협업으로 여러 가지 협업으로 많은 사람들과 다양한 방법으로 커뮤니케이션을 해야 하는데 이런 상황에서 많은 어려움을 겪을 것이라고 저는 생각합니다. 그리고 그에 어떻게 대처하냐는 것은 일단 모든 사람들은 다 다르다 라는 마음과 그리고 이 곳은 일을 하는 곳이니 다 모두 좋은 결과를 추구 한다고 생각하는 그런 마음을 가지고 있다고 생각해서 조금 더 자유롭고 유동적으로 상대방의 의견을 받아들이고 제 의견을 합하여 좋은 방향으로 나가는 방법입니다.","wordCount":93},"emotion":[],"intent":[{"text":"","expression":"","category":"attitude"}],"summary":{"text":"일을 하면서 가장 어려운 것은 사람인데, 열심히 노력하고 배우면 개척해 나갈 수 있다고 생각합니다. 많은 사람과 다양한 방법으로 커뮤니케이션을 하는데 어려움을 겪을 것이라고 생각합니다. 그에 자유롭고 유동적으로 의견을 받아들여 좋은 방향으로 나가도록 대처합니다.","wordCount":33}}},"rawDataInfo":{"question":{"fileFormat":"wav","fileSize":501518,"duration":15670,"samplingBit":16,"channelCount":1,"samplingRate":"16kHz","audioPath":"/Mock/01.Management/Female/New/ckmk_q_bm_f_n_178708.wav"},"answer":{"fileFormat":"wav","fileSize":2030478,"duration":63450,"samplingBit":16,"channelCount":1,"samplingRate":"16kHz","audioPath":"/Mock/01.Management/Female/New/ckmk_a_bm_f_n_178708.wav"}}}