{"version":"1.0","dataSet":{"info":{"date":"20230116","occupation":"BM","channel":"MOCK","place":"ONLINE","gender":"FEMALE","ageRange":"45-54","experience":"NEW"},"question":{"raw":{"text":"동물 실험이 인간에게 주는 이익에 관해서 생각해 보신 적이 있는지요 동물 실험에 대한 지원자님의 생각을 말씀해 주시기 바랍니다","wordCount":18},"emotion":[],"intent":[]},"answer":{"raw":{"text":"동물 실험이 인간에게 주는 이익은요. 일단은 뭐 다 아시겠습니다만 어 위험을 좀 줄여주고 어 사는 데 있어서 좀 더 건강하게 그렇게 살 수 있도록 도움을 주지 않나 싶습니다. 뭐 의료적인 부분 뭐 화장품에 대한 어떤 원료에 대한 그 검사 이런 것들을 직접 사람에게 하는 것보다 일단 동물에게 실험을 해보고 또 그 무해할 경우 이제 사람들이 이용하기 때문에 그런 부분으로 사람들이 좀 더 안전하다 라는 그 생각이 들고요. 사실 동물 실험을 하지 않는 게 어 윤리적이라고 생각을 하죠. 그렇지만 그렇다고 해서 그런 연구 없이 실험 없이 바로 인체에 사용을 한다면 어떤 부작용이라든지 위험 요소도 많을 거기 때문에 어 되도록이면 비윤리적이지 않은 실험으로 해서 동물 실험은 불가피하지 않나 라는 생각을 합니다.","wordCount":109},"emotion":[],"intent":[{"text":"","expression":"","category":"attitude"}],"summary":{"text":"동물 실험이 인간에게 주는 이익은 위험을 줄여주고 건강하게 살 수 있도록 도움을 줍니다. 무해할 경우 사람들이 이용하기 때문에 더 안전합니다. 또 동물 실험을 하지 않는 게 윤리적이지만, 가급적이면 비윤리적이지 않은 실험은 불가피하다고 생각합니다.","wordCount":33}}},"rawDataInfo":{"question":{"fileFormat":"wav","fileSize":373518,"duration":11670,"samplingBit":16,"channelCount":1,"samplingRate":"16kHz","audioPath":"/Mock/01.Management/Female/New/ckmk_q_bm_f_n_182040.wav"},"answer":{"fileFormat":"wav","fileSize":2487758,"duration":77740,"samplingBit":16,"channelCount":1,"samplingRate":"16kHz","audioPath":"/Mock/01.Management/Female/New/ckmk_a_bm_f_n_182040.wav"}}}