{"version":"1.0","dataSet":{"info":{"date":"20230116","occupation":"BM","channel":"MOCK","place":"ONLINE","gender":"FEMALE","ageRange":"-34","experience":"NEW"},"question":{"raw":{"text":"회사에 취직이 된 후 들어오셔서 선배님을 만나게 된다면 지원자님은 평소에 어떤 선배님을 꼭 만나보고 싶었는지 그 이유는 무엇인지 말씀해 주세요","wordCount":20},"emotion":[],"intent":[]},"answer":{"raw":{"text":"회사에 들어와서 선배를 만나게 된다면 어떤 모습에 선배 만나고 싶으신가요 라는 질문을 해주셨는데 저는 친구 같은 선배 꼭 만나고 싶은데요. 선배 하면 제가 가야 할 길을 먼저 간 사람으로서 제가 좀 불편하게 느껴지기도 하고 좀 어렵게 느껴지기도 했는데요. 제가 이전 회사에서 제 선배님이 저를 너무 따뜻하게 맞이해주셨고 그리고 선배님과 인간적으로 친해지다 보니까 회사 가는 이 너무 재미있었고 그리고 그 선배랑 친해지면서 아 내가 이제 어떻게 가면 더 좋겠다 이렇게 인생의 길라잡이 역할도 해주셔서 그 선배님처럼 나중에 저는 후배들에게 그런 친구 같은 선배 저도 되고 싶다 라는 생각을 했고요. 그리고 이번에도 이 회사에서도 그런 선배님이 계시다면 제가 먼저 더 다가가고 그리고 인간적으로 친해지고 그분에게 많은 도움을 얻고 그리고 저도 좋은 에너지를 드려서 회사 생활을 조금 더 활기차게 그리고 행복하게 회사생활 진행하고 싶습니다.","wordCount":121},"emotion":[],"intent":[{"text":"","expression":"","category":"attitude"}],"summary":{"text":"회사로 와서 선배를 만나게 된다면 어떤 모습에 선배를 만나고 싶냐는 질문을 해주셨는데 저는 친구 같은 선배 꼭 만나고 싶습니다. 이전 회사에서 제 선배가 너무 따뜻하게 맞이해주셨고 친해지면서 인생의 길라잡이 역할도 해주셔서 그런 친구같은 선배 나도 되고 싶다 라는 생각을 했습니다.","wordCount":40}}},"rawDataInfo":{"question":{"fileFormat":"wav","fileSize":454478,"duration":14200,"samplingBit":16,"channelCount":1,"samplingRate":"16kHz","audioPath":"/Mock/01.Management/Female/New/ckmk_q_bm_f_n_175202.wav"},"answer":{"fileFormat":"wav","fileSize":2422798,"duration":75710,"samplingBit":16,"channelCount":1,"samplingRate":"16kHz","audioPath":"/Mock/01.Management/Female/New/ckmk_a_bm_f_n_175202.wav"}}}