{"version":"1.0","dataSet":{"info":{"date":"20230116","occupation":"BM","channel":"MOCK","place":"ONLINE","gender":"FEMALE","ageRange":"35-44","experience":"NEW"},"question":{"raw":{"text":"본인이 생각하는 성격의 장점과 단점에 대해서 각각 말씀을 해 주시기 바랍니다 그리고 어 구체적인 예시를 들어서 장점에 대한 설명 그리고 단점에 대해 설명해 주셔도 좋습니다","wordCount":25},"emotion":[],"intent":[]},"answer":{"raw":{"text":"제 성격의 장점에 대해서 먼저 설명해 드리도록 하겠습니다. 저 같은 경우에는 어느 곳에나 빠르게 잘 적응할 수 있고 또한 제가 생각했던 아이디어들이 있다 라면은 바로바로 실행에 옮길 수 있는 실행력이 저의 가장 큰 장점이라고 생각합니다. 그래서 예를 들어 여행을 가자 라는 말이 모임에서 나왔다면은 저는 구체적으로 갈 수 있는 날짜와 플랜들을 계획해서 한 번 가상 시뮬레이션을 돌려보는 편이곤 합니다. 다만 저의 단점은 업무 중에 어떤 한 가지에 너무 집중하게 된다 라면은 주변 사람들에게 간혹가다가 잘 연락을 하지 않는다는 점인데요. 물론 그런 점 때문에 주변 사람들과 트러블을 겪을 때도 있었습니다. 그래서 저는 집중할 일이 있으면 제 주변 사람들에게 먼저 알리기 시작했고 그러자 오히려 주변 사람들과 관계가 더 돈독해졌었던 그런 특별한 경험이 있습니다.","wordCount":111},"emotion":[],"intent":[{"text":"","expression":"","category":"attitude"}],"summary":{"text":"저는 어디나 빠르게 잘 적응할 수 있고 아이디어가 있다면 바로 실행에 옮길 수 있는 실행력이 가장 큰 장점이라고 생각합니다. 다만 업무 중에 한 가지에 너무 집중하게 된다 면은 주변 사람들에게 종종가다가 잘 연락을 하지 않는다는 점이 단점입니다.","wordCount":37}}},"rawDataInfo":{"question":{"fileFormat":"wav","fileSize":616398,"duration":19260,"samplingBit":16,"channelCount":1,"samplingRate":"16kHz","audioPath":"/Mock/01.Management/Female/New/ckmk_q_bm_f_n_184566.wav"},"answer":{"fileFormat":"wav","fileSize":2550478,"duration":79700,"samplingBit":16,"channelCount":1,"samplingRate":"16kHz","audioPath":"/Mock/01.Management/Female/New/ckmk_a_bm_f_n_184566.wav"}}}