{"version":"1.0","dataSet":{"info":{"date":"20230116","occupation":"BM","channel":"MOCK","place":"ONLINE","gender":"FEMALE","ageRange":"-34","experience":"NEW"},"question":{"raw":{"text":"일을 하다 보면 업무량이 과도하게 많아질 수 있습니다 지원자님께서는 그렇더라도 잘 버틸 자신이 있는지 궁금합니다","wordCount":15},"emotion":[],"intent":[]},"answer":{"raw":{"text":"일을 하다보면 업무량이 과도하게 많아질 수가 있습니다 라고 말씀하셨는데 저는 과도하게 많아질 때도 항상 잘 버텼던 것 같습니다. 저는 제가 한번도 해보지 않은 일을 저번에 사 년 전에 한 적이 있었는데 그때 정말 이해가 안 가서 아 어떻게 시작하지 라고 생각을 많이 했습니다. 그때 세 달 만 버티니까 아 이제 거기에서도 적응이 되고 뭐 과도하다라는 게 사람을 죽일 정도까지는 아니잖아요 그래서 막상 적응이 되니까 또 사람이 적응의 동물이다 보니까 또 하게 되더라구요. 그래서 저는 잘 버틸 자신 있고 제가 예전에 또 전 회사에서는 저에게 업무 외에 과도한 일 거의 하루에 한 세 시간 정도 저에게 업무를 주셨는데 아 정말 너무 피곤하고 코피가 나올 만큼 진짜 힘들었지만 저는 최선을 다해서 하다 보니까 그 일을 또 수행하게 됐던 것 같습니다. 그리고 새벽에 전 네 시 반까지 출근한 적이 있었는데 그것도 한 일 년 정도 하다 보니까 이제 적응이 돼서 정말 네 시 반에 안 일어날 수가 없더라고요. 그래서 그만큼 저는 버티는 데는 자신이 있습니다.","wordCount":152},"emotion":[],"intent":[{"text":"","expression":"","category":"attitude"}],"summary":{"text":"업무량이 과도하게 많아질 때도 항상 잘 버텼던 것 같습니다. 사 년 전에 한번 해 본 적이 있는데, 과도하다는 것이 사람을 살릴 정도는 아니잖아요 그래서 저는 잘 극복할 자신 있습니다. 그리고 새벽에 네 시 반까지 출근한 적이 있었는데 그만큼 저는 버티는 데는 자신이 있다고 생각합니다.","wordCount":44}}},"rawDataInfo":{"question":{"fileFormat":"wav","fileSize":327758,"duration":10240,"samplingBit":16,"channelCount":1,"samplingRate":"16kHz","audioPath":"/Mock/01.Management/Female/New/ckmk_q_bm_f_n_176207.wav"},"answer":{"fileFormat":"wav","fileSize":2516238,"duration":78630,"samplingBit":16,"channelCount":1,"samplingRate":"16kHz","audioPath":"/Mock/01.Management/Female/New/ckmk_a_bm_f_n_176207.wav"}}}