{"version":"1.0","dataSet":{"info":{"date":"20230116","occupation":"BM","channel":"MOCK","place":"ONLINE","gender":"FEMALE","ageRange":"-34","experience":"NEW"},"question":{"raw":{"text":"대학에서 배운 지원자님의 전공 과목 중에서 가장 기억에 남는 전공 과목을 한 가지만 골라서 왜 그것이 기억에 남는지도 같이 설명해 주세요","wordCount":21},"emotion":[],"intent":[]},"answer":{"raw":{"text":"어 씨 뿔 뿔이라는 언어로 객체 지향 프로그램을 공부한 적이 있습니다. 어 이게 사실 성격은 정말 좋지 않았는데 그 강의를 듣고 과목을 공부하는 과정에서 교수님이 정말 어려운 역대급으로 지난 해보다도 어려운 과제를 내주셨었는데 모두가 다 같이 과제를 돌파하기 위해서 많은 시행착오를 거쳤고 그 과정이 저도 정말 고통스러웠고 결국 성적이 좋지 않았는데 악에 받혀서 방학 때도 그걸 공부했던 기억이 나서 네 그 이후에 뭔가 언어로 시험으로 공부하는 데 있어서 마음가짐이 달라졌던 계기가 됐습니다.","wordCount":72},"emotion":[],"intent":[{"text":"","expression":"","category":"attitude"}],"summary":{"text":"씨 뿔 뿔이라는 언어로 객체 지향 프로그램을 공부한 적이 있습니다. 교수님의 강의를 듣고 과목을 공부하는 과정에서 많은 시행착오를 거쳤고 그 이후에 마음가짐이 달라졌던 계기가 됐습니다.","wordCount":25}}},"rawDataInfo":{"question":{"fileFormat":"wav","fileSize":409678,"duration":12800,"samplingBit":16,"channelCount":1,"samplingRate":"16kHz","audioPath":"/Mock/01.Management/Female/New/ckmk_q_bm_f_n_171850.wav"},"answer":{"fileFormat":"wav","fileSize":1965518,"duration":61420,"samplingBit":16,"channelCount":1,"samplingRate":"16kHz","audioPath":"/Mock/01.Management/Female/New/ckmk_a_bm_f_n_171850.wav"}}}