{"version":"1.0","dataSet":{"info":{"date":"20230116","occupation":"BM","channel":"MOCK","place":"ONLINE","gender":"FEMALE","ageRange":"35-44","experience":"NEW"},"question":{"raw":{"text":"입사 후 근무를 하면서 정작 지원한 분야가 지원자님과 잘 맞지 않는다는 사실을 깨닫게 된다면 어떻게 하실 생각이신지 궁금합니다","wordCount":18},"emotion":[],"intent":[]},"answer":{"raw":{"text":"물론 제가 지금 현대 지원한 직무와 제가 혹은 일을 하다보면 제 적성과 잘 맞지 않는다 라는 그런 어려움을 겪을 수도 있다 라고 생각을 합니다. 일은 해보기 전까지는 저에게 맞는지 저 역시도 알 수 있는 방법들이 없기 때문에 물론 지금 말씀하신 부분이 직장인으로서 굉장히 큰 그런 어려움 중의 하나라고 생각을 합니다. 다만 저는 남들과 다르게 가지고 있는 장점 중의 하나가 책임감입니다. 그래서 비록 짧은 시간 안에 저에게 적성에 맞지 않는다 라는 점을 알게 되어도 저는 제가 맡은 업무에 대해서는 무조건 끝까지 해낼 의향이 있습니다. 제가 맡은 업무라면은 비록 적성에 맞지 않더라도 끝까지 책임지고 마무리하는 그런 책임감과 사명감 있는 자세로 업무를 임하겠습니다.","wordCount":100},"emotion":[],"intent":[{"text":"","expression":"","category":"attitude"}],"summary":{"text":"직장인으로서 적성과 맞지 않더라도 끝까지 책임지고 마무리하는 책임감 있는 자세로 업무를 임하겠다는 마음가짐으로 업무에 임하겠습니다. 그 이유는 저 역시도 적성이 맞지 않는다는 것을 알 수 있는 방법이 없기 때문입니다.","wordCount":29}}},"rawDataInfo":{"question":{"fileFormat":"wav","fileSize":373518,"duration":11670,"samplingBit":16,"channelCount":1,"samplingRate":"16kHz","audioPath":"/Mock/01.Management/Female/New/ckmk_q_bm_f_n_184568.wav"},"answer":{"fileFormat":"wav","fileSize":2577358,"duration":80540,"samplingBit":16,"channelCount":1,"samplingRate":"16kHz","audioPath":"/Mock/01.Management/Female/New/ckmk_a_bm_f_n_184568.wav"}}}