{"version":"1.0","dataSet":{"info":{"date":"20230116","occupation":"BM","channel":"MOCK","place":"ONLINE","gender":"FEMALE","ageRange":"-34","experience":"NEW"},"question":{"raw":{"text":"회사 내에서 스터디를 만들어 공부할 수 있다면 어떤 것을 공부하고 싶으십니까 이유도 함께 말씀해 주십시오","wordCount":15},"emotion":[],"intent":[]},"answer":{"raw":{"text":"저는 육아 스터디를 만들어보고 싶습니다. 어 제가 아이를 기르거나 어 또 어린이들을 돌봐야 하는 직종은 아니지만 어 제가 사실 금쪽같은 내 새끼 라는 프로그램을 굉장히 좋아하는데요. 그 프로그램을 보면서 음 육아에 대해서 배우는 것이 어 이 세상에 있는 많은 어린이들을 이해하고 또 그들을 배려하는 데 많은 도움이 된다는 것을 알게 되었습니다. 또 육아에 대해서 전문적으로 배우다 보면 어 어릴 적 내가 받지 못했던 케어와 어 나의 성격 형 형성에 어린 시절의 경험이 어떻게 영향을 미쳤는지를 또 알 수 있게 되기 때문에 굉장히 유용할 것이라고 생각합니다. 또 사내 스터디에 남자 직원들과 여자 직원들이 모두 함께 이를 공부하면서 어린이에 대한 편견과 또 어린이를 기르고 있는 부모들에 대한 편견들을 해소하고 그들의 고충을 함께 공감하는 시간을 가질 수 있을 것 같습니다.","wordCount":117},"emotion":[],"intent":[{"text":"","expression":"","category":"attitude"}],"summary":{"text":"금쪽같은 내새끼 라는 프로그램을 보면서 육아에 대해 배우는 것이 많은 도움이 된다는 것을 알게 되었고, 육아에 대해서 전문적으로 배우다 보면 어릴 적 제가 받지 못했던 케어와 성격 형성에 있어 어린 시절의 경험이 어떤 영향을 미치는지 알 수 있게 됩니다.","wordCount":39}}},"rawDataInfo":{"question":{"fileFormat":"wav","fileSize":574158,"duration":17940,"samplingBit":16,"channelCount":1,"samplingRate":"16kHz","audioPath":"/Mock/01.Management/Female/New/ckmk_q_bm_f_n_190216.wav"},"answer":{"fileFormat":"wav","fileSize":2533198,"duration":79160,"samplingBit":16,"channelCount":1,"samplingRate":"16kHz","audioPath":"/Mock/01.Management/Female/New/ckmk_a_bm_f_n_190216.wav"}}}