{"version":"1.0","dataSet":{"info":{"date":"20230116","occupation":"BM","channel":"MOCK","place":"ONLINE","gender":"FEMALE","ageRange":"-34","experience":"NEW"},"question":{"raw":{"text":"지원자분 본인의 장점 그리고 단점에 대해서 설명해 주시고 이를 특화시키며 극복하기 위한 노력에 대해서도 같이 이야기해 주신다면 좋겠습니다","wordCount":18},"emotion":[],"intent":[]},"answer":{"raw":{"text":"저는 남들보다 손재주와 감각이 좋다고 생각해서 예전부터 그림을 그리거나 어떤 것을 만드는 것을 좋아했습니다. 좋은 배경이나 사진을 찍어서 그리거나 또 레고 조립이나 프라모델을 조립하는 것도 좋아합니다. 이런 취미 생활을 저는 가지면서 꼼꼼하게 보는 습관이 생겼습니다. 그림을 그릴 때 세세하고 작은 것도 봐야 하고 조립할 때는 틀리면 처음부터 다시 만들어야 하기에 여러 차례 확인하는 습관도 생겼습니다.","wordCount":55},"emotion":[],"intent":[{"text":"이런 취미 생활을 저는 가지면서 꼼꼼하게 보는 습관이 생겼습니다.","expression":"c_person","category":"background"},{"text":"그림을 그릴 때 세세하고 작은 것도 봐야 하고 조립할 때는 틀리면 처음부터 다시 만들어야 하기에 여러 차례 확인하는 습관도 생겼습니다.","expression":"c_person","category":"background"}],"summary":{"text":"손재주가 좋아 취미로 그림, 사진, 레고, 프라모델 조립을 좋아합니다. 이런 취미 생활을 하면서 꼼꼼하게 보는 습관이 생겼습니다.","wordCount":17}}},"rawDataInfo":{"question":{"fileFormat":"wav","fileSize":504398,"duration":15760,"samplingBit":16,"channelCount":1,"samplingRate":"16kHz","audioPath":"/Mock/01.Management/Female/New/ckmk_q_bm_f_n_177765.wav"},"answer":{"fileFormat":"wav","fileSize":1203598,"duration":37610,"samplingBit":16,"channelCount":1,"samplingRate":"16kHz","audioPath":"/Mock/01.Management/Female/New/ckmk_a_bm_f_n_177765.wav"}}}