{"version":"1.0","dataSet":{"info":{"date":"20230116","occupation":"BM","channel":"MOCK","place":"ONLINE","gender":"FEMALE","ageRange":"-34","experience":"NEW"},"question":{"raw":{"text":"일을 하다 보면 상사와 아무래도 트러블이 생기는 경우가 많은데요 어 지원자님께서는 이런 경우에는 어떻게 대처를 하실 건가요 그리고 상사가 혼을 내면 기분이 나쁘시지는 않으신가요","wordCount":24},"emotion":[],"intent":[]},"answer":{"raw":{"text":"네 당연히 일을 하다 보면 상사와 트러블이 생길 수도 있다고 생각을 합니다. 음 사실 저 같은 경우는 어 지금까지 일을 하예 오면서 상사나 선배님들과 어 크게 트러블이 있었던 적이 있지는 않은데요. 음 아마도 그 이유는 제가 상사가 혼내는 상황에서 음 저의 부족함을 인정하고 있기 때문에 당연히 감정은 상하지만 그것에 대해서 감정적으로 대응하기보다는 어 상사분이 혼내면서 하시는 말의 말씀에 귀담아 듣고 제가 제가 노력으로 해결할 수 있는 부분이라면 노력을 하고 그렇지 않은 부분은 솔직하게 제 능력 밖에 일이고 이 부분을 함께 고민해 주셨으면 좋겠다 라고 이야기를 하면서 그런 식으로 트러블을 음 트러블을 해결해 왔습니다. 음 기분이 당연히 나쁠 수 있지만 그것이 어 업무에 지장을 줄 정도로 저에게 영향을 끼치지는 않는 거 같습니다.","wordCount":111},"emotion":[],"intent":[{"text":"","expression":"","category":"attitude"}],"summary":{"text":"일을 하다 보면 상사와 트러블이 생길 수 있습니다. 하지만 감정적으로 대응하기보다는 상사분이 혼내는 상황에서 제가 노력으로 해결할 수 있는 부분이라면 노력을 하고, 그렇지 않은 부분은 솔직하게 제 능력 밖의 일이라고 이야기를 하면서 해결하였습니다.","wordCount":33}}},"rawDataInfo":{"question":{"fileFormat":"wav","fileSize":489038,"duration":15280,"samplingBit":16,"channelCount":1,"samplingRate":"16kHz","audioPath":"/Mock/01.Management/Female/New/ckmk_q_bm_f_n_190144.wav"},"answer":{"fileFormat":"wav","fileSize":2449358,"duration":76540,"samplingBit":16,"channelCount":1,"samplingRate":"16kHz","audioPath":"/Mock/01.Management/Female/New/ckmk_a_bm_f_n_190144.wav"}}}