{"version":"1.0","dataSet":{"info":{"date":"20230116","occupation":"BM","channel":"MOCK","place":"ONLINE","gender":"FEMALE","ageRange":"-34","experience":"NEW"},"question":{"raw":{"text":"살면서 다양한 커뮤니케이션을 경험해 보셨을 것입니다 혹시 그중에서 가장 어려웠던 경험에 대해 한 가지만 말씀해 주시겠어요","wordCount":16},"emotion":[],"intent":[]},"answer":{"raw":{"text":"제가 해보았던 다양한 커뮤니케이션 중에서는 제가 경험해보지 않 않은 그런 어플이나 경험 내용을 바탕으로 고객을 설득하는 게 가장 힘들었었습니다. 제가 대학 시절에 아르바이트를 한 적이 있었는데요. 당시에 어느 날 장애인분이 오셔서 장애인용 어플이 이용이 안 된다 여기 백화점에서는 이 어플을 사용하려면 어떻게 해야 되는지를 한번 질문을 해 주셨습니다. 그렇지만 저는 처음에 장애인 전용 어플이 우리 백화점에 있었는지조차를 몰랐기 때문에 너무 당황했었습니다. 그렇지만 저는 먼저 고객님께 저 역시도 어 어떻게 활용하는지는 모르겠지만 제가 한번 업 어 인터넷에 검색해 본 뒤에 응대를 해 드리겠다 잠시만 기다려 달라 라고 말씀을 드렸고 실제로 구글과 네이버에서 어떻게 하면 이 장애인용 어플 음성 지원 어플을 사용할 수 있는지를 한번 검색해 보았고 이를 토대로 고객님의 핸드폰이 안드로디 안드로이드 폰이셔서 권한 설정을 한번 허용해 본 뒤에 그 어플을 활용하실 수 있도록 직접 도움을 드렸던 경험이 가장 기억에 남습니다.","wordCount":130},"emotion":[{"text":"제가 해보았던 다양한 커뮤니케이션 중에서는 제가 경험해보지 않   않은 그런 어플이나 경험 내용을 바탕으로 고객을 설득하는 게 가장 힘들었었습니다.","expression":"n-distress","category":"negative"},{"text":"제가 대학 시절에 아르바이트를 한 적이 있었는데요.","expression":"u-fact","category":"neutral"},{"text":"그렇지만 저는 처음에 장애인 전용 어플이 우리 백화점에 있었는지조차를   몰랐기 때문에 너무 당황했었습니다.","expression":"n-shame","category":"negative"}],"intent":[{"text":"","expression":"","category":"attitude"}],"summary":{"text":"저는 경험해보지 않은 경험을 바탕으로 고객을 설득하는 것이 가장 힘들었습니다. 대학 시절에 장애인 전용 어플이 백화점에 있었는지는 몰랐기 때문에 먼저 고객님께 구글과 네이버에서 어떻게 하면 장애인용 어플 음성 지원 어플을 사용할 수 있는지를 검색해 보았고 직접 도움을 드리신 경험이 가장 기억에 남습니다.","wordCount":42}}},"rawDataInfo":{"question":{"fileFormat":"wav","fileSize":350798,"duration":10960,"samplingBit":16,"channelCount":1,"samplingRate":"16kHz","audioPath":"/Mock/01.Management/Female/New/ckmk_q_bm_f_n_169560.wav"},"answer":{"fileFormat":"wav","fileSize":2773838,"duration":86680,"samplingBit":16,"channelCount":1,"samplingRate":"16kHz","audioPath":"/Mock/01.Management/Female/New/ckmk_a_bm_f_n_169560.wav"}}}