{"version":"1.0","dataSet":{"info":{"date":"20230116","occupation":"BM","channel":"MOCK","place":"ONLINE","gender":"FEMALE","ageRange":"35-44","experience":"NEW"},"question":{"raw":{"text":"글로벌 인재에게 필수인 요소는 무엇이라고 생각하시나요 그리고 면접자님께서 그것을 위해 노력했던 것은 무엇인지 말씀해 주세요","wordCount":15},"emotion":[],"intent":[]},"answer":{"raw":{"text":"네 글로벌 인재에게 필수인 요소는 제 생각인데 아무래도 언어적인 문제가 아닐까 생각이 듭니다. 말 그대로 글로벌 인재라면 어느 나라의 뭐 어느 그 외국인 현지인을 맞닥뜨려도 일단 소통이 잘 되어야지 된다고 보거든요. 어 뭐 서류가 어쨌건 아이디어가 어쨌건 뭐 그 주제가 어쨌건 이렇다기보다는 그냥 언어적으로 뭐가 돼야 뭐 얘기를 하든 뭐 뭐 서류를 쓰든 뭐 뭐라도 다 된다고 봅니다. 그래서 저는 언어가 필 수 있다 보니까 그리고 또 여행 하는 거를 정말 즐겨 합니다. 매년 여행을 다니고 있거든요. 이렇게 쪼끔이라도 젊을 때 많이 가보자 최대한 갈 수 있는 만큼 가보자 약간 이런 생각이 있어서 매년 여행을 코로나 전까지는 매년 갔어요. 근데 지금 코로나 이 년 동안은 지금 못 가고 있지만 어 그 전까지는 매년 가고 있었어서 가면서 또 현지에서 느끼는 거는 아 역시 언어 정말 언어 언어 되면 제가 작고 뭐 이런 까만 머리 동양인이지만 무시하지 않고 친절하게 잘 대해주더라고요. 제가 정말 그걸 느꼈어요. 그래서 음 언어 공부를 항상 하고 있습니다.","wordCount":150},"emotion":[],"intent":[{"text":"","expression":"","category":"attitude"}],"summary":{"text":"글로벌 인재에게 필수는 언어적인 문제입니다. 글로벌 인재라면 언어가 의사소통에 필수적이기 때문입니다. 그래서 여행도 자주 다니고 있습니다. 코로나 전까지는 매년 여행했는데, 현지에서 언어가 되면 친절하게 잘 대해주는 것을 느꼈습니다. 그래서 언어 공부를 항상 하고 있습니다.","wordCount":34}}},"rawDataInfo":{"question":{"fileFormat":"wav","fileSize":448718,"duration":14020,"samplingBit":16,"channelCount":1,"samplingRate":"16kHz","audioPath":"/Mock/01.Management/Female/New/ckmk_q_bm_f_n_181557.wav"},"answer":{"fileFormat":"wav","fileSize":2693838,"duration":84180,"samplingBit":16,"channelCount":1,"samplingRate":"16kHz","audioPath":"/Mock/01.Management/Female/New/ckmk_a_bm_f_n_181557.wav"}}}