{"version":"1.0","dataSet":{"info":{"date":"20230116","occupation":"BM","channel":"MOCK","place":"ONLINE","gender":"FEMALE","ageRange":"-34","experience":"NEW"},"question":{"raw":{"text":"귀하께서 생각하시는 미래 앞으로의 핵심 트렌드 세 가지 정도를 말씀해 주시고 그 이유에 대해서도 간단히 말씀해 주세요","wordCount":17},"emotion":[],"intent":[]},"answer":{"raw":{"text":"제가 생각하는 미래의 핵심 트렌드는 환경 에이아이 개인입니다. 요즘은 개인의 시대입니다. 개인의 생활과 그리고 개인이 가진 가치관에 대한 존중이 매우 중요시되는 시대입니다. 그리하여 저는 미래에는 개인의 중요도가 더 높아지기 때문에 개인의 가치를 그리고 개인의 권리를 보호할 수 있는 어떠한 일들이 미래의 핵심 트렌드가 될 것이라고 생각합니다. 그리고 또한 환경 또한 미래의 핵심 트렌드입니다. 왜냐하면 필요 환경 시대이므로 저희는 이제 환경을 떼놓고 말을 할 수가 없습니다. 그렇기 때문에 보다 진취적이고 친환경적인 것들을 이룩하기 위해서 저의 미래가 그리고 저희의 미래가 확실히 바뀌어야 한다 라고 생각합니다. 그리고 그와 접목할 수 있는 에이아이도 미래 핵심 트렌드라고 생각합니다. 사 차 산업이 발생하고 이것이 발전하면서 지금은 에이아이 시대라고 말씀드려도 과언이 아닙니다. 그래서 미래의 핵심 트렌드에서 에이아이 분야를 빼놓고 말씀드리기는 어렵습니다. 저는 이렇게 세 가지를 미래의 핵심 트렌드라고 말씀드릴 수 있겠습니다.","wordCount":124},"emotion":[],"intent":[{"text":"","expression":"","category":"attitude"}],"summary":{"text":"미래 핵심 트렌드는 환경 에이아이 개인입니다. 개인의 중요도가 더 높아지기 때문에 개인의 가치를 그리고 개인의 권리를 보호할 수 있는 어떠한 일들이 미래의 핵심 트렌드가 될 것이라고 생각합니다. 그리고 환경과 접목할 수 있는 에이아이도 미래 핵심 트랜드입니다. 이 세 가지를 미래의 핵심 트랜드라고 말할 수 있겠습니다.","wordCount":45}}},"rawDataInfo":{"question":{"fileFormat":"wav","fileSize":443278,"duration":13850,"samplingBit":16,"channelCount":1,"samplingRate":"16kHz","audioPath":"/Mock/01.Management/Female/New/ckmk_q_bm_f_n_183026.wav"},"answer":{"fileFormat":"wav","fileSize":2800718,"duration":87520,"samplingBit":16,"channelCount":1,"samplingRate":"16kHz","audioPath":"/Mock/01.Management/Female/New/ckmk_a_bm_f_n_183026.wav"}}}