{"version":"1.0","dataSet":{"info":{"date":"20230116","occupation":"BM","channel":"MOCK","place":"ONLINE","gender":"FEMALE","ageRange":"35-44","experience":"NEW"},"question":{"raw":{"text":"지원자님께서는 오늘 면접을 준비하시느라 고생을 많이 하셨을 텐데요 그렇다면 어떠한 방식으로 면접을 준비를 하셨는지에 대해서 설명 부탁드립니다","wordCount":17},"emotion":[],"intent":[]},"answer":{"raw":{"text":"네 어 면접 준비 네 많이 긴장도 되고 긴장을 또 하기도 하고 어 뭐 나름의 준비를 많이 했는데 어떤 방식으로 준비했다기 보다는 그냥 이제 제가 나이가 젊은 나이가 아니어서 그런지 뭔가 좀 연륜이 스스로 느껴진다고 할까요. 젊을 때 이십 대 때 막 이제 각 사회 초년생으로 어 준비할 때는 또 다른 마음인 것 같습니다. 그래서 기존에 뭐 해봤던 그냥 짧게라도 일해 봤던 그런 경력들이 있어서 그런지 그런 거를 한번 생각을 해보고 그때 어떤 마음이었는지를 되짚어 보고 또 그런 심경이 정리가 되면서 그냥 딱히 뭐 복잡하게 준비했다기 보다는요. 그냥 경험을 노하우로 삼아서 면접을 준비하게 됐습니다.","wordCount":94},"emotion":[],"intent":[{"text":"","expression":"","category":"attitude"}],"summary":{"text":"면접 준비를 많이 했는데 젊은 나이가 아니라서 연륜이 스스로 느껴집니다. 이십 대 사회초년생으로 준비할 때와 또 다른 마음입니다. 경험을 노하우로 삼아서 면접을 준비하게 됐습니다.","wordCount":24}}},"rawDataInfo":{"question":{"fileFormat":"wav","fileSize":494158,"duration":15440,"samplingBit":16,"channelCount":1,"samplingRate":"16kHz","audioPath":"/Mock/01.Management/Female/New/ckmk_q_bm_f_n_181554.wav"},"answer":{"fileFormat":"wav","fileSize":1934798,"duration":60460,"samplingBit":16,"channelCount":1,"samplingRate":"16kHz","audioPath":"/Mock/01.Management/Female/New/ckmk_a_bm_f_n_181554.wav"}}}