{"version":"1.0","dataSet":{"info":{"date":"20230116","occupation":"BM","channel":"MOCK","place":"ONLINE","gender":"FEMALE","ageRange":"35-44","experience":"NEW"},"question":{"raw":{"text":"본인의 장점과 단점을 말씀해 주시고 그것을 특화시키고 극복시키기 위한 노력도 함께 설명해 주세요","wordCount":13},"emotion":[],"intent":[]},"answer":{"raw":{"text":"네 우선 저의 장점을 말씀드린다면 저는 좀 친밀감 친화력 어 그리고 상대방으로 하여금 거부감이 안 들게 하는 약간 그런 그런 게 좀 있는 것 같습니다. 그게 저는 제 장점이라고 생각합니다. 그 좋은 게 좋은 거다 라고 약간 뭐 아휴 그냥 그래 뭐 죽지는 않겠지 약간 이런 생각을 가지고 있어서 머리가 복잡해질수록 더 그런 생각을 많이 하는 것 같애요. 어찌보면 긍정의 힘이고 어찌보면 약간 아 너무 대책 없나 이럴 수 있는데 여태까지 살면서 대책 없어서 이렇게 뭐 일이 안 되고 이런 건 없었거든요. 일은 다 해냅니다 해냈는데 그냥 일단 오늘을 너무 그렇게 심각하게 살지 말자 약간 이런 생각 주의여서 그냥 좀 무한 긍정 그런 스타일이구요. 단점이라면 우유부단 한 점 어 좋은 게 좋은 거다지만 한편으로는 뭔가 하나 딱 뭐 두 세 개 중에 하나 골라야 돼요. 에이비씨 중에 하나를 골라야 돼 무조건 골라야 돼 그럴 때 아간 좀 갈등을 많이 합니다. 에이는 에이 대로 삐는 삐대로 씨는 씨대로 좋은 점이 많은 있고 장단점이 그것도 각각 있는데 아 하나만 고르라고 하면 그게 저에게는 너무 어렵더라구요. 그런 게 좀 문제인 것 같습니다.","wordCount":169},"emotion":[],"intent":[{"text":"네 우선 저의 장점을 말씀드린다면 저는 좀 친밀감 친화력 어 그리고 상대방으로 하여금 거부감이 안 들게 하는 약간 그런 그런 게 좀 있는 것 같습니다.","expression":"c_person","category":"background"},{"text":"해냈는데 그냥 일단 오늘을 너무 그렇게 심각하게 살지 말자 약간 이런 생각 주의여서 그냥 좀 무한 긍정 그런 스타일이구요.","expression":"c_person","category":"background"},{"text":"단점이라면 우유부단 한 점 어 좋은 게 좋은 거다지만 한편으로는 뭔가 하나 딱 뭐 두 세 개 중에 하나 골라야 돼요.","expression":"c_person","category":"background"}],"summary":{"text":"저는 친밀감 친화력 그리고 상대방으로 하여금 거부감이 들지 않게 하는 것이 장점이라고 생각합니다. 단점이라면 우유부단 한 점 어 좋은 게 좋은 거라지만 뭔가 두 세 개 중에 하나를 골라야 돼 그럴 때 갈등이 많이 합니다. 하나만 고르라고 하면 어려운 것 같습니다.","wordCount":41}}},"rawDataInfo":{"question":{"fileFormat":"wav","fileSize":366158,"duration":11440,"samplingBit":16,"channelCount":1,"samplingRate":"16kHz","audioPath":"/Mock/01.Management/Female/New/ckmk_q_bm_f_n_181559.wav"},"answer":{"fileFormat":"wav","fileSize":2787918,"duration":87120,"samplingBit":16,"channelCount":1,"samplingRate":"16kHz","audioPath":"/Mock/01.Management/Female/New/ckmk_a_bm_f_n_181559.wav"}}}