{"version":"1.0","dataSet":{"info":{"date":"20230116","occupation":"BM","channel":"MOCK","place":"ONLINE","gender":"FEMALE","ageRange":"45-54","experience":"NEW"},"question":{"raw":{"text":"직무 지식 역량 태도 이 세 가지 요소 중에서 가장 중요하다고 생각하는 게 무엇인지 궁금하구요 그 이유도 함께 설명 부탁드리겠습니다","wordCount":20},"emotion":[],"intent":[]},"answer":{"raw":{"text":"아 직무 지식 역량 태도 이 세 가지 가운데 제가 가장 중요하다고 생각하는 것은 역량이라고 생각합니다. 사실 직무 지식 같은 경우에는 뭐 이 기본적으로 이 가지고 있을 수도 있고 또 없지만 뭐 회사 업무를 하다 보면 당연히 그까 사람마다 뭐 빠르고 늦음의 차이는 있겠지만 지식 직무 지식이라는 것 자체가 일을 하면서 늘어날 거고요. 태도 같은 경우에는 기본적인 어떤 교육을 받았다면 어 이상한 태도를 가지고 있는 사람은 없을 거다 생각을 하고 직무 지식과 태도는 후천적으로 또 회사 업무를 하면서 좋아질 수도 있는 가능성이 있지만 역량 자체는 노력한다고 되는 것이 아니고 선천적으로 타고 나야 되는 능력이라고 생각하기 때문에 그 역량이 제일 중요하다고 생각합니다.","wordCount":101},"emotion":[],"intent":[{"text":"","expression":"","category":"attitude"}],"summary":{"text":"직무 지식 역량 태도 세 가지 가운데 가장 중요한 것은 역량입니다. 역량 자체는 노력으로 되는 것이 아니라 선천적으로 타고 나야 되는 능력이라고 생각하기 때문에 그 역량이 제일 중요하다고 생각합니다.","wordCount":29}}},"rawDataInfo":{"question":{"fileFormat":"wav","fileSize":448718,"duration":14020,"samplingBit":16,"channelCount":1,"samplingRate":"16kHz","audioPath":"/Mock/01.Management/Female/New/ckmk_q_bm_f_n_175264.wav"},"answer":{"fileFormat":"wav","fileSize":2022478,"duration":63200,"samplingBit":16,"channelCount":1,"samplingRate":"16kHz","audioPath":"/Mock/01.Management/Female/New/ckmk_a_bm_f_n_175264.wav"}}}