{"version":"1.0","dataSet":{"info":{"date":"20230116","occupation":"BM","channel":"MOCK","place":"ONLINE","gender":"FEMALE","ageRange":"35-44","experience":"NEW"},"question":{"raw":{"text":"지원자분께서는 스트레스를 받는 상황에서 어떻게 하시는지 왜 그러한 방식으로 본인의 스트레스를 해소하려고 하시는지에 대해서 저희에게 본인의 방법을 이야기해 주시면 좋겠습니다","wordCount":20},"emotion":[],"intent":[]},"answer":{"raw":{"text":"저의 스트레스 해소법은 나만일 위한 시간을 갖기입니다. 저와 같은 직장인들은 야근이나 주말 출근으로 인해 정작 자신을 위한 시간을 갖기가 어려운 게 현실입니다. 바쁜 직장 생활에 치이다 보면 짧게는 몇 주 길게는 몇 달에 한 번 친구들과 모임을 갖는 게 현실입니다. 저는 가끔씩 짧게라도 나를 위한 시간을 준비합니다. 하루나 이틀 정도 보고 싶었던 전시나 공연 영화를 보기도 합니다. 하지만 무작정 가고 싶었던 장소를 찾아가 혼자 산책한 적도 있습니다. 계획 없이 떠들 떠나는 당일치기 여행도 좋습니다. 가끔은 복잡한 생각 없이 떠나는 걸 추천합니다. 나만의 시간을 가지면 나라는 존재의 소중함을 깨닫고 스트레스도 풀리는 일석이조의 효과를 얻을 수 있다고 생각합니다. 요즘 이런 시간 덕분에 스스로를 다독이면서 주변 사람들에게도 친절해진 저를 발견하고 있습니다.","wordCount":108},"emotion":[],"intent":[{"text":"","expression":"","category":"attitude"}],"summary":{"text":"저 같은 직장인들은 야근이나 주말 출근으로 인해 자신을 위한 시간을 갖기가 어려운 게 현실입니다. 그래서 가끔 짧게라도 나를 위한 시간을 준비합니다. 나만의 시간을 가지면 저의 존재의 소중함을 깨닫고 스트레스도 풀리는 일석이조의 효과를 얻을 수 있다고 생각합니다.","wordCount":36}}},"rawDataInfo":{"question":{"fileFormat":"wav","fileSize":576078,"duration":18000,"samplingBit":16,"channelCount":1,"samplingRate":"16kHz","audioPath":"/Mock/01.Management/Female/New/ckmk_q_bm_f_n_174353.wav"},"answer":{"fileFormat":"wav","fileSize":2085838,"duration":65180,"samplingBit":16,"channelCount":1,"samplingRate":"16kHz","audioPath":"/Mock/01.Management/Female/New/ckmk_a_bm_f_n_174353.wav"}}}