{"version":"1.0","dataSet":{"info":{"date":"20230116","occupation":"BM","channel":"MOCK","place":"ONLINE","gender":"FEMALE","ageRange":"-34","experience":"NEW"},"question":{"raw":{"text":"지원자님께서는 직장을 선택하실 때 무엇을 가장 중요하게 생각하시는지요 본인이 생각하는 중요한 점 세 가지만 골라서 각각 말씀해 주시면 좋겠습니다","wordCount":19},"emotion":[],"intent":[]},"answer":{"raw":{"text":"제가 직장을 선택할 때 가장 중요하게 생각하는 세 가지는 첫 번째로 제가 그 일을 좋아하는가 입니다. 어 아무리 제가 어떤 일이든 제가 할 수는 있지만 좋아하지 않는 일이라고 한다면 제가 그 일에 애정을 가지고 그리고 오래도록 일하지는 못할 것입니다. 그렇기 때문에 그 일을 좋아하는지가 저에게 직장을 선택할 때 중요하게 생각하는 요소가 되었습니다. 두번째는 제가 그 일을 잘하는가 입니다. 제가 아무리 그 일을 좋아한다고 해도 그 일을 잘 하지 못한다면 이 회사에 폐를 끼치는 것이기 때문에 제가 좋아하고 또 잘하는 일이야말로 어 그 그것이 바로 직장을 선택할 때 중요하게 생각해야 되는 요소라고 생각합니다. 세 번째는 제가 그 일을 할 때 어 업무적인 밸런스가 맞춰질까 하는 부분입니다. 저는 일도 중요하지만 저의 삶 삶의 밸런스도 맞춰졌을 때 더 그 일을 완성도 있고 더 오랜 시간 동안 할 수 있다고 생각합니다. 그래서 저는 세 가지를 중요하게 생각하 생각하게 되었습니다.","wordCount":135},"emotion":[],"intent":[{"text":"","expression":"","category":"attitude"}],"summary":{"text":"직장 선택 시 중요하게 생각하는 요소 세 가지는 첫째, 제가 그 일을 좋아하는가, 둘째, 그 일을 잘하고 있는가, 셋째, 업무적인 밸런스가 맞춰질까 하는 부분입니다. 일뿐만 아니라 삶의 밸런스도 맞춰졌을 때 그 일을 완성도 높게 할 수 있다고 생각합니다.","wordCount":38}}},"rawDataInfo":{"question":{"fileFormat":"wav","fileSize":480718,"duration":15020,"samplingBit":16,"channelCount":1,"samplingRate":"16kHz","audioPath":"/Mock/01.Management/Female/New/ckmk_q_bm_f_n_183614.wav"},"answer":{"fileFormat":"wav","fileSize":2574158,"duration":80440,"samplingBit":16,"channelCount":1,"samplingRate":"16kHz","audioPath":"/Mock/01.Management/Female/New/ckmk_a_bm_f_n_183614.wav"}}}