{"version":"1.0","dataSet":{"info":{"date":"20230116","occupation":"BM","channel":"MOCK","place":"ONLINE","gender":"FEMALE","ageRange":"35-44","experience":"NEW"},"question":{"raw":{"text":"귀하는 경리부에 지원을 해 주셨는데 국제 회계 기준이나 기업 회계 기준 세법에 대해서 잘 알고 계시는지요 아시고 계신다면 각각에 대해서 대답해주세요","wordCount":21},"emotion":[],"intent":[]},"answer":{"raw":{"text":"국제 회계 기준은 수익과 비용을 지분 참여자와의 거래 흔히 자본 거래라고 하는 것을 제외한 자산과 부채의 증감으로 정의함으로써 포괄 손익계산서보다는 재무 상태표를 중심으로 재무 제표 구성 요소를 측정하는 방법입니다. 그리고 기업 회계 기준이란 한국회계기준원 회계 기준 위원회에서 제정 개정한 회계 기준으로서 주식회사의 외부 감사에 관한 법률을 적용 대상 기업 중 한국 채택 국제 회계 기준을 적용하지 아니하는 기업이 적용해야 하는 회계 기준입니다. 그리고 세 법이란 국세 종목과 세율을 정하고 있는 법률과 국세 징수법 조세특례 제한법 국제조세 조정에 관한 법률 조세범 처벌법 및 조세범 처벌 절차법을 말합니다.","wordCount":86},"emotion":[],"intent":[{"text":"그리고 기업 회계 기준이란 한국회계기준원 회계 기준 위원회에서 제정 개정한 회계 기준으로서 주식회사의 외부 감사에 관한 법률을 적용 대상 기업 중 한국 채택 국제 회계 기준을 적용하지 아니하는 기업이 적용해야 하는 회계 기준입니다.","expression":"m_acct","category":"technology"},{"text":"그리고 세 법이란 국세 종목과 세율을 정하고 있는 법률과 국세 징수법 조세특례 제한법 국제조세 조정에 관한 법률 조세범 처벌법 및 조세범 처벌 절차법을 말합니다.","expression":"m_acct","category":"technology"}],"summary":{"text":"국제 회계 기준은 재무 상태표를 중심으로 재무 제표 구성 요소를 측정하는 방법이며 기업 회계 기준은 한국 채택 국제 회계 기준을 적용하지 않는 기업이 적용해야 하는 회계 기준입니다. 세 법은 국세 종목과 세율을 정하고 있는 법률 등을 말합니다.","wordCount":37}}},"rawDataInfo":{"question":{"fileFormat":"wav","fileSize":574798,"duration":17960,"samplingBit":16,"channelCount":1,"samplingRate":"16kHz","audioPath":"/Mock/01.Management/Female/New/ckmk_q_bm_f_n_187561.wav"},"answer":{"fileFormat":"wav","fileSize":2035278,"duration":63600,"samplingBit":16,"channelCount":1,"samplingRate":"16kHz","audioPath":"/Mock/01.Management/Female/New/ckmk_a_bm_f_n_187561.wav"}}}