{"version":"1.0","dataSet":{"info":{"date":"20230116","occupation":"BM","channel":"MOCK","place":"ONLINE","gender":"FEMALE","ageRange":"-34","experience":"NEW"},"question":{"raw":{"text":"지원자님께서는 협업해서 수행하는 과제 혹은 혼자서 처리 가능한 과제 중에서 어떤 과제를 더 선호하시는 편인가요 그 이유도 함께 들어서 설명해 주시기 바랍니다","wordCount":22},"emotion":[],"intent":[]},"answer":{"raw":{"text":"저는 협업하는 과제를 더 선호합니다. 협업하는 과정 중에 배 과정을 통해 배울 수 있는 것들이 많기 때문입니다. 과제는 하면서 일에 대한 것을 많은 것을 배울 수 있습니다. 혼자 과제를 한다면 결과만 낼 수 있지만 협업해서 과제를 한다면 그 과정에서 얻는 것은 결과 뿐만이 아닙니다. 그 과정에서 다른 사람들의 노하우를 배울 수도 있으며 소통을 통해서 더 나은 길을 가는 방향을 잡을 수도 있습니다. 혼자 한다면 생각하지 못했던 것들을 같이 한다면 함께 할 수 있습니다. 혼자 가는 것이 더 빠르게 갈 수는 있지만 함께 한다면 오히려 더 빨라질 수 있음은 물론이고 더 정확하게 갈 수도 있습니다. 또한 가는 길이 지루하지도 않을 것입니다. 이처럼 협업은 과제를 과제를 하는 동안 생계를 불어 일으키며 더 빠르게 가거나 더 정확하게 가거나 더 좋은 길을 갈 수 있는 기회를 줍니다. 따라서 저는 혼자서 일하는 것보단 협업해서 일하는 것이 결과와 가정 모두에 더 좋기 때문에 협업을 통한 과제의 수행을 더 선호하는 편입니다.","wordCount":144},"emotion":[],"intent":[{"text":"혼자 가는 것이 더 빠르게 갈 수는 있지만 함께 한다면 오히려 더 빨라질 수 있음은 물론이고   더 정확하게 갈 수도 있습니다.","expression":"c_cop","category":"personality"},{"text":"따라서 저는 혼자서 일하는 것보단 협업해서 일하는 것이   결과와 가정 모두에 더 좋기 때문에 협업을 통한 과제의 수행을 더 선호하는 편입니다.","expression":"c_cop","category":"personality"}],"summary":{"text":"협업하는 과정을 통해 많은 것을 배울 수 있기 때문에 저는 혼자 일하는 것보단 협업해서 일하는 것이 결과와 가정 모두에 더 좋기 때문에 협업하는 과제를 더 선호합니다.","wordCount":26}}},"rawDataInfo":{"question":{"fileFormat":"wav","fileSize":445518,"duration":13920,"samplingBit":16,"channelCount":1,"samplingRate":"16kHz","audioPath":"/Mock/01.Management/Female/New/ckmk_q_bm_f_n_181182.wav"},"answer":{"fileFormat":"wav","fileSize":2558798,"duration":79960,"samplingBit":16,"channelCount":1,"samplingRate":"16kHz","audioPath":"/Mock/01.Management/Female/New/ckmk_a_bm_f_n_181182.wav"}}}