{"version":"1.0","dataSet":{"info":{"date":"20230116","occupation":"BM","channel":"MOCK","place":"ONLINE","gender":"FEMALE","ageRange":"45-54","experience":"NEW"},"question":{"raw":{"text":"사람들과 협업을 하시면서 지원자님이 가장 힘들었었던 부분이 있었다면 무엇이고 어떻게 극복하셨는지 말씀해 주세요","wordCount":13},"emotion":[],"intent":[]},"answer":{"raw":{"text":"협업을 하면서 어려운 점은 서로에 의견이 다른 부분이고 그것을 조율하는 그 과정인 것 같습니다. 아 의견이 다르기 때문에 그런 토론을 하면서 프로젝트의 퀄리티가 더 높아지는 그런 장점이 있는 반면에 사실 그케 의견이 다를 때 내 의견에 대해서 이제 다른 의견을 얘기할 수 있습니다 충분히. 그런데 반대 의견을 제시하면서 사실은 그냥 반대 의견은 너무 쉽게 말할 수 있습니다. 대신에 그렇다면 자신의 의견 또 어떤 다른 대안을 제시할 수 있어야 하는데 그런 건 없이 쉽게 아 이건 아니다 내 의견에 대한 어떤 그 반대 의견만 얘기를 하고 그런 뒷단에 대한 제시가 없었을 때 많이 힘들었고 어 그럴 때는 뭐 대안 제시 없을 때는 어쨌든 제 의견이 중요한 거고 그렇게 가야 되는 게 맞는 거니까 이제 그런 식이었고 그런 대안 제시를 다시 해오도록 하면서 어떤 토론이나 이런 부분을 했었던 것 같습니다.","wordCount":128},"emotion":[],"intent":[{"text":"","expression":"","category":"attitude"}],"summary":{"text":"협업을 하면서 의견이 다를 때 다른 의견을 말할 수 있고 또 다른 대안을 제시할 수 있어야 하는데 그렇지 않았을 때 많이 힘들었습니다. 대안 제시가 없을 때는 제 의견이 중요한 것이고 그렇게 가야 되는 게 맞는 거라는 식이었고 대안 제시를 다시 해오도록 하면서 어떤 토론이나 이런 부분을 했었던 것 같습니다.","wordCount":49}}},"rawDataInfo":{"question":{"fileFormat":"wav","fileSize":333518,"duration":10420,"samplingBit":16,"channelCount":1,"samplingRate":"16kHz","audioPath":"/Mock/01.Management/Female/New/ckmk_q_bm_f_n_178466.wav"},"answer":{"fileFormat":"wav","fileSize":2539598,"duration":79360,"samplingBit":16,"channelCount":1,"samplingRate":"16kHz","audioPath":"/Mock/01.Management/Female/New/ckmk_a_bm_f_n_178466.wav"}}}