{"version":"1.0","dataSet":{"info":{"date":"20230116","occupation":"BM","channel":"MOCK","place":"ONLINE","gender":"FEMALE","ageRange":"-34","experience":"NEW"},"question":{"raw":{"text":"만약 지원자님께서 게임 속 캐릭터라면 어떤 게임에서 어떤 역할을 맡아서 수행하고 싶으신가요 설명해 주실 수 있겠습니까 듣고 싶습니다","wordCount":18},"emotion":[],"intent":[]},"answer":{"raw":{"text":"대부분은 왠지 전사나 마법사를 고를 것 같은데요. 저는 조금은 독특하게 힐러 역할을 해보고 싶습니다. 힐러는 어떻게 보면은 굉장히 소위 게임하는 사람들 사이에서는 게임을 굉장히 못하는 그러니까 너는 내 피나 채워줘라 약간 이런 역할로 볼 수 있는데요. 사실 어떻게 보면은 없어서는 안 될 가장 중요한 역할이라고 생각하거든요. 이 캐릭터에 체력이 따르기 전에 채워 넣어야 되는 그런 센스도 있어야 되고요. 그러면서 이 사람들이 안전한 위치에 내가 또 봐 놓고 들어가야 됩니다. 또 그러한 순발력도 있어야 되고 그리고 아무래도 아까 전에 제가 이야기한 것처럼 없으면 안 될 존재라서 그래도 누군가는 해야 되는 일이잖아요. 네 그래서 저는 힐러 역할을 해서 다른 전사라던지 마법사들의 그런 피를 채워주는 그런 없어서는 안 될 존재가 되고 싶습니다.","wordCount":109},"emotion":[],"intent":[{"text":"","expression":"","category":"attitude"}],"summary":{"text":"대부분 전사나 마법사를 고를 것 같은데, 저는 힐러 역할을 해보고 싶습니다. 힐러는 게임하는 사람들 사이에서는 게임을 굉장히 못하는 약간 다른 역할로 볼 수 있지만, 사실 가장 중요한 역할이라고 생각하고 있습니다.","wordCount":30}}},"rawDataInfo":{"question":{"fileFormat":"wav","fileSize":543118,"duration":16970,"samplingBit":16,"channelCount":1,"samplingRate":"16kHz","audioPath":"/Mock/01.Management/Female/New/ckmk_q_bm_f_n_169393.wav"},"answer":{"fileFormat":"wav","fileSize":1871118,"duration":58470,"samplingBit":16,"channelCount":1,"samplingRate":"16kHz","audioPath":"/Mock/01.Management/Female/New/ckmk_a_bm_f_n_169393.wav"}}}