{"version":"1.0","dataSet":{"info":{"date":"20230116","occupation":"BM","channel":"MOCK","place":"ONLINE","gender":"FEMALE","ageRange":"-34","experience":"NEW"},"question":{"raw":{"text":"회사에 어 인사가 가장 중요하죠 적재적소에 거기에 맞는 사람을 배치를 시켜서 회사 업무를 어 충분히 잘 할 수 있게 만드는 거죠 본인이 생각하는 인사는 무엇인지 말씀해 주세요","wordCount":27},"emotion":[],"intent":[]},"answer":{"raw":{"text":"경영과 사무의 측면에서 중요한 것들은 어 사람이 라고 사람이라고 생각합니다. 어 어떤 프로젝트를 진행할지 프로젝트의 방향이나 목표를 설정하는 게 모두 사람의 성향에서 드러나기 때문에 인사란 그러한 앞으로의 경영과 사무가 어떤 방향으로 나갈지 그 어떤 방향으로 나아갈지를 결정하는 토대와 같다고 생각합니다.","wordCount":40},"emotion":[],"intent":[{"text":"","expression":"","category":"attitude"}],"summary":{"text":"인사란 앞으로의 경영과 사무가 어떤 방향으로 나아갈지를 결정하는 토대와 같습니다. 사람의 성향이 프로젝트의 방향과 목표 설정에 영향을 주기 때문입니다.","wordCount":19}}},"rawDataInfo":{"question":{"fileFormat":"wav","fileSize":647438,"duration":20230,"samplingBit":16,"channelCount":1,"samplingRate":"16kHz","audioPath":"/Mock/01.Management/Female/New/ckmk_q_bm_f_n_171753.wav"},"answer":{"fileFormat":"wav","fileSize":1309198,"duration":40910,"samplingBit":16,"channelCount":1,"samplingRate":"16kHz","audioPath":"/Mock/01.Management/Female/New/ckmk_a_bm_f_n_171753.wav"}}}