{"version":"1.0","dataSet":{"info":{"date":"20230116","occupation":"BM","channel":"MOCK","place":"ONLINE","gender":"FEMALE","ageRange":"-34","experience":"NEW"},"question":{"raw":{"text":"지원자님께서는 우리 회사에 들어오고 나서 본인이 하고 싶은 업무가 혹시 따로 있으신가요 있으시다면 그 이유와 함께 어떤 건지 같이 말씀해 주시기 바랍니다","wordCount":22},"emotion":[],"intent":[]},"answer":{"raw":{"text":"저는 이 회사에 입사하고 나면 물류 파트를 하고 싶습니다. 왜냐하면 저는 무언가 앞과 뒤가 다 똑같고 그리고 그 과정이 눈앞에 보이는 것을 좋아합니다. 그래서 물류 파트로 들어가면 이 회사의 전반적인 것을 알 수 있고 또한 그 물류 파트 유통 과정이 한눈에 파악할 수 있는 업무이기 때문에 그 업무를 선호합니다. 그래서 저는 물류 파트에 들어가 물류들이 어떻게 들어오고 또한 그것을 재고 관리를 어떻게 하는 것인지 그리고 그 재고를 어떻게 유통할 것인지 이런 것들에 대해서 고민하고 연구하여 더 좋은 방법을 찾아내고 이러한 업무를 하는 것을 하고 싶습니다. 그리고 또한 물류 배송을 같이 하여 어 딱 그 결과와 그 상황이 딱 떨어지는 그런 일들을 하면 좋을 것 같습니다. 그래서 저는 이 회사에 입사하고 나면 물류 파트에 들어가서 물류 배송 또한 그런 프로세스 과정들을 처리하는 방법 연구 등 그러한 과정을 열심히 일하고 싶습니다.","wordCount":129},"emotion":[{"text":"그래서 저는 물류 파트에 들어가 물류들이 어떻게 들어오고 또한 그것을 재고 관리를 어떻게 하는 것인지 그리고 그 재고를 어떻게 유통할 것인지 이런 것들에 대해서 고민하고 연구하여 더 좋은 방법을 찾아내고 이러한 업무를 하는 것을 하고 싶습니다.","expression":"p-interest","category":"positive"},{"text":"그래서 저는 이 회사에 입사하고 나면 물류 파트에 들어가서 물류 배송 또한 그런 프로세스 과정들을 처리하는 방법 연구 등 그러한 과정을 열심히 일하고 싶습니다.","expression":"p-interest","category":"positive"}],"intent":[{"text":"","expression":"","category":"attitude"}],"summary":{"text":"저는 물류 파트를 선호합니다. 물류들이 어떻게 들어오고 재고 관리를 어떻게 하는 것인지 재고를 유통할 것인지 등에 대해 고민하고 연구하여 좋은 방법을 찾아내는 업무를 하고 싶습니다. 또한 물류 배송을 같이 하여 결과가 딱 떨어지는 일을 하면 좋겠습니다.","wordCount":36}}},"rawDataInfo":{"question":{"fileFormat":"wav","fileSize":399438,"duration":12480,"samplingBit":16,"channelCount":1,"samplingRate":"16kHz","audioPath":"/Mock/01.Management/Female/New/ckmk_q_bm_f_n_182666.wav"},"answer":{"fileFormat":"wav","fileSize":2544078,"duration":79500,"samplingBit":16,"channelCount":1,"samplingRate":"16kHz","audioPath":"/Mock/01.Management/Female/New/ckmk_a_bm_f_n_182666.wav"}}}