{"version":"1.0","dataSet":{"info":{"date":"20230116","occupation":"BM","channel":"MOCK","place":"ONLINE","gender":"FEMALE","ageRange":"35-44","experience":"NEW"},"question":{"raw":{"text":"만약 지원자님께서 직무에 맞지 않는 일을 하게 된다면 어떻게 하시겠습니까 그렇게 되어도 괜찮으시겠습니까","wordCount":13},"emotion":[],"intent":[]},"answer":{"raw":{"text":"네 괜찮습니다. 뭐 제 직무에 맞지 않는다고 해서 회사를 때려치길 만큼의 저는 어리지 않구요. 또 그 전에 뭐 직무가 안 맞아서 라기보다는 좀 힘드네 해서 실제 이직을 해 본 적도 있고 그랬는데 막상 나와서 보니까 다 비슷비슷하더라구요. 어 그냥 팀 잘 만나고 사람 주위에 사람 좋은 사람 있으면 그냥 직무가 어떻던지 간에 일은 잘 어찌 어찌 잘 되는 것 같애요. 근데 어 사람과의 문제가 생겼을 때가 좀 제일 골치도 아프고 좀 일이 힘들어 쉬운 일도 힘들어지더라구요. 왜냐하면 스트레스가 많으니까 그래서 저는 직무가 맞지 않는다고 해서는 크게 문제될 것 같지 않습니다. 너무 힘들다 그럴 경우에는 뭐 팀의 상사가 있고 선배가 있고 그러니까 어 뭐 조언을 듣고 뭐 술 한 잔씩 하면서 조언도 듣고 뭔가 스트레스를 또 풀면 될 것 같거든요. 그래서 뭐 문제될 것 같지는 않습니다.","wordCount":125},"emotion":[],"intent":[{"text":"","expression":"","category":"attitude"}],"summary":{"text":"직무가 맞지 않는다고 회사를 그만둘 만큼 어리지 않으며, 이직을 해 본 적도 있는데 막상 나와서 보니 다 비슷비슷했습니다. 팀 잘 만나고 좋은 사람 있으면 일은 잘 되는 것 같은데 사람과의 문제가 생겼을 때가 제일 골치 아프고 힘들어집니다.","wordCount":37}}},"rawDataInfo":{"question":{"fileFormat":"wav","fileSize":446798,"duration":13960,"samplingBit":16,"channelCount":1,"samplingRate":"16kHz","audioPath":"/Mock/01.Management/Female/New/ckmk_q_bm_f_n_181442.wav"},"answer":{"fileFormat":"wav","fileSize":2353998,"duration":73560,"samplingBit":16,"channelCount":1,"samplingRate":"16kHz","audioPath":"/Mock/01.Management/Female/New/ckmk_a_bm_f_n_181442.wav"}}}