{"version":"1.0","dataSet":{"info":{"date":"20230116","occupation":"BM","channel":"MOCK","place":"ONLINE","gender":"FEMALE","ageRange":"55-","experience":"NEW"},"question":{"raw":{"text":"어 스트레스를 받으면 어떤 방식으로 스트레스를 해소 해소하시나요 그리고 왜 그런 방법으로 스트레스를 해소 해소하시는지 그 이유와 함께 말씀해 주시길 바랍니다","wordCount":21},"emotion":[],"intent":[]},"answer":{"raw":{"text":"스트레스를 받으면 어떻게 하시는지 왜 그런 방법으로 스트레스를 해소하는지 말씀해 주시겠어요 라고 질문하셨습니다. 거기에 대한 저의 답변입니다. 저는 스트레스 받을 때면 주로 평소 좋아하는 가수의 음악을 들으며 마음을 안정시키려고 노력하는 편입니다. 음악을 들으면 심신이 안정되면서 에너지가 충전되고 마음이 진정되어 편안한 상태로 돌아가기 때문입니다. 그리고 또 다른 방법으로는 오티티 등을 이용하여 영화를 봄으로써 다른 곳에 몰두하여 역시 내 몸의 에너지를 충전할 수 있기 때문입니다. 이와 같은 방법이 저의 스트레스를 벗어나는 방법입니다. 이상 스트레스 해소하는 저의 방법에 대하여 말씀드렸습니다. 감사합니다.","wordCount":78},"emotion":[],"intent":[{"text":"","expression":"","category":"attitude"}],"summary":{"text":"저는 스트레스 받을 때면 좋아하는 가수의 음악을 들으며 마음을 안정시키려고 노력합니다. 또 다른 방법으로는 오티티 등을 이용하여 영화를 봄으로써 다른 곳에 몰두하여 역시 제 몸의 에너지를 충전할 수 있기 때문입니다.","wordCount":30}}},"rawDataInfo":{"question":{"fileFormat":"wav","fileSize":458638,"duration":14330,"samplingBit":16,"channelCount":1,"samplingRate":"16kHz","audioPath":"/Mock/01.Management/Female/New/ckmk_q_bm_f_n_185643.wav"},"answer":{"fileFormat":"wav","fileSize":2208078,"duration":69000,"samplingBit":16,"channelCount":1,"samplingRate":"16kHz","audioPath":"/Mock/01.Management/Female/New/ckmk_a_bm_f_n_185643.wav"}}}