{"version":"1.0","dataSet":{"info":{"date":"20230116","occupation":"BM","channel":"MOCK","place":"ONLINE","gender":"FEMALE","ageRange":"45-54","experience":"NEW"},"question":{"raw":{"text":"어 지금 공부하고 있는 분야가 무엇인지 어 왜 그걸 공부하는지 그리고 지금까지 무엇을 배웠는지도 말씀 부탁드립니다","wordCount":16},"emotion":[],"intent":[]},"answer":{"raw":{"text":"네 제가 지금 공부하고 있는 분야는 제가 이제 옷을 좋아하다 보니 옷 만드는 걸 좀 배우고 있습니다. 아직은 미흡하긴 하나 어 그 패턴을 만드는 것부터 재단 또 봉제 이런 부분까지 다 기초적인 부분은 해 봤구요. 그런데 이제 이게 뭐 하루 이틀 만에 능숙하게 되는 부분은 아니다 보니까 계속적으로 노력은 해 볼 텐데요. 그게 내 지금 하는 업무와 직접적인 연관은 없지만 또 기분 전환으로 다른 일을 하면서 성취감을 느끼니깐 또 회사 업무를 하는데도 이 정말 도움이 좀 될 것 같구요. 이 제가 하고 싶은 것을 좀 취미 삼아 하니까 어 기분 전환이 되는 것 같아서 너무 좋습니다.","wordCount":96},"emotion":[{"text":"네 제가 지금 공부하고 있는 분야는 제가 이제 옷을 좋아하다   보니 옷 만드는 걸 좀 배우고 있습니다.","expression":"p-interest","category":"positive"},{"text":"이 제가 하고 싶은 것을 좀 취미 삼아 하니까   어 기분 전환이 되는 것 같아서 너무 좋습니다.","expression":"p-happiness","category":"positive"}],"intent":[{"text":"","expression":"","category":"attitude"}],"summary":{"text":"옷 만드는 것을 배우고 있습니다. 아직 완벽하진 않지만 계속 노력해 볼 텐데요. 이것을 취미로 삼으니 기분 전환이 되어 회사 업무에도 도움이 될 것 같습니다.","wordCount":24}}},"rawDataInfo":{"question":{"fileFormat":"wav","fileSize":419918,"duration":13120,"samplingBit":16,"channelCount":1,"samplingRate":"16kHz","audioPath":"/Mock/01.Management/Female/New/ckmk_q_bm_f_n_175269.wav"},"answer":{"fileFormat":"wav","fileSize":2047438,"duration":63980,"samplingBit":16,"channelCount":1,"samplingRate":"16kHz","audioPath":"/Mock/01.Management/Female/New/ckmk_a_bm_f_n_175269.wav"}}}