{"version":"1.0","dataSet":{"info":{"date":"20230116","occupation":"BM","channel":"MOCK","place":"ONLINE","gender":"FEMALE","ageRange":"-34","experience":"NEW"},"question":{"raw":{"text":"면접자님이 생각하시기에 창의성과 팀워크 둘 중에서 더 중요한 것이 무엇이라고 생각하십니까 근거도 들어서 함께 더 중요한 것을 말씀 부탁드립니다","wordCount":19},"emotion":[],"intent":[]},"answer":{"raw":{"text":"저는 창의성과 팀워크 중에서 팀워크가 더 중요하다고 생각합니다. 창의성이라는 것은 완전히 무에서 유를 창조하는 것은 많은 사람들이 하지 못하는 일이 있고 또 이 회사를 위해서 크레이티브한 사람은 필요하지만 그 크레이티브한 사람이 팀워크가 좋지 않다면 그 능력을 최대한으로 발휘하지 못할 것이라고 생각합니다. 그 아이디어가 얼 정말 어 좋다고 해도 팀워크가 없다면 그것이 자신의 생각대로 발현되지 않을 것이라고 생각이 됩니다. 하지만 음 조금 미흡한 아이디어라도 팀워크를 통해서 더 발전시킬 수 있다고 생각하고 결국에는 회사에서 일을 하는 것은 혼자 하는 것이 아니라 함께 하는 것이기 때문에 팀워크를 더 중요하게 생각했을 때 이 회사에 그리고 업무에 더 좋은 결과가 있을 것이라고 생각합니다.","wordCount":98},"emotion":[],"intent":[{"text":"저는 창의성과 팀워크 중에서 팀워크가 더 중요하다고 생각합니다.","expression":"c_cop","category":"personality"},{"text":"창의성이라는   것은 완전히 무에서 유를 창조하는 것은   많은 사람들이 하지 못하는 일이 있고 또   이 회사를 위해서 크레이티브한 사람은 필요하지만 그 크레이티브한 사람이 팀워크가    좋지 않다면 그 능력을 최대한으로 발휘하지 못할 것이라고 생각합니다.","expression":"c_cop","category":"personality"},{"text":"그 아이디어가 얼 정말 어 좋다고 해도      팀워크가 없다면 그것이 자신의 생각대로 발현되지 않을 것이라고 생각이 됩니다.","expression":"c_cop","category":"personality"},{"text":"하지만 음 조금 미흡한 아이디어라도 팀워크를 통해서 더   발전시킬 수 있다고 생각하고 결국에는 회사에서 일을 하는 것은 혼자    하는 것이 아니라 함께 하는 것이기 때문에 팀워크를 더 중요하게 생각했을    때 이 회사에 그리고 업무에 더 좋은 결과가 있을 것이라고 생각합니다.","expression":"c_cop","category":"personality"}],"summary":{"text":"저는 창의성과 팀워크 중 팀워크가 중요하다고 생각합니다. 창의성은 무에서 유를 창조하는 것이므로 회사에서의 업무는 팀워크를 중요하게 생각했을 때 좋은 결과가 있을 것이라 생각합니다.","wordCount":23}}},"rawDataInfo":{"question":{"fileFormat":"wav","fileSize":590798,"duration":18460,"samplingBit":16,"channelCount":1,"samplingRate":"16kHz","audioPath":"/Mock/01.Management/Female/New/ckmk_q_bm_f_n_170409.wav"},"answer":{"fileFormat":"wav","fileSize":2174798,"duration":67960,"samplingBit":16,"channelCount":1,"samplingRate":"16kHz","audioPath":"/Mock/01.Management/Female/New/ckmk_a_bm_f_n_170409.wav"}}}