{"version":"1.0","dataSet":{"info":{"date":"20230116","occupation":"BM","channel":"MOCK","place":"ONLINE","gender":"FEMALE","ageRange":"35-44","experience":"NEW"},"question":{"raw":{"text":"최근 본인이 가장 재미있게 하고 있는 일은 무엇인가요 왜 그 일이 재미있는지 그 이유도 같이 한 번 설명해 주세요","wordCount":19},"emotion":[],"intent":[]},"answer":{"raw":{"text":"최근에 제가 재미있게 하고 있는 일은 크게 두 가지로 구분할 수 있습니다. 시간이 넉넉하다면 국내든 해외든 제가 가보지 않았던 곳으로 여행 여행을 떠납니다. 새로운 곳에서 보고 듣고 음식까지 먹으면 묵은 스트레스가 벗겨지는 기분이 듭니다. 여행은 그동안 일상에서 고생한 저에게 주는 일종의 보상과 같습니다. 반대로 시간이 시간과 돈이 없다면 여행을 영화를 관람하며 간접 여행을 떠납니다. 영화를 보면서 제가 아닌 다른 이의 삶을 체험할 수도 있고 그 여행은 단지 감상으로만 끝나지 않습니다. 제가 느끼고 관찰한 것들을 대해 짤막한 리뷰와 평점을 써 남들과 공유하면서 제일 소소한 취미를 유의미하게 만들어 냅니다. 여행이나 영화를 통해 새로운 것들을 직 간접적으로 체험을 하고 있는 일이 최근에 제일 재미있는 일입니다.","wordCount":102},"emotion":[],"intent":[{"text":"","expression":"","category":"attitude"}],"summary":{"text":"시간이 넉넉하다면 여행을, 시간이 없다면 영화를 관람하며 간접 여행을 떠납니다. 여행이나 영화를 통해 새로운 것들을 직간접적으로 체험하는 일이 최근에 제일 재미있는 일입니다.","wordCount":22}}},"rawDataInfo":{"question":{"fileFormat":"wav","fileSize":324878,"duration":10150,"samplingBit":16,"channelCount":1,"samplingRate":"16kHz","audioPath":"/Mock/01.Management/Female/New/ckmk_q_bm_f_n_174355.wav"},"answer":{"fileFormat":"wav","fileSize":2107598,"duration":65860,"samplingBit":16,"channelCount":1,"samplingRate":"16kHz","audioPath":"/Mock/01.Management/Female/New/ckmk_a_bm_f_n_174355.wav"}}}