{"version":"1.0","dataSet":{"info":{"date":"20230116","occupation":"BM","channel":"MOCK","place":"ONLINE","gender":"FEMALE","ageRange":"-34","experience":"NEW"},"question":{"raw":{"text":"만약 지원자분이 일을 하던 중 직무가 적성에 맞지 않는다면 어떻게 하실 건가요 어떠한 상황을 가정하고 말씀해 주세요","wordCount":17},"emotion":[],"intent":[]},"answer":{"raw":{"text":"예 예를 들어 인사의 측면에서 인사 발령의 측면에서 제가 고민이 누군 누구를 이 직무로 이 직무에 선정할지 고민을 하게 된다면 저는 기존에 계신 선배님들의 도움을 받을 것 같습니다. 어 경영이라는 분야에서 가장 중요한 것은 사람의 경험과 사람 간의 어떤 대화라고 생각합니다. 끊임없는 토론과 대화를 통해서 우리 회사와 우리 집단이 어떤 방향으로 다가갈지 고민하는 게 완벽한 백 프로에 답을 낼 수 없는 환경과 분야에서 할 수 있는 최선이라고 생각합니다.","wordCount":68},"emotion":[],"intent":[{"text":"","expression":"","category":"attitude"}],"summary":{"text":"경영 분야에서 가장 중요한 것은 사람의 경험과 대화입니다. 끊임없는 토론과 대화를 통해 회사와 집단이 어떤 방향으로 다가갈지 고민하는 것이 환경과 분야에서 할 수 있는 최선입니다.","wordCount":25}}},"rawDataInfo":{"question":{"fileFormat":"wav","fileSize":546638,"duration":17080,"samplingBit":16,"channelCount":1,"samplingRate":"16kHz","audioPath":"/Mock/01.Management/Female/New/ckmk_q_bm_f_n_171846.wav"},"answer":{"fileFormat":"wav","fileSize":2030158,"duration":63440,"samplingBit":16,"channelCount":1,"samplingRate":"16kHz","audioPath":"/Mock/01.Management/Female/New/ckmk_a_bm_f_n_171846.wav"}}}