{"version":"1.0","dataSet":{"info":{"date":"20230116","occupation":"BM","channel":"MOCK","place":"ONLINE","gender":"FEMALE","ageRange":"-34","experience":"NEW"},"question":{"raw":{"text":"지원자님이 생각하시는 현대 사회에서 절대로 없어져서는 안 되는 가장 중요하다고 보는 직업을 한 가지만 골라서 말씀해 주세요","wordCount":17},"emotion":[],"intent":[]},"answer":{"raw":{"text":"현대사회에 없어서는 안될 가장 중요하다고 생각하는 직업은 제가 생각했을 때 작가입니다. 사람의 마음을 건드리고 또 그런 어떤 영감을 줄 수 있는 문장을 쓸 수 있는 어 직업이라서 선택을 했고요. 이것은 점점 각박해지고 사람과 사람 간의 관계가 멀어지는 사회에서 정말 중요한 역할을 한다고 생각하고 없어져서는 안 되는 직업이라고 생각합니다. 어 이런 문장들을 어 로봇들 로봇이나 에이아이가 대체할 수 있다고 생각하는 사람들도 많지만 정말로 사람의 어떤 깊은 내면에 영감을 어 건드릴 수 있고 또 내면의 감성을 건드릴 수 있는 것은 사람만이 할 수 있는 일이라고 생각하고 저는 앞으로 음 에이아이가 만약에 그것을 대체할 수 있다고 해도 사람이 쓴 책을 읽고 그리고 감정을 느끼고 싶습니다.","wordCount":102},"emotion":[],"intent":[{"text":"","expression":"","category":"attitude"}],"summary":{"text":"현대사회에서 가장 중요한 직업은 작가입니다. 마음을 움직이고 영감을 줄 수 있는 문장을 쓸 수 있다는 것은 중요한 역할이라고 생각합니다. 로봇이나 에이아이를 대체할 수 있다고 생각하는 사람들도 많지만 저는 사람이 쓴 책을 읽고 감정을 느끼고 싶습니다.","wordCount":35}}},"rawDataInfo":{"question":{"fileFormat":"wav","fileSize":367438,"duration":11480,"samplingBit":16,"channelCount":1,"samplingRate":"16kHz","audioPath":"/Mock/01.Management/Female/New/ckmk_q_bm_f_n_178059.wav"},"answer":{"fileFormat":"wav","fileSize":2220238,"duration":69380,"samplingBit":16,"channelCount":1,"samplingRate":"16kHz","audioPath":"/Mock/01.Management/Female/New/ckmk_a_bm_f_n_178059.wav"}}}