{"version":"1.0","dataSet":{"info":{"date":"20230116","occupation":"BM","channel":"MOCK","place":"ONLINE","gender":"FEMALE","ageRange":"-34","experience":"NEW"},"question":{"raw":{"text":"지원자님께서 스터디를 따로 하고 계신 것이 있으십니까 있다면 어떤 공부를 하고 싶으신지 말씀과 설명 부탁드립니다","wordCount":15},"emotion":[],"intent":[]},"answer":{"raw":{"text":"저는 영어 스터디를 하고 있습니다. 영어 스터디는 제가 회사에 입사 면접을 보기 전부터 이 년 전부터 시작을 해서 꾸준히 이어오고 있는 것인데요. 영어라는 언어는 만국 공통의 언어라고 할 수 있습니다. 그렇기 때문에 언어를 이 언어 하나 만으로 어느 회사에 입사하더라도 도움이 될 것이라는 생각에서 시작을 하게 되었고요. 영어를 배우면서부터 외국인 친구들을 하나 둘 사귀게 되고 이전에는 알 수 없었던 그 나라의 언 언어 그리고 문화 그리고 사람을 좀 더 깊게 알 수 있게 되었습니다. 어 회사에 입사를 하더라도 이 영어적인 영어 스터디는 지속적으로 이어나가서 회사에서 영어 서류 서류를 작성해야 할 때 그리고 해외로 업무를 나가야 할 때 꼭 사용해 될 수 있도록 하겠습니다.","wordCount":103},"emotion":[],"intent":[{"text":"","expression":"","category":"attitude"}],"summary":{"text":"영어는 만국 공통의 언어이기 때문에 영어 스터디를 하고 있습니다. 영어를 배우면서 외국인 친구들을 사귀게 되고 그 나라의 언어, 문화, 사람을 더 깊이 알 수 있게 되었습니다. 앞으로도 이 스터디를 지속적으로 이어나가도록 하겠습니다.","wordCount":32}}},"rawDataInfo":{"question":{"fileFormat":"wav","fileSize":358478,"duration":11200,"samplingBit":16,"channelCount":1,"samplingRate":"16kHz","audioPath":"/Mock/01.Management/Female/New/ckmk_q_bm_f_n_184229.wav"},"answer":{"fileFormat":"wav","fileSize":2223438,"duration":69480,"samplingBit":16,"channelCount":1,"samplingRate":"16kHz","audioPath":"/Mock/01.Management/Female/New/ckmk_a_bm_f_n_184229.wav"}}}