{"version":"1.0","dataSet":{"info":{"date":"20230116","occupation":"BM","channel":"MOCK","place":"ONLINE","gender":"FEMALE","ageRange":"45-54","experience":"NEW"},"question":{"raw":{"text":"저희 회사에 들어오시게 되면 이제까지 해 오셨던 것과 달리 업무 환경이 굉장히 많이 달라질 수 있습니다 기존과 다른 업무 스타일과 같은 것에 지원자분께서는 잘 적응해 내실 수 있으실까요","wordCount":28},"emotion":[],"intent":[]},"answer":{"raw":{"text":"어 먼저 말씀드릴 수 있는 건 다른 업무 스타일에 잘 적응할 수 있다 라고 말씀드릴 수 있구요. 당연히 같은 업무 업종이라 하더라도 회사마다 다를 것이고 같은 업무를 하는 개개인 자체도 업무 스타일이 다르다는 걸 알고 있습니다.그렇기 때문에 제가 이 회사에 들어온다면 어떤 일을 하게 되더라도 이 회사에 그 스타일에 맞추어야 된다 생각을 하고요. 어 거기에 맞추어서 업무를 배우고 하는데 이제 하다 보면 내가 했던 업무 스타일이 어 좀 더 효율적이거나 어 발전 가능성이 있다 생각을 하면 그렇다고 어 회사의 문화나 이런 거를 망치면서 어 내 거를 하자 이렇게 얘기는 하지 않겠지만 어 잘 비교를 해서 어떤 게 더 능률적이고 효율적인지 따져서 좀 변화할 수 있는 건 변화도 할 수 있다고 생각합니다.","wordCount":111},"emotion":[],"intent":[{"text":"","expression":"","category":"attitude"}],"summary":{"text":"업무 업종과 개인 모두 업무 스타일이 다르므로 제가 이 회사에 들어온다면 어떤 일을 하게 되더라도 이 회사 스타일에 맞추어야 된다고 생각합니다. 업무를 하다 보면 업무 스타일이 더 효율적이거나 발전 가능성이 있다고 생각되면 다른 업무 스타일에 적응할 수 있을 것입니다.","wordCount":39}}},"rawDataInfo":{"question":{"fileFormat":"wav","fileSize":577358,"duration":18040,"samplingBit":16,"channelCount":1,"samplingRate":"16kHz","audioPath":"/Mock/01.Management/Female/New/ckmk_q_bm_f_n_175266.wav"},"answer":{"fileFormat":"wav","fileSize":2478158,"duration":77440,"samplingBit":16,"channelCount":1,"samplingRate":"16kHz","audioPath":"/Mock/01.Management/Female/New/ckmk_a_bm_f_n_175266.wav"}}}