{"version":"1.0","dataSet":{"info":{"date":"20230116","occupation":"BM","channel":"MOCK","place":"ONLINE","gender":"FEMALE","ageRange":"-34","experience":"NEW"},"question":{"raw":{"text":"특별히 가고 싶은 회사가 있으신가요 특정 도메인이 중요한지 회사의 분위기가 중요한지 어떤 점을 중점적으로 보시는지 말씀해 주세요","wordCount":17},"emotion":[],"intent":[]},"answer":{"raw":{"text":"음 제가 특별히 가고 싶은 회사는 방송통신심의위원회입니다. 음 어 방송통신심의위원회는 사실 많은 사람들이 방송통신위원회와 헷갈려 할 정도로 많이 알려져 있기는 하지만 어 남 사실상 하는 일과 그런 것들은 잘 모르는 사람들이 많은 그런 기관입니다. 어 제가 그 회사를 가고 싶은 이유는 회사의 분위기나 뭐 도메인 때문이 아니라 그냥 방송통신심의위원회에서 하는 일이 제가 생각하는 올바른 일과 일치하기 때문입니다. 저는 제가 생각하기에 양심적이고 어 그것이 사회에 필요한 일인가를 최우선적으로 고려를 하며 그런 일을 할 때 가장 행복을 느낍니다. 어 그렇기 때문에 음 저는 방송통신심의위원회를 가장 가고 싶으며 제가 가장 중요하게 보는 것은 저의 가치관과 회사의 비전이 일치하는지입니다.","wordCount":95},"emotion":[{"text":"저는 제가 생각하기에 양심적이고   어 그것이 사회에 필요한 일인가를 최우선적으로 고려를 하며 그런 일을 할 때 가장 행복을 느낍니다.","expression":"p-happiness","category":"positive"}],"intent":[{"text":"","expression":"","category":"attitude"}],"summary":{"text":"제 가치관과 회사의 비전이 일치하는지 확인하는 곳에 가고 싶습니다. 양심적이고 사회에 필요한 일인지에 대해 고려하는 그런 일을 할 때 가장 행복을 느낍니다. ","wordCount":22}}},"rawDataInfo":{"question":{"fileFormat":"wav","fileSize":623438,"duration":19480,"samplingBit":16,"channelCount":1,"samplingRate":"16kHz","audioPath":"/Mock/01.Management/Female/New/ckmk_q_bm_f_n_190215.wav"},"answer":{"fileFormat":"wav","fileSize":2352078,"duration":73500,"samplingBit":16,"channelCount":1,"samplingRate":"16kHz","audioPath":"/Mock/01.Management/Female/New/ckmk_a_bm_f_n_190215.wav"}}}