{"version":"1.0","dataSet":{"info":{"date":"20230116","occupation":"BM","channel":"MOCK","place":"ONLINE","gender":"FEMALE","ageRange":"35-44","experience":"NEW"},"question":{"raw":{"text":"지원자님께서 지금까지 살아오시면서 새로운 환경에서 전혀 몰랐던 일을 맡아서 했던 경험이 있으신다면 저에게 한 번 짧게 소개해 주시기를 부탁드립니다","wordCount":19},"emotion":[],"intent":[]},"answer":{"raw":{"text":"어 코로나 시기를 겪을 때 그 아무래도 프리랜서들은 일이 좀 없었었거든요.그래서 기존에 벌어들였던 수입에 비해서 돈이 현저하게 떨어지게 돼서 그때는 진짜 단기 알바를 좀 많이 찾아다녔었는데요. 사실 코로나 때문에 그 알바를 구하는 것도 그렇게 쉽지는 않았었던 것 같은 그런 시기였었어요. 그래서 많은 사람들이 좀 단기 알바로 하루 알바로 자주 갔다 오는 물류 센터에 지원을 한 적이 있었습니다. 항상 제가 돈을 벌 때 가장 마지노선이라고 생각될 수 있는 일이었거든요. 정말 내가 급할 때 할 수 있는 일이다 라고 생각하고 있었는데 그때는 진짜 모든 상황들이 절박해지니까 그 일을 제가 지원하게 되더라구요. 그래서 그 일을 하러 갔었고 사실 몸을 쓰는 일을 안 한 건 아니지만 물류 센터 자체는 처음 가봐서 그 하룻동안 굉장히 많이 당황했던 기억이 있습니다. 여덟 시간을 일하는데 너무 시간이 느리게 간다고 느껴지는 그런 하루였습니다.","wordCount":124},"emotion":[],"intent":[{"text":"그래서   많은 사람들이 좀 단기 알바로 하루 알바로 자주 갔다 오는 물류 센터에 지원을 한 적이 있었습니다.","expression":"c_private","category":"background"}],"summary":{"text":"코로나 시기를 겪을 때 프리랜서들은 수입이 현저하게 떨어져 단기 알바를 많이 찾아다녔었는데, 물류 센터에 지원을 한 적이 있었습니다. 정말 제가 돈을 벌 때 가장 마지노선이라고 생각될 수 있는 일이었는데 모든 상황들이 절박해지면서 그 일을 지원하게 되었습니다.","wordCount":36}}},"rawDataInfo":{"question":{"fileFormat":"wav","fileSize":448078,"duration":14000,"samplingBit":16,"channelCount":1,"samplingRate":"16kHz","audioPath":"/Mock/01.Management/Female/New/ckmk_q_bm_f_n_181766.wav"},"answer":{"fileFormat":"wav","fileSize":2810318,"duration":87820,"samplingBit":16,"channelCount":1,"samplingRate":"16kHz","audioPath":"/Mock/01.Management/Female/New/ckmk_a_bm_f_n_181766.wav"}}}