{"version":"1.0","dataSet":{"info":{"date":"20230116","occupation":"BM","channel":"MOCK","place":"ONLINE","gender":"FEMALE","ageRange":"35-44","experience":"NEW"},"question":{"raw":{"text":"팀으로 일하는 것과 혼자 일하는 것 중 어떤 것을 더 선호하십니까 이유도 함께 설명해 주시길 바랍니다","wordCount":16},"emotion":[],"intent":[]},"answer":{"raw":{"text":"저는 팀으로 일을 하는 것을 좋아합니다. 혼자서 하면 하루면 될 일도 여러 사람이 관여하면 그것보다 몇 배나 많은 시간이 소요될 수 있다는 것을 알고 있습니다. 그러나 모든 일을 혼자서 다 할 수는 없습니다. 특히 큰 프로젝트의 경우는 어차피 협력해서 같이 일을 해야 합니다. 그리고 큰 프로젝트가 아니더라도 집단 지성이 활용되면 혼자서 하는 것보다 더 좋은 결과물을 낼 수 있습니다. 한 사람의 머리에서 나온 아이디어와 여러 사람의 머리에서 나온 아이디어는 같을 수 없습니다. 소가 없으면 외양간이 깨끗하지만 소가 있으면 말은 많은 일을 해낼 수 있다는 말이 있습니다. 여러 사람이 모여서 회의를 하고 업무를 분장하는 과정에서 비효율과 시간 낭비가 생깁니다. 그러나 비효율과 낭비 요소보다 더 좋은 성과물이 생길 수 있다면 같이 일을 하는 것을 선택하는 것이 더 현명할 것 같습니다.","wordCount":118},"emotion":[],"intent":[{"text":"","expression":"","category":"attitude"}],"summary":{"text":"저는 팀으로 일하는 것을 좋아합니다. 특히 큰 프로젝트의 경우는 협력해서 같이 일을 해야 합니다. 그리고 집단 지성이 활용되면 혼자서 하는 것보다 더 좋은 결과물을 낼 수 있습니다.","wordCount":27}}},"rawDataInfo":{"question":{"fileFormat":"wav","fileSize":339918,"duration":10620,"samplingBit":16,"channelCount":1,"samplingRate":"16kHz","audioPath":"/Mock/01.Management/Female/New/ckmk_q_bm_f_n_187554.wav"},"answer":{"fileFormat":"wav","fileSize":2174158,"duration":67940,"samplingBit":16,"channelCount":1,"samplingRate":"16kHz","audioPath":"/Mock/01.Management/Female/New/ckmk_a_bm_f_n_187554.wav"}}}