{"version":"1.0","dataSet":{"info":{"date":"20230116","occupation":"BM","channel":"MOCK","place":"ONLINE","gender":"FEMALE","ageRange":"-34","experience":"NEW"},"question":{"raw":{"text":"흔히 우리 같은 회사를 외부에서 물류회사라고 분류를 하는데 귀하께서 생각하시는 물류란 무엇인지 간단하게 정리해 주시고 본인만이 생각하는 물류에 대해서 말씀해 주세요","wordCount":21},"emotion":[],"intent":[]},"answer":{"raw":{"text":"경영 사무 측면에서 물류란 무엇이라고 생각하는지 말씀드리겠습니다. 경영 사무의 측면에서 물류는 회사의 전반적인 유통 과정이라고 생각합니다. 그리고 회사에 가장 주된 일이라고 생각합니다. 왜냐하면 저희는 물류회사이기 때문에 물류가 되는 것이 가장 중요한 일입니다. 물류 유통 과정에서 무리 없고 문제가 없어야지 회사가 잘 돌아가고 있는 것이라고 생각됩니다. 그러므로 경영 사무 측면에서 물류란 물류는 가장 중요한 일이며 그리고 지원과 그 과정과 그 프로젝트가 가장 많이 필요한 일이라고 생각합니다. 그래서 제가 경영지원팀으로 간다면 물류 파트에서 어떤 어려움이 있는지 물류가 하는 일이 무엇이며 무엇이 필요한지 정확한 파악과 그에 맞는 상황 판단 그리고 지원이 그 결과로 이루어져야 한다 라고 생각합니다. 그래서 물류란 제가 생각하기엔 회사의 가장 중요한 부분이고 또한 경영 사무 측면에서 봤을 때도 물류가 가장 중요하다 라고 생각합니다.","wordCount":113},"emotion":[],"intent":[{"text":"","expression":"","category":"attitude"}],"summary":{"text":"경영 사무의 측면에서 물류는 회사의 전반적인 유통 과정으로, 물류가 되는 것이 가장 중요한 일이므로 지원과 그 과정과 그 프로젝트가 가장 많이 필요합니다. 물류란 회사의 가장 중요한 부분이고 또한 경영 사무 측면에서 봤을 때에도 물류가 가장 중요하다 라고 생각합니다.","wordCount":38}}},"rawDataInfo":{"question":{"fileFormat":"wav","fileSize":562958,"duration":17590,"samplingBit":16,"channelCount":1,"samplingRate":"16kHz","audioPath":"/Mock/01.Management/Female/New/ckmk_q_bm_f_n_182833.wav"},"answer":{"fileFormat":"wav","fileSize":2569678,"duration":80300,"samplingBit":16,"channelCount":1,"samplingRate":"16kHz","audioPath":"/Mock/01.Management/Female/New/ckmk_a_bm_f_n_182833.wav"}}}