{"version":"1.0","dataSet":{"info":{"date":"20230116","occupation":"BM","channel":"MOCK","place":"ONLINE","gender":"FEMALE","ageRange":"-34","experience":"NEW"},"question":{"raw":{"text":"지원자께서는 동물 실험이 인간에게 주는 이익에 관하여 설명해 주시길 바랍니다 그리고 그와 관련된 동물 실험에 대해 지원자의 생각도 같이 말씀해 주시길 바랍니다","wordCount":22},"emotion":[],"intent":[]},"answer":{"raw":{"text":"네 동물 실험이 인간에게 주는 이익에 관해서 이야기를 해보라고 하셨는데 저는 동물 실험을 통해서 인류 보존이 된다고 생각을 합니다. 지금까지도 다양한 동물 실험을 통해서 저희가 질병에 관해서도 많이 고치게 되었고 다양하게 우리 인류 보존을 위해서 굉장히 발전이 되었다고 생각하기 때문에 저는 동물 실험이 우리 인간에게 굉장히 큰 도움이 된다고 생각을 하는데요. 하지만 저도 동물 실험을 할 때 굉장히 동물을 동물에게는 폭력적일 수가 있고 동물에게는 존엄성에 위협이 간다고 생각을 하는데 사실 그 방법 외에는 저희가 사람에게 사실 그렇게 실험을 할 수가 없잖아요. 그래서 좀 안타까운 일이긴 하지만 동물 실험이 불가피하다라는 생각이 들어서 저는 어쩔 수 없지만 해야 한다고 생각을 하고요. 그리고 그 동물 실험을 통해서 지금까지 저희가 질병이나 많은 발전이 되었기 때문에 그런 점에서 저는 찬성을 하는 편입니다.","wordCount":117},"emotion":[],"intent":[{"text":"네 동물 실험이 인간에게 주는 이익에 관해서 이야기를 해보라고 하셨는데 저는 동물 실험을 통해서   인류 보존이 된다고 생각을 합니다.","expression":"m_critical","category":"attitude"},{"text":"지금까지도 다양한 동물 실험을 통해서 저희가 질병에 관해서도 많이 고치게 되었고 다양하게 우리 인류 보존을 위해서   굉장히 발전이 되었다고 생각하기 때문에 저는 동물 실험이 우리 인간에게 굉장히 큰 도움이 된다고 생각을 하는데요.","expression":"m_critical","category":"attitude"},{"text":"그래서 좀 안타까운 일이긴 하지만 동물 실험이 불가피하다라는 생각이 들어서 저는 어쩔 수 없지만   해야 한다고 생각을 하고요.","expression":"m_critical","category":"attitude"}],"summary":{"text":"동물 실험을 통해 인류 보존이 된다고 생각합니다. 다양한 동물 실험을 통해서 질병에 관해서도 많이 고치게 되었고 인류 보존을 위해서 발전이 되었다고 생각하기 때문에 저는 동물 실험이 인간에게 굉장히 큰 도움이 된다고 생각하며 찬성을 하는 편입니다.","wordCount":35}}},"rawDataInfo":{"question":{"fileFormat":"wav","fileSize":565518,"duration":17670,"samplingBit":16,"channelCount":1,"samplingRate":"16kHz","audioPath":"/Mock/01.Management/Female/New/ckmk_q_bm_f_n_176203.wav"},"answer":{"fileFormat":"wav","fileSize":2432078,"duration":76000,"samplingBit":16,"channelCount":1,"samplingRate":"16kHz","audioPath":"/Mock/01.Management/Female/New/ckmk_a_bm_f_n_176203.wav"}}}