{"version":"1.0","dataSet":{"info":{"date":"20230116","occupation":"BM","channel":"MOCK","place":"ONLINE","gender":"FEMALE","ageRange":"55-","experience":"NEW"},"question":{"raw":{"text":"본인만의 스트레스 해소 방법이 있다면 그것을 말씀해 주시고 왜 그 방법으로 스트레스를 해소하는지도 같이 설명해 주세요","wordCount":16},"emotion":[],"intent":[]},"answer":{"raw":{"text":"지원자님만의 스트레스 해소 방법이 있다면 무엇일까요 왜 그런 방법으로 스트레스 해소하시는지 말씀해 주세요 라고 질문하셨습니다. 거기에 대한 저의 답변을 말씀드리겠습니다. 저는 스트레스 받을 때면 주로 평소 좋아하는 가수의 음악을 들으며 마음을 안정시키려고 노력하는 편입니다. 음악을 들으면 심신이 안정되면서 에너지가 충전되고 마음이 진정되어 편안한 상태로 돌아가기 쉽기 때문입니다. 그리고 다른 방법으로는 오티티 등을 이용하여 영화를 봄으로써 다른 곳에 몰두하여 역시 내 몸의 에너지를 충전할 수 있습니다. 이와 같이 방법이 스트레스 벗어나는 저의 방법입니다. 이상 스트레스 해소하는 저의 방법을 말씀드렸습니다. 감사합니다.","wordCount":79},"emotion":[{"text":"음악을 들으면 심신이 안정되면서 에너지가 충전되고 마음이 진정되어 편안한 상태로 돌아가기 쉽기 때문입니다.","expression":"p-interest","category":"positive"}],"intent":[{"text":"","expression":"","category":"attitude"}],"summary":{"text":"지원자님의 스트레스 해소 방법에 대한 질문에 답변하겠습니다. 저는 스트레스 받을 때면 좋아하는 가수의 음악을 들으며 마음을 안정시키고, 다른 방법으로는 오티티 등을 이용하여 영화를 보며 에너지를 충전하고 있습니다.","wordCount":27}}},"rawDataInfo":{"question":{"fileFormat":"wav","fileSize":307278,"duration":9600,"samplingBit":16,"channelCount":1,"samplingRate":"16kHz","audioPath":"/Mock/01.Management/Female/New/ckmk_q_bm_f_n_190373.wav"},"answer":{"fileFormat":"wav","fileSize":2224078,"duration":69500,"samplingBit":16,"channelCount":1,"samplingRate":"16kHz","audioPath":"/Mock/01.Management/Female/New/ckmk_a_bm_f_n_190373.wav"}}}