{"version":"1.0","dataSet":{"info":{"date":"20230116","occupation":"BM","channel":"MOCK","place":"ONLINE","gender":"FEMALE","ageRange":"-34","experience":"NEW"},"question":{"raw":{"text":"십 년 후 미래는 어떨 것 같습니까 지원자님이 십 년 후에도 저희 회사에서 계속 다닐 것 같으신가요","wordCount":17},"emotion":[],"intent":[]},"answer":{"raw":{"text":"저의 십 년 후 미래는 어 이 회사에 계속 다니고 싶은 마음입니다. 음 십 년이라는 시간 동안에 저는 여자이기 때문에 임신도 할 거고 아이도 낳을 것이고 그런 과정을 거칠 것인데 제가 알기로는 이 회사의 복지가 아주 좋다고 들었습니다. 그 복지 좋은 복지에 어 기대에 부응할 수 있도록 열심히 일도 할 것이고 아이를 낳더라도 중도에 이 일을 그만두는 일 없이 어 회사에 중요한 사람이 될 수 있도록 노력하는 사람이 되고 싶 되고 싶습니다. 십 년이라는 시간이면 이 업무에 있어서는 전문가가 될 것이고 또 앞으로 들어오는 신입 직원이나 또 후배 직원들에게 모범이 되고 또 영감을 줄 수 있는 그런 선배 직원이 되고 싶고요. 어 꼭 그렇게 될 수 있도록 제가 노력하겠습니다.","wordCount":109},"emotion":[],"intent":[{"text":"","expression":"","category":"attitude"}],"summary":{"text":"십 년이라는 시간이면 이 업무에 있어서는 전문가가 될 것이고 앞으로 들어오는 신입 직원이나 후배 직원들에게 모범이 되고 또 영감을 줄 수 있는 그런 선배 직원이 되고 싶습니다.","wordCount":27}}},"rawDataInfo":{"question":{"fileFormat":"wav","fileSize":325838,"duration":10180,"samplingBit":16,"channelCount":1,"samplingRate":"16kHz","audioPath":"/Mock/01.Management/Female/New/ckmk_q_bm_f_n_170091.wav"},"answer":{"fileFormat":"wav","fileSize":2096078,"duration":65500,"samplingBit":16,"channelCount":1,"samplingRate":"16kHz","audioPath":"/Mock/01.Management/Female/New/ckmk_a_bm_f_n_170091.wav"}}}