{"version":"1.0","dataSet":{"info":{"date":"20230116","occupation":"BM","channel":"MOCK","place":"ONLINE","gender":"FEMALE","ageRange":"55-","experience":"NEW"},"question":{"raw":{"text":"주변에 있는 친구들 중에서 한 명을 골라 칭찬을 해 보시겠습니까 구체적이고 자세한 칭찬일수록 좋습니다","wordCount":14},"emotion":[],"intent":[]},"answer":{"raw":{"text":"아 제 친구 중에는 굉장히 배려심이 많고 어 마 남을 아 남을 위해서 자신을 조금씩 희생할 줄 아는 마음가짐을 가진 친구가 있습니다. 어 어려운 일이나 힘든 일을 당했을 때 음 어 굉장히 위로해주는 기술이 뛰어난 것 같구요. 마음이 따뜻해서 일단 상대방의 입장에서 이야기해 주고 어 상대방의 예 그 어 어려운 점이나 불만이 있어도 그 긍정적인 마음으로 바라볼 수 있도록 엄 긍정적이고 어 그 밝은 에너지를 주는 친구입니다. 그 친구는 음 본인이 어 어려운 일이 있을 때도 어 항상 긍정적이고 어 밝은 자세로 어 음 좀 얼 헤쳐나가 헤쳐나가면 주변 사람들 굉장히 편안하고 어 아 마음을 좀 밝게 해주는 그런 어 따뜻한 마음씨를 가지고 있어서 그 친구를 위해서라면 저도 그렇게 할 수 있을 거라는 그런 마음가짐을 항상 가지고 있습니다. 그리고 어 물질적인 면에서도 많은 사람들에게 많이 베푸는 친구여서 본받고 싶습니다.","wordCount":129},"emotion":[],"intent":[{"text":"","expression":"","category":"attitude"}],"summary":{"text":"제 친구 중에는 배려심이 많고 남을 위해서 자신을 희생할 줄 아는 마음가짐을 가진 친구가 있습니다. 어려운 일을 당했을 때 굉장히 위로해주는 기술이 뛰어나고, 어려운 점이 있어도 긍정적인 마음으로 바라볼 수 있도록 밝은 에너지를 주는 친구입니다. 또한 물질적인 면에서도 많은 사람들에게 많이 베푸는 친구여서 본받고 싶습니다.","wordCount":45}}},"rawDataInfo":{"question":{"fileFormat":"wav","fileSize":453518,"duration":14170,"samplingBit":16,"channelCount":1,"samplingRate":"16kHz","audioPath":"/Mock/01.Management/Female/New/ckmk_q_bm_f_n_174214.wav"},"answer":{"fileFormat":"wav","fileSize":2790478,"duration":87200,"samplingBit":16,"channelCount":1,"samplingRate":"16kHz","audioPath":"/Mock/01.Management/Female/New/ckmk_a_bm_f_n_174214.wav"}}}