{"version":"1.0","dataSet":{"info":{"date":"20230116","occupation":"BM","channel":"MOCK","place":"ONLINE","gender":"FEMALE","ageRange":"-34","experience":"NEW"},"question":{"raw":{"text":"여러 제품 중에 시장에서 관심을 받는 제품들은 많이 있죠 그중의 하나가 아이패드인데요 아이패드와 같이 시장에서 관심을 받는 제품들의 특징을 설명해 보세요","wordCount":21},"emotion":[],"intent":[]},"answer":{"raw":{"text":"아이패드 맥북 에어팟 제트플립 같은 같이 시장에서 관심을 받는 제품들의 특징은 기능도 기능이지만 아름다운 외형이 어 사람들이 매력을 느낀다고 생각합니다. 이제 아이패드나 맥북 에어팟 그리고 핸드폰 등등은 어 내가 가지고 있는 기계를 넘어서서 악세사리로서의 역할도 한다고 생각합니다. 그렇기 때문에 같은 값이면 조금 더 예쁜 예쁜 것 그리고 보기 좋은 것 남들이 봤을 때 부러워할 만한 것을 구매하는 것이 소비자의 심리라고 생각합니다. 그렇기 때문에 이러한 소비자의 심리를 어 저희 회사의 제품에도 녹아 들게 해야 한다는 것이 제 생각입니다. 아름다운 물건은 보기 좋은 떡이 먹기에도 좋다는 말이 있듯이 아름다운 물건은 소비자의 마음을 사로잡을 수 있습니다.","wordCount":93},"emotion":[],"intent":[{"text":"","expression":"","category":"attitude"}],"summary":{"text":"시장에서 관심을 받는 제품들의 특징은 기능도 기능이지만 아름다운 외형이 사람들이 매력을 느낀다고 생각합니다. 소비자의 심리를 저희 회사의 제품에도 담아야 한다는 것이 제 생각입니다. 아름다운 물건은 소비자의 마음을 사로잡을 수 있습니다.","wordCount":30}}},"rawDataInfo":{"question":{"fileFormat":"wav","fileSize":519758,"duration":16239,"samplingBit":16,"channelCount":1,"samplingRate":"16kHz","audioPath":"/Mock/01.Management/Female/New/ckmk_q_bm_f_n_184228.wav"},"answer":{"fileFormat":"wav","fileSize":2129678,"duration":66550,"samplingBit":16,"channelCount":1,"samplingRate":"16kHz","audioPath":"/Mock/01.Management/Female/New/ckmk_a_bm_f_n_184228.wav"}}}