{"version":"1.0","dataSet":{"info":{"date":"20230116","occupation":"BM","channel":"MOCK","place":"ONLINE","gender":"FEMALE","ageRange":"-34","experience":"NEW"},"question":{"raw":{"text":"커뮤니케이션을 잘 할 수 있는 지원자님만의 스킬이 있다면 보여 주시길 바랍니다","wordCount":11},"emotion":[],"intent":[]},"answer":{"raw":{"text":"커뮤니케이션을 잘 할 수 있는 저만의 스킬을 제가 소개해 드린다면 저는 타인의 이야기를 먼저 듣는 것에서 제 스킬이 있다고 생각을 합니다. 타인의 이야기를 먼저 들어보면 그 사람의 의도를 제가 파악을 할 수가 있고 그 사람이 어떤 말을 원하는지 그리고 어떤 의미에서 이 이야기를 꺼냈는지를 제가 파악을 할 수가 있었습니다. 그러면 그 사람이 원하는 대로 제가 조금 더 대답을 하기에 수월했고 그리고 커뮤니케이션을 할 때 무리가 없이 진행이 되었다는 걸 깨달았습니다. 그래서 저만의 스킬이 있다면 저는 타인에게 이야기를 먼저 듣고 그 사람의 의도를 파악해서 제가 대답을 해주는 것 자체가 커뮤니케이션에서 가장 좋은 스킬 중 하나였던 것 같고요. 그리고 제가 생각했을 때 어떤 커뮤니케이션이든지 서로가 서로에게 조금 맞춰주려고 하는 부분 그리고 조율이 꼭 필요하다고 생각을 합니다. 그래서 저만의 의사를 파악하고 저만의 의사를 주장할 것이 아니고 타인의 의사를 먼저 헤아리고 배려를 해서 제가 설명을 해주는 게 바로 저만의 스킬이라고 생각합니다.","wordCount":137},"emotion":[],"intent":[{"text":"","expression":"","category":"attitude"}],"summary":{"text":"저는 타인의 이야기를 먼저 듣는 것에서 스킬이 있다고 생각합니다. 그 사람의 의도를 파악해서 대답하는 것이 커뮤니케이션에서 가장 좋은 스킬 중 하나였던 것 같습니다. 어떤 커뮤니케이션이든 서로가 조금 맞춰주려는 부분 그리고 조율이 꼭 필요하다고 생각을 합니다. 타인의 의사를 먼저 헤아리고 배려해서 설명하는 것이 저만의 스킬이라고 생각합니다.","wordCount":45}}},"rawDataInfo":{"question":{"fileFormat":"wav","fileSize":283598,"duration":8860,"samplingBit":16,"channelCount":1,"samplingRate":"16kHz","audioPath":"/Mock/01.Management/Female/New/ckmk_q_bm_f_n_175097.wav"},"answer":{"fileFormat":"wav","fileSize":2473358,"duration":77290,"samplingBit":16,"channelCount":1,"samplingRate":"16kHz","audioPath":"/Mock/01.Management/Female/New/ckmk_a_bm_f_n_175097.wav"}}}