{"version":"1.0","dataSet":{"info":{"date":"20230116","occupation":"BM","channel":"MOCK","place":"ONLINE","gender":"FEMALE","ageRange":"-34","experience":"NEW"},"question":{"raw":{"text":"점차 이 사회가 고령화 사회로 바뀌고 변화해 나가면서 치매로 인한 문제가 많이 대두되고 있습니다 이와 관련해서 건강보험공단이 하는 일과 개선할 방안이 있다고 한다면 이야기 해 주세요","wordCount":26},"emotion":[],"intent":[]},"answer":{"raw":{"text":"맞습니다. 요즘 고령화 사회로 치매 문제가 많이 대두되고 있는데요. 건강보험 공단에서 어 이 치매와 관련되서 어 장애 등급을 받게 되면 어 거기에 관련된 지원 경제적인 지원이나 어 예 그 후에 뭔가 그것을 치매를 늦출 수 있는 여러 가지 교육도 제공할 수 있는 것으로 알고 있습니다. 음 하지만 저 제가 가장 중요하게 생각하고 개선해야 할 방안으로 생각하는 것은 치매라 함은 치매가 걸리고 나면 나머지 가족들이 그 치매가 걸린 가족을 돌보면서 많은 스트레스를 받고 또 경제적으로도 음 조금 더 쪼들리는 생활을 할 수 밖에 없지 않습니까 그래서 가족들을 위한 그런 정신건강에 관련된 지원 그리고 또 어 치매 노인을 돌보는 가족들에게 경제적인 혜택이 많이 돌아갈 수 있도록 그런 방안들이 많이 고안이 됐으면 좋겠다는 생각입니다.","wordCount":111},"emotion":[{"text":"요즘 고령화 사회로 치매 문제가 많이 대두되고 있는데요.","expression":"u-fact","category":"neutral"}],"intent":[{"text":"","expression":"","category":"attitude"}],"summary":{"text":"요즘 고령화 사회로 치매 문제가 많이 대두되고 있습니다. 건강보험 공단에서 장애 등급을 받으면 경제적 지원이나 치매를 늦출 수 있는 교육도 제공됩니다. 하지만 치매는 가족들을 위한 정신건강 관련 지원과 가족들에게 경제적 혜택이 많이 돌아가도록 해야 합니다.","wordCount":35}}},"rawDataInfo":{"question":{"fileFormat":"wav","fileSize":609998,"duration":19060,"samplingBit":16,"channelCount":1,"samplingRate":"16kHz","audioPath":"/Mock/01.Management/Female/New/ckmk_q_bm_f_n_170410.wav"},"answer":{"fileFormat":"wav","fileSize":2539598,"duration":79360,"samplingBit":16,"channelCount":1,"samplingRate":"16kHz","audioPath":"/Mock/01.Management/Female/New/ckmk_a_bm_f_n_170410.wav"}}}