{"version":"1.0","dataSet":{"info":{"date":"20230116","occupation":"BM","channel":"MOCK","place":"ONLINE","gender":"FEMALE","ageRange":"45-54","experience":"NEW"},"question":{"raw":{"text":"살면서 지금까지 한 일들 가운데 가장 후회했던 일은 어떤 것이 있나요 그것을 한 가지만 말씀해 주세요","wordCount":16},"emotion":[],"intent":[]},"answer":{"raw":{"text":"제가 지금까지 살면서 가장 후회했던 일이라면요. 어 글쎄 그 좀 많이 오래된 일이긴 한데 어 중학교 삼 학년 때 그 고등학교 진로를 선택했을 때 어 인문계 고등학교가 아닌 실업계 고등학교로 진학을 한 점이 가장 후회스럽지 않나 싶습니다. 어 그때 가정 환경 때문에 어쩔 수 없이 이제 그렇게 진로를 결정을 했는데 그렇다 보니 이제 사회에 먼저 좀 회사에 일찍 취업을 했었고 어 좀 뭐 대학을 야간 대학들 졸업을 하긴 했으나 어 그러다 보니 사실 제가 원하던 이 일을 하기가 좀 어렵지 않았나 물론 그게 핑계일 수도 있는데요. 좀 뭔가 내가 원하지 않는 그런 일로 그 단추가 잘못 끼워졌었던 그런 기억이 있어서 예 그때를 말씀드릴 수 있을 것 같습니다.","wordCount":107},"emotion":[],"intent":[{"text":"","expression":"","category":"attitude"}],"summary":{"text":"중학교 삼 학년 때 실업계 고등학교로 진학을 한 것이 가장 후회스럽습니다. 가정 환경 때문에 진로를 결정을 했는데 일찍 회사에 취업을 했고, 야간 대학 졸업을 했으나 일을 하기가 어려웠습니다.","wordCount":28}}},"rawDataInfo":{"question":{"fileFormat":"wav","fileSize":313678,"duration":9800,"samplingBit":16,"channelCount":1,"samplingRate":"16kHz","audioPath":"/Mock/01.Management/Female/New/ckmk_q_bm_f_n_178463.wav"},"answer":{"fileFormat":"wav","fileSize":2265678,"duration":70800,"samplingBit":16,"channelCount":1,"samplingRate":"16kHz","audioPath":"/Mock/01.Management/Female/New/ckmk_a_bm_f_n_178463.wav"}}}