{"version":"1.0","dataSet":{"info":{"date":"20230116","occupation":"BM","channel":"MOCK","place":"ONLINE","gender":"FEMALE","ageRange":"-34","experience":"NEW"},"question":{"raw":{"text":"지원자님께서 저희와 함께 일을 하게 되었을 때 지원자님이 원하는 직무와 다른 직무를 맡게 된다면 이 때 어떻게 하실 건가요 다른 직무를 맡는 것에 대해서 괜찮으신가요","wordCount":25},"emotion":[],"intent":[]},"answer":{"raw":{"text":"제가 만약 직무에 맞지 않는 일을 하게 된다면 어떻게 하겠냐면 저는 제가 직무에 맞지 않은 일도 예전에 좀 많이 해왔던 것 같습니다. 직무에 꼭 제가 원하는 일만 할 수 없다는 걸 알고 있고 그 직무에 맞지 않는 일을 하더라도 저에게 느끼는 점이 많았고 제가 발전되었던 점이 많았기 때문에 그것에 대해서 저는 반대를 하거나 제가 실패를 했던 적은 없었던 것 같습니다. 그래서 저는 제가 예전 회사에서도 직무 외에 일을 좀 과도하게 많이 시키시기도 했는데 그 일을 처음에 할 때는 아 이 일을 꼭 해야 되나 이런 고민도 많았지만 막상 하고 나서는 아 이것을 하면서도 아 내 자신이 이 점을 잘하는 점이 있구나 라는 걸 깨달았었고 또 아 난 이 부분에 정말 안 맞구나 라는 걸 많이 깨달았기 때문에 제 자신을 깨닫기 위해서 다른 일을 해보는 것도 전 좋다고 생각을 하고요. 그리고 그 일을 하면서 회사에 보탬이 되는 사람이 될 수 있다 라는 걸 깨달았기 때문에 제가 원하는 일만 할 수 없다 라는 생각을 알고 있기 때문에 저는 맞지 않는 일을 하게 되어도 좋을 것 같습니다.","wordCount":164},"emotion":[],"intent":[{"text":"","expression":"","category":"attitude"}],"summary":{"text":"직무에 맞지 않는 일을 하게 된다면 반대나 실패를 한 적은 없었던 것 같습니다. 회사에서도 일을 많이 시키셨는데 일을 하면서 제 자신이 잘하는 점이 있다는 것을 깨닫고 다른 일을 해보는 것도 좋다고 생각합니다. 회사에 보탬이 되는 사람이 될 수 있다는 걸 알고 있기 때문에 맞는 일을 하는 것이 좋습니다.","wordCount":48}}},"rawDataInfo":{"question":{"fileFormat":"wav","fileSize":602318,"duration":18820,"samplingBit":16,"channelCount":1,"samplingRate":"16kHz","audioPath":"/Mock/01.Management/Female/New/ckmk_q_bm_f_n_175101.wav"},"answer":{"fileFormat":"wav","fileSize":2481038,"duration":77530,"samplingBit":16,"channelCount":1,"samplingRate":"16kHz","audioPath":"/Mock/01.Management/Female/New/ckmk_a_bm_f_n_175101.wav"}}}