{"version":"1.0","dataSet":{"info":{"date":"20230116","occupation":"BM","channel":"MOCK","place":"ONLINE","gender":"FEMALE","ageRange":"35-44","experience":"NEW"},"question":{"raw":{"text":"지원자님만의 본인의 장점과 단점을 설명해 주시고 지원자님이 그것을 특화시키고 극복하기 위한 노력도 함께 설명과 말씀해 주시겠습니까","wordCount":16},"emotion":[],"intent":[]},"answer":{"raw":{"text":"저의 장점은 원하는 것을 쉽게 파악합니다. 튀지 않는 호감형 외모로 사람들이 원하는 것을 잘 파악하는 눈치 덕분에 처음 본 사람들과도 쉽게 마음을 터놓고 이야기할 수 있다는 장점이 있습니다. 그리고 저는 이 과정을 즐깁니다. 이 사람들을 고객으로 바꾼다면 최고의 성과를 낼 수 있을 것이라고 생각합니다. 단점이라면 거절을 잘하지 못하는 것입니다. 무리한 부탁이 아니라면 잘 거절하지 않습니다. 부담스럽게 느껴질 때가 많지만 싫은 소리가 어려워서 거절을 잘 못하고 수용하는 경우가 있습니다. 최근 이런 단점을 직시하고 좋은 건 좋다 라고 싫은 건 싫다 라고 말하기 위해서 상대방이 기분 나빠하지 않게 거절하는 법을 배우고 매일 연습하고 있습니다. 주체적이고 능동적인 사람이 되기 위해 노력하고 있습니다.","wordCount":99},"emotion":[],"intent":[{"text":"저의 장점은 원하는 것을 쉽게 파악합니다.","expression":"c_person","category":"background"},{"text":"튀지 않는 호감형 외모로 사람들이 원하는 것을 잘 파악하는 눈치 덕분에 처음 본 사람들과도 쉽게 마음을 터놓고 이야기할 수 있다는 장점이 있습니다.","expression":"c_person","category":"background"},{"text":"단점이라면 거절을 잘하지 못하는 것입니다.","expression":"c_person","category":"background"}],"summary":{"text":"저는 호감형 외모라 원하는 것을 쉽게 파악할 수 있고, 이 사람들을 고객으로 바꾼다면 최고의 성과를 낼 수 있을 것이라고 생각합니다. 단점이라면 거절을 잘 못하고 수용하는 경우인데, 최근 이런 단점을 직시하고 상대방에게 거절하는 법을 배우고 매일 연습하고 있습니다.","wordCount":37}}},"rawDataInfo":{"question":{"fileFormat":"wav","fileSize":437198,"duration":13660,"samplingBit":16,"channelCount":1,"samplingRate":"16kHz","audioPath":"/Mock/01.Management/Female/New/ckmk_q_bm_f_n_185374.wav"},"answer":{"fileFormat":"wav","fileSize":2152398,"duration":67260,"samplingBit":16,"channelCount":1,"samplingRate":"16kHz","audioPath":"/Mock/01.Management/Female/New/ckmk_a_bm_f_n_185374.wav"}}}