{"version":"1.0","dataSet":{"info":{"date":"20230116","occupation":"BM","channel":"MOCK","place":"ONLINE","gender":"FEMALE","ageRange":"-34","experience":"NEW"},"question":{"raw":{"text":"지원자님께서는 팀장이 본인에게 더 잘 맞다고 생각하십니까 아니면 팀원이 본인에게 더 잘 맞다고 생각하십니까 경험이나 이유를 들어서 설명을 해 주시기 바랍니다","wordCount":21},"emotion":[],"intent":[]},"answer":{"raw":{"text":"저는 지금까지 속해 있던 조직 단체 속에서 의견을 내고 결정을 하는 역할을 주로 맡아왔습니다. 친구들과의 모임 학교 팀플 크게는 아르바이트까지 음식점을 선택하고 크고 작은 문제를 해결할 상황이 올 때 저는 먼저 의견을 내고 방향성을 제시하는 역할을 하였습니다. 제 생각에 저는 다른 사람들의 의견을 수용하되 그것을 결정하고 올바른 방향성을 제시해 줄 수 있는 팀장의 역할이 더 잘 맞을 것이라고 생각합니다. 저는 저의 의견만을 어필하는 것이 아니라 저희 단체의 결정이 좋은 방향으로 조달할 수 있도록 열심히 도우는 역할도 자신이 있습니다.","wordCount":78},"emotion":[],"intent":[{"text":"","expression":"","category":"attitude"}],"summary":{"text":"저는 다른 사람들의 의견을 수용하되 올바른 방향성을 제시해 줄 수 있는 팀장의 역할이 더 잘 맞을 것이라고 생각합니다. 의견만 어필하는 것이 아니라 단체의 결정이 좋은 방향으로 조달할 수 있도록 열심히 도우는 역할도 자신이 있습니다.","wordCount":34}}},"rawDataInfo":{"question":{"fileFormat":"wav","fileSize":660558,"duration":20640,"samplingBit":16,"channelCount":1,"samplingRate":"16kHz","audioPath":"/Mock/01.Management/Female/New/ckmk_q_bm_f_n_178197.wav"},"answer":{"fileFormat":"wav","fileSize":1690958,"duration":52840,"samplingBit":16,"channelCount":1,"samplingRate":"16kHz","audioPath":"/Mock/01.Management/Female/New/ckmk_a_bm_f_n_178197.wav"}}}