{"version":"1.0","dataSet":{"info":{"date":"20230116","occupation":"BM","channel":"MOCK","place":"ONLINE","gender":"FEMALE","ageRange":"-34","experience":"NEW"},"question":{"raw":{"text":"수치적으로 현대인들은 하루에 평균 세 번 정도는 거짓말을 하고 산다고 합니다 지원자님께서 해보신 가장 기억에 남는 거짓말이 있으시다고 한다면 그것이 무엇이었는지 궁금합니다","wordCount":22},"emotion":[],"intent":[]},"answer":{"raw":{"text":"음 가장 기억에 남는 거짓말은 어 제가 엄마 엄마와 함께 음 작은 수공예 사업을 진행하였을 때 수익이 나지 않았는데 수익이 많이 났다고 거짓말 했던 것이 가장 기억에 남습니다. 음 당시 어 저에 어머니께서 음 갑작스러운 실직으로 많이 힘들어 하고 계셨는데요. 음 그것을 함께 이겨내 보고자 어머니의 재능을 살려서 음 머리 끈을 판매하는 그런 작은 사업을 했었습니다. 음 어 아무래도 그 사업의 목적이 돈을 버는 것이 전혀 아니었고 어머니가 행복하고 다시 기운을 차리시는 것에 있었기 때문에 음 수입적이긴 부분이 저에게는 정말 중요하지 않았어서 그렇게 거짓말을 하고도 음 제 마음은 굉장히 편했던 것으로 기억에 남습니다. 그리고 제가 그 거짓말을 했을 때 어머니께서 정말 행복해 하셨기 때문에 그 거짓말이 가장 기억에 남는 것 같습니다.","wordCount":111},"emotion":[],"intent":[{"text":"","expression":"","category":"attitude"}],"summary":{"text":"엄마 아빠와 함께 수공예 사업을 진행하였을 때 수익이 많이 났다고 거짓말을 한 것이 가장 기억에 남습니다. 사업의 목적이 돈을 버는 것이 아니라 어머니가 행복하고 다시 기운을 차리시는 것에 있었기 때문에 거짓말을 하고도 마음은 굉장히 편했던 것 같습니다.","wordCount":37}}},"rawDataInfo":{"question":{"fileFormat":"wav","fileSize":593358,"duration":18540,"samplingBit":16,"channelCount":1,"samplingRate":"16kHz","audioPath":"/Mock/01.Management/Female/New/ckmk_q_bm_f_n_184908.wav"},"answer":{"fileFormat":"wav","fileSize":2374478,"duration":74200,"samplingBit":16,"channelCount":1,"samplingRate":"16kHz","audioPath":"/Mock/01.Management/Female/New/ckmk_a_bm_f_n_184908.wav"}}}