{"version":"1.0","dataSet":{"info":{"date":"20230116","occupation":"BM","channel":"MOCK","place":"ONLINE","gender":"FEMALE","ageRange":"-34","experience":"NEW"},"question":{"raw":{"text":"지원자분이 시험 기간이 되었고 시간이 촉박한 상황이라고 가정해 봅시다 이와 같은 상황에서 어떤 방식으로 시간 관리를 하시는지 지원자 분만이 가지고 계신 시간 관리법이 궁금합니다","wordCount":24},"emotion":[],"intent":[]},"answer":{"raw":{"text":"어 시험 기간 시간이 촉박할 때 제가 시간 관리를 했던 방법이나 비법은 음 하나의 시험 공부가 하나의 게임이라고 생각을 하고 퀘스트를 만들고 그거를 갱신하는 방식으로 시간 관리를 했습니다. 아 다 그래서 제가 핸드폰이 보고 싶고 보고 싶거나 잠깐 나가서 바람을 쐬고 싶다든지 그런 여유 시간을 부리고 싶을 때 제가 목표한 만큼 그 목표치를 설정을 해 두고 거기까지 못하면 그 시간이 없어지거나 깎여 나가거나 내 보상이 줄어드는 방식이나 방식으로 약간 게임을 하듯이 진행을 했습니다. 그렇게 시간을 정해두고 했을 때 어 그 시간표를 잘 지키기 위해서는 또 공부를 집중해서 해야 하고 집중해서 했을 때 그 시간 관리가 또 잘 이루어지기 때문에 그런 재미 재미가 꼭 있는 것은 아니지만 재미있는 방식으로 하려고 시 노력했습니다.","wordCount":111},"emotion":[],"intent":[{"text":"어 시험 기간 시간이 촉박할 때 제가 시간 관리를 했던 방법이나   비법은 음 하나의 시험 공부가 하나의 게임이라고 생각을    하고 퀘스트를 만들고 그거를 갱신하는 방식으로 시간 관리를 했습니다.","expression":"m_sche","category":"technology"},{"text":"아 다 그래서 제가 핸드폰이 보고 싶고   보고 싶거나 잠깐 나가서 바람을 쐬고 싶다든지 그런 여유 시간을 부리고    싶을 때 제가 목표한 만큼 그 목표치를 설정을 해 두고 거기까지    못하면 그 시간이 없어지거나 깎여 나가거나 내 보상이   줄어드는 방식이나 방식으로 약간 게임을 하듯이 진행을 했습니다.","expression":"m_sche","category":"technology"},{"text":"그렇게   시간을 정해두고 했을 때 어 그 시간표를 잘 지키기 위해서는    또 공부를 집중해서 해야 하고 집중해서 했을 때 그 시간 관리가 또   잘 이루어지기 때문에 그런 재미 재미가 꼭    있는 것은 아니지만 재미있는 방식으로 하려고 시 노력했습니다.","expression":"m_sche","category":"technology"}],"summary":{"text":"시험 기간 시간이 촉박할 때 하나의 시험 공부가 하나의 게임이라고 생각하여 퀘스트를 만들고 그것을 갱신하는 방식으로 시간 관리를 했습니다. 시간표를 잘 지키기 위해서는 공부를 집중해서 해야 하고 집중해서 했을 때 시간 관리가 잘 이루어지기 때문입니다.","wordCount":35}}},"rawDataInfo":{"question":{"fileFormat":"wav","fileSize":581198,"duration":18160,"samplingBit":16,"channelCount":1,"samplingRate":"16kHz","audioPath":"/Mock/01.Management/Female/New/ckmk_q_bm_f_n_172613.wav"},"answer":{"fileFormat":"wav","fileSize":2365518,"duration":73920,"samplingBit":16,"channelCount":1,"samplingRate":"16kHz","audioPath":"/Mock/01.Management/Female/New/ckmk_a_bm_f_n_172613.wav"}}}