{"version":"1.0","dataSet":{"info":{"date":"20230116","occupation":"BM","channel":"MOCK","place":"ONLINE","gender":"FEMALE","ageRange":"35-44","experience":"NEW"},"question":{"raw":{"text":"지원자님의 단점이 있다면 어 말씀을 해 주시고 또 이를 보완하기 위해서 노력하는 점이 있다면 어 그 방법에 대해서도 말씀해 주시면 감사하겠습니다","wordCount":21},"emotion":[],"intent":[]},"answer":{"raw":{"text":"저는 성격이 조금 내성적인 편입니다. 때문에 남들 앞에 서는 서는 것이 쪼금 긴장이 되고 먼저 나서서 팀을 리드하는 편은 아닙니다. 그래서 저는 학교나 대외 활동 중에 팀장을 일부러 해보기도 하고 팀 과제를 할 때 발표 역할을 맡곤 했습니다. 여전히 저에게는 어려운 일이었고 실제로 발표를 망친 경험도 있습니다. 이후에 저는 항상 남들보다 두 배 세 배 더 준비하고 연습하면 된다는 것을 깨달았습니다. 이런 경험이 이어진다면 저 스스로도 더 성장할 것이고 내성적인 성격이 반대로 장점이 될 것이라고 생각합니다. 또 저는 성격이 급해지는 것이 저의 단점입니다. 주어진 일을 빨리 처리하고 일이 쌓여있는 것을 잘 보지 못합니다. 그러다 보니 가끔 한 두 가지를 빠뜨리고 일을 처리해 버리는 실수를 범하기도 했습니다. 최근에 인턴 생활을 하며 주변 선배들의 충고를 통해 모든 일에 있어서 계획을 먼저 세우고 마지막에는 항상 한 번 더 검토해야 함을 배웠습니다. 그리고 업무의 우선순위를 파악하고 차근차근 처리해 애아 한다는 법도 알게 되었습니다.","wordCount":139},"emotion":[{"text":"그래서 저는 학교나 대외 활동 중에 팀장을 일부러 해보기도 하고 팀 과제를 할 때 발표 역할을 맡곤 했습니다.","expression":"u-fact","category":"neutral"}],"intent":[{"text":"저는 성격이 조금 내성적인 편입니다.","expression":"c_person","category":"background"},{"text":"이런 경험이 이어진다면 저 스스로도 더 성장할 것이고 내성적인 성격이 반대로 장점이 될 것이라고   생각합니다.","expression":"c_person","category":"background"},{"text":"또 저는 성격이 급해지는 것이 저의 단점입니다.","expression":"c_person","category":"background"}],"summary":{"text":"저는 성격이 내성적인 편이라 남들 앞에 서는 것이 긴장되고 먼저 나서서 팀을 리드하는 편은 아닙니다. 하지만 최근 인턴 생활을 하며 주변 선배들을 통해 모든 일에 있어서 계획을 먼저 세우고 마지막에 항상 한 번 더 검토해야 함을 배웠습니다. 그리고 업무의 우선순위를 파악하고 차근차근 처리해야 한다는 법도 알게 되었습니다.","wordCount":47}}},"rawDataInfo":{"question":{"fileFormat":"wav","fileSize":492878,"duration":15400,"samplingBit":16,"channelCount":1,"samplingRate":"16kHz","audioPath":"/Mock/01.Management/Female/New/ckmk_q_bm_f_n_178846.wav"},"answer":{"fileFormat":"wav","fileSize":2752078,"duration":86000,"samplingBit":16,"channelCount":1,"samplingRate":"16kHz","audioPath":"/Mock/01.Management/Female/New/ckmk_a_bm_f_n_178846.wav"}}}