{"version":"1.0","dataSet":{"info":{"date":"20230116","occupation":"BM","channel":"MOCK","place":"ONLINE","gender":"FEMALE","ageRange":"-34","experience":"NEW"},"question":{"raw":{"text":"직무 지식과 역량 태도 이 세 가지 중에서 본인이 가장 중요하다고 생각하는 것과 그것을 중요하게 생각하는 이유를 말씀해 주세요","wordCount":19},"emotion":[],"intent":[]},"answer":{"raw":{"text":"직무 지식 역량 태도 이 세 가지 요소 중에 가장 중요하다고 생각하는 것 저는 태도라고 생각을 합니다. 사람의 태도가 그 사람의 인생을 바꾼다고 하잖아요. 그래서 저는 어떠한 능력 있는 사람보다도 그 사람이 어떠한 마음가짐으로 임하느냐를 가장 중요하게 생각하기 때문에 전 태도라고 생각을 하는데요. 물론 지식 같이 그 사람의 지식적인 가치도 물론 중요 하지만요. 어떠한 지식이 있어도 어떠한 능력 가치가 있어도 그 사람이 어떤 마음가짐을 하냐에 따라서 발현되는 게 다르다고 생각을 하기 때문에 저는 태도가 가장 중요하다고 생각이 들고 저 또한 이 세 가지 중에 태도가 가장 저에겐 강점이 아닐까 생각을 해서 태도가 가장 중요하다 라고 생각이 듭니다. 그리고 또한 저는 점 직무지식과 역량을 갖춘 상태에서 태도를 저는 꼭 보여드리고 싶습니다.","wordCount":110},"emotion":[],"intent":[{"text":"어떠한 지식이 있어도 어떠한 능력 가치가 있어도   그 사람이 어떤 마음가짐을 하냐에 따라서 발현되는 게 다르다고 생각을 하기 때문에   저는 태도가 가장 중요하다고 생각이 들고 저 또한 이 세 가지 중에 태도가 가장   저에겐 강점이 아닐까 생각을 해서 태도가 가장 중요하다 라고 생각이 듭니다.","expression":"c_value","category":"background"}],"summary":{"text":"사람의 태도가 사람의 인생을 바꾼다고 하잖아요. 저는 어떤 능력있는 사람보다도 그 사람이 어떠한 마음가짐으로 임하느냐를 가장 중요하게 생각하기 때문에 태도라고 생각합니다. 그리고 저는 직무지식과 역량을 갖춘 상태에서 태도를 꼭 보여주고 싶습니다.","wordCount":31}}},"rawDataInfo":{"question":{"fileFormat":"wav","fileSize":367438,"duration":11480,"samplingBit":16,"channelCount":1,"samplingRate":"16kHz","audioPath":"/Mock/01.Management/Female/New/ckmk_q_bm_f_n_176402.wav"},"answer":{"fileFormat":"wav","fileSize":2195918,"duration":68620,"samplingBit":16,"channelCount":1,"samplingRate":"16kHz","audioPath":"/Mock/01.Management/Female/New/ckmk_a_bm_f_n_176402.wav"}}}