{"version":"1.0","dataSet":{"info":{"date":"20230116","occupation":"BM","channel":"MOCK","place":"ONLINE","gender":"FEMALE","ageRange":"-34","experience":"NEW"},"question":{"raw":{"text":"지원자님의 전공과 관련해서 최근 부족하다고 느끼고 따로 본인만의 공부를 하고 있는 분야가 있으십니까","wordCount":13},"emotion":[],"intent":[]},"answer":{"raw":{"text":"제 전공과 관련해서 최근 부족하다고 느끼고 따로 공부를 하고 있는 분야는 음 저는 사회복지학과를 나왔습니다. 그래서 이 사회복지와 관련해서 부족하다고 느끼는 부분은 정책이나 아니면 음 그 정보 수집과 관련해서 이것은 계속해서 공부를 해나가야 할 부분이고 어 리뉴얼 아 최신으로 리 리뉴얼 된 정보에 대해서도 관심을 가지고 지켜보아야 되는 부분이라 따로 공부를 하고 있습니다. 음 사회복지 조사론 같은 경우에는 어떤 업무를 하더라도 이 조사에 관련된 부분은 중요한 중요하고 또 필요한 부분이기 때문에 지속해서 공부를 해 나가고 음 하다 보면 제 직무에도 꼭 필요한 그런 지식이 될 것이라고 저는 확신을 하기 때문에 공부를 하고 있었습니다.","wordCount":93},"emotion":[{"text":"제 전공과 관련해서 최근 부족하다고 느끼고 따로 공부를 하고 있는 분야는   음 저는 사회복지학과를 나왔습니다.","expression":"u-fact","category":"neutral"}],"intent":[{"text":"제 전공과 관련해서 최근 부족하다고 느끼고 따로 공부를 하고 있는 분야는   음 저는 사회복지학과를 나왔습니다.","expression":"c_imp","category":"personality"},{"text":"그래서 이 사회복지와 관련해서 부족하다고 느끼는 부분은 정책이나 아니면   음 그 정보 수집과 관련해서 이것은 계속해서 공부를 해나가야 할 부분이고 어 리뉴얼 아   최신으로 리 리뉴얼 된 정보에 대해서도 관심을 가지고 지켜보아야 되는 부분이라 따로 공부를 하고 있습니다.","expression":"c_imp","category":"personality"}],"summary":{"text":"저는 사회복지학과를 나왔지만, 사회복지와 관련해서는 정책이나 정보 수집 관련 공부와 리뉴얼된 정보에 대한 공부가 부족하다고 느껴 따로 공부를 하고 있습니다. 사회복지 조사론 같은 경우에는 직무에 꼭 필요한 지식이 될 것이라고 확신하기 때문에 공부하고 있었습니다.","wordCount":34}}},"rawDataInfo":{"question":{"fileFormat":"wav","fileSize":547598,"duration":17110,"samplingBit":16,"channelCount":1,"samplingRate":"16kHz","audioPath":"/Mock/01.Management/Female/New/ckmk_q_bm_f_n_170087.wav"},"answer":{"fileFormat":"wav","fileSize":2067278,"duration":64599,"samplingBit":16,"channelCount":1,"samplingRate":"16kHz","audioPath":"/Mock/01.Management/Female/New/ckmk_a_bm_f_n_170087.wav"}}}