{"version":"1.0","dataSet":{"info":{"date":"20230116","occupation":"BM","channel":"MOCK","place":"ONLINE","gender":"FEMALE","ageRange":"-34","experience":"NEW"},"question":{"raw":{"text":"어 오늘 면접 준비하느라고 고생 많이 하셨습니다 어 이 면접을 어떤 방식으로 준비를 하셨는지 혹시 저희에게 말씀을 해주실 수 있으신가요","wordCount":20},"emotion":[],"intent":[]},"answer":{"raw":{"text":"저는 면접 스터디를 많이 하였습니다. 왜냐하면 제가 혼자 만약에 면접 준비를 하면 어떠한 상황인지 이런 것들을 아마 상황을 어 염려해 보고 또는 가상 테스트를 하는 것에 한계가 있었을 것입니다. 그래서 저는 다양한 사람들과 면접 테스트 또는 모의 면접을 통하여 많은 면접을 준비하였습니다. 면접에서 나올 만한 질문들을 미리 준비하고 서로 질문해 주면서 모의 테스트를 하여 긴장도를 낮추었고 또한 다양한 상황에서 제가 여러 답변을 알맞게 할 수 있는 상황 대처 방안을 늘리도록 노력하였습니다. 그래서 저는 많은 상황에 대해서 많은 답변을 통해 제가 어떻게 생각하고 있는지 또한 어떠한 점이 부족한지 어떠한 점을 보완해야 하는지 많이 연구할 수 있었고 그에 따라 많은 면접 준비를 할 수 있었습니다. 그리고 다른 사람들의 의견을 들어보는 것도 중요하기 때문에 그 사람들의 피드백을 듣고 저의 면접 말투나 태도 행동 등을 고치고 수정하여 더 나은 면접을 준비할 수 있도록 많은 도움이 되었습니다.","wordCount":132},"emotion":[],"intent":[{"text":"","expression":"","category":"attitude"}],"summary":{"text":"저는 면접에서 나올 질문들을 미리 준비하고 서로 질문해 주면서 모의 면접을 하여 긴장도를 낮추었고 다양한 상황에서 제가 여러 답변을 알맞게 할 수 있는 상황 대처 방안을 늘리도록 노력하였습니다. 그리고 다른 사람들의 의견을 들어보는 것도 중요하기 때문에 피드백을 듣고 더 나은 면접을 준비할 수 있도록 많은 도움이 되었습니다.","wordCount":47}}},"rawDataInfo":{"question":{"fileFormat":"wav","fileSize":409678,"duration":12800,"samplingBit":16,"channelCount":1,"samplingRate":"16kHz","audioPath":"/Mock/01.Management/Female/New/ckmk_q_bm_f_n_182837.wav"},"answer":{"fileFormat":"wav","fileSize":2627278,"duration":82100,"samplingBit":16,"channelCount":1,"samplingRate":"16kHz","audioPath":"/Mock/01.Management/Female/New/ckmk_a_bm_f_n_182837.wav"}}}