{"version":"1.0","dataSet":{"info":{"date":"20230116","occupation":"BM","channel":"MOCK","place":"ONLINE","gender":"FEMALE","ageRange":"35-44","experience":"NEW"},"question":{"raw":{"text":"만약에 지원자님이 하고 싶은 직무 말고 다른 직무를 맡게 되신다면 어떻게 반응하시겠습니까 그래도 괜찮으신지도 궁금합니다","wordCount":15},"emotion":[],"intent":[]},"answer":{"raw":{"text":"저는 모든 일을 통해 배울 수 있는 바가 분명히 있다고 생각합니다. 당장 제가 맡은 업무를 하게 되지 못한다고 하더라도 그 일을 통해 배울 수 있는 여러 가지 것들을 통해서 나중에 제가 진짜 하고 싶은 업무를 맡았을 때 도움이 될 거라는 확신을 갖고 있습니다.","wordCount":43},"emotion":[],"intent":[{"text":"","expression":"","category":"attitude"}],"summary":{"text":"저는 모든 일을 통해 배울 수 있는 바가 있고, 그것을 통해 나중에 제가 하고 싶은 업무를 맡았을 때 도움이 될 거라는 확신을 갖고 있습니다.","wordCount":24}}},"rawDataInfo":{"question":{"fileFormat":"wav","fileSize":384078,"duration":12000,"samplingBit":16,"channelCount":1,"samplingRate":"16kHz","audioPath":"/Mock/01.Management/Female/New/ckmk_q_bm_f_n_180133.wav"},"answer":{"fileFormat":"wav","fileSize":739918,"duration":23120,"samplingBit":16,"channelCount":1,"samplingRate":"16kHz","audioPath":"/Mock/01.Management/Female/New/ckmk_a_bm_f_n_180133.wav"}}}