{"version":"1.0","dataSet":{"info":{"date":"20230116","occupation":"BM","channel":"MOCK","place":"ONLINE","gender":"FEMALE","ageRange":"-34","experience":"NEW"},"question":{"raw":{"text":"평소에 개인 작업을 많이 하시는 편인가요 그렇다면 그렇게 할 수 있는 원동력이 무엇이라고 생각하시는지 궁금합니다","wordCount":15},"emotion":[],"intent":[]},"answer":{"raw":{"text":"저는 평소에 퇴근 이후에도 어 운동과 어 제가 원하는 취미생활을 하는 편입니다. 제가 이렇게 하루를 꽉 채워서 살 수 있는 원동력은 체력이라고 생각을 하는데요. 저는 한 두 달 전부터 운동을 시작했습니다. 제가 너무 퇴근 이후에 시간 많은 시간을 허비하고 있다는 생각이 들어서 시작을 하게 되었는데요. 음 크로스핏이라는 운동을 하게 되면서부터 음 제가 하는 활동에 더 생기를 가지고 임할 수 있게 되었고 어떤 똑같은 시간이 주어져도 더 저를 위해서 제가 좋아하는 활동으로 그 시간을 채워갈 수 있게 되었습니다. 체력 체력이라는 것은 많으면 많을수록 저의 인내심과 그리고 제 삶을 더 풍요롭게 해주는 것 같습니다.","wordCount":92},"emotion":[],"intent":[{"text":"","expression":"","category":"attitude"}],"summary":{"text":"저는 퇴근 이후에도 운동과 취미 생활을 하는 편인데, 이렇게 하루를 가득 채워서 살 수 있는 원동력은 체력이라고 생각하며, 체력은 많으면 많을수록 저의 인내심과 삶을 더 풍요롭게 해주는 것 같습니다.","wordCount":29}}},"rawDataInfo":{"question":{"fileFormat":"wav","fileSize":450638,"duration":14080,"samplingBit":16,"channelCount":1,"samplingRate":"16kHz","audioPath":"/Mock/01.Management/Female/New/ckmk_q_bm_f_n_174906.wav"},"answer":{"fileFormat":"wav","fileSize":1997518,"duration":62420,"samplingBit":16,"channelCount":1,"samplingRate":"16kHz","audioPath":"/Mock/01.Management/Female/New/ckmk_a_bm_f_n_174906.wav"}}}