{"version":"1.0","dataSet":{"info":{"date":"20230116","occupation":"BM","channel":"MOCK","place":"ONLINE","gender":"FEMALE","ageRange":"-34","experience":"NEW"},"question":{"raw":{"text":"지원자께서는 평소에 개인 작업을 많이 하시는 편인가요 만일 그렇다면 그렇게 할 수 있는 원동력은 무엇이라고 생각하는지 말씀해 주시기 바랍니다","wordCount":19},"emotion":[],"intent":[]},"answer":{"raw":{"text":"어 다양한 잡음의 흐름을 많이 만들어 놓려고 하는 편입니다. 왜냐하면 저는 음 음 뭐가 크게 벽 예상치 못하게 변하는 일들이 정말 싫어하는데 그거를 해결하기 위해서는 음 다양한 일을 하고 하나가 그 중에 하나가 어떤 문제가 생겨서 망가지더라도 일상을 팔십 프로 이상은 유지할 수 있도록 만들어 놓는 게 좋다고 생각을 해서 개인 작업을 많이 하는 편입니다.","wordCount":55},"emotion":[],"intent":[{"text":"","expression":"","category":"attitude"}],"summary":{"text":"예상치 못하게 변하는 일을 해결하기 위해 다양한 잡음의 흐름을 많이 만들어 놓으려고 합니다. 다양한 일을 하고 일상을 80프로 이상은 유지할 수 있도록 만들어 놓으려 합니다.","wordCount":25}}},"rawDataInfo":{"question":{"fileFormat":"wav","fileSize":435278,"duration":13600,"samplingBit":16,"channelCount":1,"samplingRate":"16kHz","audioPath":"/Mock/01.Management/Female/New/ckmk_q_bm_f_n_171993.wav"},"answer":{"fileFormat":"wav","fileSize":1317198,"duration":41160,"samplingBit":16,"channelCount":1,"samplingRate":"16kHz","audioPath":"/Mock/01.Management/Female/New/ckmk_a_bm_f_n_171993.wav"}}}