{"version":"1.0","dataSet":{"info":{"date":"20230116","occupation":"BM","channel":"MOCK","place":"ONLINE","gender":"FEMALE","ageRange":"-34","experience":"NEW"},"question":{"raw":{"text":"문서 작업 시 실수 혹은 오탈자 등을 방지하기 위한 자신만의 비결을 설명해 주시겠습니까","wordCount":13},"emotion":[],"intent":[]},"answer":{"raw":{"text":"사실 타자 연습도 사실 정말 많이 하고 이 경우에는 집중을 해서 제가 치는 내용과 이미 쳐진 내용을 여러 번 확인하는 게 가장 기본적인 방법이라고 생각합니다. 그리고 실수 같은 경우에는 칠 때를 제외하고는 정말 말로 복기를 하면서 이 상황에서 이렇게 이 상황에서 이렇게 머릿속으로 정리를 하고 실행을 하는 편입니다. 사실 우리가 일상에서 뭔가 작업을 할 때 생각을 하고 나서 행동에 옮기는 게 좀 어려운 일이라고 저는 생각하는데 이 지점에 있어서는 정말 실수하고 싶지 않기 때문에 그 부분을 예전부터 노력해 왔던 것 같습니다.","wordCount":81},"emotion":[],"intent":[{"text":"","expression":"","category":"attitude"}],"summary":{"text":"일상에서 작업을 할 때 생각을 행동으로 옮기는 게 어려운 일이라고 생각하는데 이 부분에 있어서는 실수하고 싶지 않기 때문에 예전부터 노력해 왔습니다.","wordCount":21}}},"rawDataInfo":{"question":{"fileFormat":"wav","fileSize":327758,"duration":10240,"samplingBit":16,"channelCount":1,"samplingRate":"16kHz","audioPath":"/Mock/01.Management/Female/New/ckmk_q_bm_f_n_171852.wav"},"answer":{"fileFormat":"wav","fileSize":1860558,"duration":58140,"samplingBit":16,"channelCount":1,"samplingRate":"16kHz","audioPath":"/Mock/01.Management/Female/New/ckmk_a_bm_f_n_171852.wav"}}}