{"version":"1.0","dataSet":{"info":{"date":"20230116","occupation":"BM","channel":"MOCK","place":"ONLINE","gender":"FEMALE","ageRange":"35-44","experience":"NEW"},"question":{"raw":{"text":"지원자님이 저희 회사에 들어오시면 기존과는 업무 스타일이 달라질 수도 있습니다 만약 기존과 다른 업무 스타일이 있을 때 지원자님은 잘 적응하실 수 있으실까요","wordCount":22},"emotion":[],"intent":[]},"answer":{"raw":{"text":"그 어떤 곳에 가더라도 기존의 업무와 현재의 업무가 같을 수는 없다 라고 생각하고 있습니다. 그렇기 때문에 저 같은 경우에는 새로운 회사에 들어가게 되면 어떤 업무를 내가 적응해야 되는지에 대해서 먼저 많이 살펴보곤 하는데요. 첫 번째로 중요한 것은 회사 업무에서 그 회사만이 사용하는 업무 툴을 빠르게 익히는 게 업무를 빠르게 적응하는 데 가장 많이 도움이 되는 것 같습니다. 또한 같이 함께 근무할 동료들의 스타일들을 파악하면서 내가 어떻게 하면 이 사람들과 업무 협업을 잘 이뤄낼 수 있을지 그 조직 융합성에 대해서 많이 고민하고 또한 동료들과 잘 어울리기 위해서 노력하도록 하겠습니다.","wordCount":88},"emotion":[],"intent":[{"text":"","expression":"","category":"attitude"}],"summary":{"text":"새로운 회사에 들어가게 되면 기존의 업무와 현재의 업무가 같을 수는 없기 때문에 회사 업무에서 그 회사만이 사용하는 업무 툴을 빠르게 익히는 게 업무를 빠르게 적응하는 데 가장 많이 도움이 됩니다.","wordCount":30}}},"rawDataInfo":{"question":{"fileFormat":"wav","fileSize":625998,"duration":19560,"samplingBit":16,"channelCount":1,"samplingRate":"16kHz","audioPath":"/Mock/01.Management/Female/New/ckmk_q_bm_f_n_184563.wav"},"answer":{"fileFormat":"wav","fileSize":2145358,"duration":67040,"samplingBit":16,"channelCount":1,"samplingRate":"16kHz","audioPath":"/Mock/01.Management/Female/New/ckmk_a_bm_f_n_184563.wav"}}}