{"version":"1.0","dataSet":{"info":{"date":"20230116","occupation":"BM","channel":"MOCK","place":"ONLINE","gender":"FEMALE","ageRange":"-34","experience":"NEW"},"question":{"raw":{"text":"어 입사 준비를 하면서 다양한 책을 읽었을 텐데요 혹시 지금 읽고 계신 책이 있다면 어떤 책인지 너무 궁금한데요 왜 그 책을 읽는지도 함께 말씀해 주시기 바랍니다","wordCount":26},"emotion":[],"intent":[]},"answer":{"raw":{"text":"네 저는 최근에 홍정욱의 칠 막 칠 장을 다시 읽었는데요. 그 책을 읽으면서 제가 예전에 고등학교 때 읽으면서 아 나도 꿈을 갖고 살았던 시기가 있었습니다. 그때 굉장히 열정 있게 사는 모습이 너무 멋있게 보였고 저도 아 내 꿈을 향해서 열심히 달려가야겠다. 라는 생각을 칠 막 칠 장을 보면서 느꼈습니다. 그 책을 지금 다시 읽어보니까 제가 최근에 열정이 조금 사라지고 제가 의욕이 좀 떨어진 상태였는데 그 책을 읽으면서 아 나도 중고등학교 때 이렇게 꿈을 꾸고 살았구나 라는 생각이 들면서 열정이 다시 올라오기도 했고 그리고 나도 다시 꿈을 갖고 열심히 살아봐야겠다 라는 생각이 많이 들었습니다. 그래서 그 책을 읽다 보면 항상 목표를 갖고 최선을 다해서 열심히 살아야겠다 라는 생각을 많이 들어서 제가 이번에 회사에 입사해서도 목표를 갖고 끝까지 열심히 일하겠습니다.","wordCount":118},"emotion":[],"intent":[{"text":"","expression":"","category":"attitude"}],"summary":{"text":"홍정욱의 칠 막 칠 장을 다시 읽으면서 나도 꿈을 갖고 살았던 시기가 있었다 라는 생각을 했습니다. 그 책을 읽다 보면 항상 목표를 갖고 최선을 다해서 열심히 살겠다는 생각이 많이 들어서 제가 회사에 입사해서도 목표를 갖고 끝까지 열심히 일하겠습니다. 라는 생각이 들었습니다.","wordCount":41}}},"rawDataInfo":{"question":{"fileFormat":"wav","fileSize":557198,"duration":17410,"samplingBit":16,"channelCount":1,"samplingRate":"16kHz","audioPath":"/Mock/01.Management/Female/New/ckmk_q_bm_f_n_176393.wav"},"answer":{"fileFormat":"wav","fileSize":2218638,"duration":69330,"samplingBit":16,"channelCount":1,"samplingRate":"16kHz","audioPath":"/Mock/01.Management/Female/New/ckmk_a_bm_f_n_176393.wav"}}}