{"version":"1.0","dataSet":{"info":{"date":"20230116","occupation":"BM","channel":"MOCK","place":"ONLINE","gender":"FEMALE","ageRange":"45-54","experience":"NEW"},"question":{"raw":{"text":"어떤 문제에 부딪쳤을 때 지원자님은 혼자 해결하는 편이신가요 아니면 주변의 여러 사람들에게 이야기를 하면서 해결하는 편이신지 말씀 부탁드립니다","wordCount":18},"emotion":[],"intent":[]},"answer":{"raw":{"text":"어 문제에 부딪치는 거와는 다르게 이제 뭐 스트레스 받거나 어떤 제 개인적인 문제에 대해서는 어 제가 믿을 수 있는 사람한테 얘기를 하면서 풀기는 하는데요. 어 혼자 아니면 여러 사람한테 이야기를 하는 편이냐 라는 걸 어 딱히 정할 수는 없을 것 같고 어떤 사안에 문제냐에 따라서 좀 다른 것 같습니다. 이게 혼자만 해결할 수 있는 사안이 있는 거고 또 나 혼자만 그 해결할 수 없는 그런 여러 사람들한테 도움을 조언을 구해야 되는 그런 사안이 있을 거기 때문에 저는 뭐 딱히 그 사안에 따라서 다르지 혼자만 해결한다거나 또 뭐 여러 사람들한테 늘 얘기를 한다거나 이렇다고 말씀드릴 수는 없을 것 같습니다.","wordCount":98},"emotion":[],"intent":[{"text":"","expression":"","category":"attitude"}],"summary":{"text":"혼자 또는 여러 사람한테 이야기를 하는 편이냐 라는 걸 정할 수는 없고 어떤 사안에 문제냐에 따라서 좀 다른 것 같습니다. 혼자 해결할 수 있는 사안이 있는 것이고 또 여러 사람들한테 도움을 구해야 되는 사안이 있기 때문입니다.","wordCount":36}}},"rawDataInfo":{"question":{"fileFormat":"wav","fileSize":590798,"duration":18460,"samplingBit":16,"channelCount":1,"samplingRate":"16kHz","audioPath":"/Mock/01.Management/Female/New/ckmk_q_bm_f_n_175018.wav"},"answer":{"fileFormat":"wav","fileSize":1799118,"duration":56220,"samplingBit":16,"channelCount":1,"samplingRate":"16kHz","audioPath":"/Mock/01.Management/Female/New/ckmk_a_bm_f_n_175018.wav"}}}