{"version":"1.0","dataSet":{"info":{"date":"20230116","occupation":"BM","channel":"MOCK","place":"ONLINE","gender":"FEMALE","ageRange":"-34","experience":"NEW"},"question":{"raw":{"text":"아 과거에 직면했던 어려운 문제를 해결해 보신 경험이 있는지요 그러한 해결 과정에서 어떤 아이디어를 제안하셨고 또 무엇을 하셨는지 그 과정에 대해서 설명해 주시면 좋겠습니다","wordCount":24},"emotion":[],"intent":[]},"answer":{"raw":{"text":"어 고 삼 때 수능에 실패해서 재수를 하려고 마음을 먹었을 때 다양한 계획들을 세웠습니다. 어 각 과목별로 어떤 방법으로 공부하면 좋을지부터 더 근본적으로는 제가 학원에 갈지 기숙 학원에 갈지 뭐 그런 것들을 고민 했는데 그 과정에서 부모님과 충돌도 있었고 그대로 실행하는 과정에서 동의를 얻지 못하고 믿음을 사지 못한 경우도 있었는데 결국은 제가 결과로 납득을 시켰고 부모님도 그 결과를 보고 제 과정까지 믿음을 가졌다고 말씀하시는 걸 보고 음 조금 불합리할 수 있어도 결과가 중요한 게 맞구나 라는 생각을 그런 교훈을 얻었던 것 같습니다.","wordCount":82},"emotion":[],"intent":[{"text":"","expression":"","category":"attitude"}],"summary":{"text":"수능 실패 후 재수를 하려고 마음을 먹었을 때 다양한 계획을 세웠습니다. 학원과 기숙 학원 선택에 대한 고민 과정에서 부모님과 충돌하고 믿음을 사지 못한 경우도 있었지만 결과가 중요하다는 교훈을 얻었습니다.","wordCount":29}}},"rawDataInfo":{"question":{"fileFormat":"wav","fileSize":518478,"duration":16200,"samplingBit":16,"channelCount":1,"samplingRate":"16kHz","audioPath":"/Mock/01.Management/Female/New/ckmk_q_bm_f_n_171844.wav"},"answer":{"fileFormat":"wav","fileSize":2243918,"duration":70120,"samplingBit":16,"channelCount":1,"samplingRate":"16kHz","audioPath":"/Mock/01.Management/Female/New/ckmk_a_bm_f_n_171844.wav"}}}