{"version":"1.0","dataSet":{"info":{"date":"20230116","occupation":"BM","channel":"MOCK","place":"ONLINE","gender":"FEMALE","ageRange":"-34","experience":"NEW"},"question":{"raw":{"text":"어 일을 시작할 때 가장 기본은 먼저 자료를 수집하고 정리하는 것이라고 생각합니다 귀하는 자료를 수집하고 정리하는 본인만의 습관이나 노하우 방법이 있다면 그것에 대해서 설명해 주세요","wordCount":25},"emotion":[],"intent":[]},"answer":{"raw":{"text":"자료 수집에 있어서는 검색이 가장 중요합니다. 그냥 인터넷 검색이 아니라 저는 키스나 리스 같은 논문 검색 사이트를 주로 이용하는 편입니다. 자료를 수집할 때에 있어서 기 그냥 인터넷에 나와있는 자료들만 보기보다는 논문 검색 혹은 감 삼성 경제연구소 엘지 경제연구소 현대 경제연구소 등 경제연구소에 자료를 활용한다면 그거는 일단 전문가들이 한 번 정제되어 만들어 놓은 자료입니다. 그러한 자료는 신빙성이 높을 뿐더러 잘 정리가 되어 있고 통계적으로도 잘 되어 있습니다. 따라서 저는 자료를 수집할 때에는 전문기관의 자료를 주로 보는 편입니다. 또한 자료를 정리함에 있어서는 폴더를 만드는 편입니다. 폴더를 상위 폴더를 만들고 그 하위 폴더를 만들면 그 안에 뭐가 들어있는지 한 눈에 파악하기 쉽습니다. 그러나 하위 폴더를 너무 많이 만들면 하위 폴더 안에 뭐가 들어있는지 잘 알 수 없기 때문에 하위 폴더는 최대 한 두 개까지만 만듭니다. 너무 꾸겨 꾸겨 들어가 있는 정보 자료는 결국에는 어디에 있는지 까먹게 되어 설 찾을 수 없기 때문입니다.","wordCount":139},"emotion":[],"intent":[{"text":"","expression":"","category":"attitude"}],"summary":{"text":"자료 수집에 있어서 검색이 가장 중요합니다. 인터넷 검색이 아니라 논문 검색 사이트를 주로 이용하는 편인데, 거기서 자료를 활용한다면 그건 전문가들이 정제해 놓은 자료입니다. 그런 자료는 신빙성이 높을 뿐더러 정리도 잘 되어 있습니다. 자료를 수집할 때에는 전문기관의 자료를 주로 보는 편입니다.","wordCount":40}}},"rawDataInfo":{"question":{"fileFormat":"wav","fileSize":628558,"duration":19640,"samplingBit":16,"channelCount":1,"samplingRate":"16kHz","audioPath":"/Mock/01.Management/Female/New/ckmk_q_bm_f_n_181174.wav"},"answer":{"fileFormat":"wav","fileSize":2630478,"duration":82200,"samplingBit":16,"channelCount":1,"samplingRate":"16kHz","audioPath":"/Mock/01.Management/Female/New/ckmk_a_bm_f_n_181174.wav"}}}