{"version":"1.0","dataSet":{"info":{"date":"20230116","occupation":"BM","channel":"MOCK","place":"ONLINE","gender":"FEMALE","ageRange":"-34","experience":"NEW"},"question":{"raw":{"text":"본인이 생각할 때 본인은 커뮤니케이션을 잘 하는 편이신가요 커뮤니케이션을 잘 할 수 있는 본인만의 스킬이 있다면 직접 한번 보여주시기 바랍니다","wordCount":20},"emotion":[],"intent":[]},"answer":{"raw":{"text":"커뮤니케이션을 잘 할 수 있는 저만의 스킬은 음 상대방을 관찰하는 것이라고 생각합니다. 제가 말하는 관찰은 어 상대방을 부담스럽게 쳐다보고 어 그렇게 하는 것이 아니라 음 상대방이 하는 행동과 상대방이 좋아하는 것들을 잘 기억하고 관찰을 했다가 상대방과 커뮤니케이션을 해야 하는 상황에서 이를 적극 활용하는 것을 의미합니다. 음 이러한 저의 커뮤니케이션 방식은 어 처음부터 어떠한 사람과 음 친해지고 또 커뮤니케이션을 하는데 도움을 준다기보다는 계속해서 관계를 맺어 나아가면서 또 커뮤니케이션을 계속하면서 음 많은 도움이 되고 저와 커뮤니케이션 하는 시간을 편안하고 또 즐겁게 만들어 준다고 생각합니다.","wordCount":82},"emotion":[],"intent":[{"text":"","expression":"","category":"attitude"}],"summary":{"text":"상대방이 하는 행동과 좋아하는 것들을 잘 기억하고 관찰했다가 상대방과 커뮤니케이션을 해야 하는 상황에서 이를 적극 활용하는 것이 저는 상대방을 관찰하는 것이라고 생각합니다.","wordCount":22}}},"rawDataInfo":{"question":{"fileFormat":"wav","fileSize":492878,"duration":15400,"samplingBit":16,"channelCount":1,"samplingRate":"16kHz","audioPath":"/Mock/01.Management/Female/New/ckmk_q_bm_f_n_184904.wav"},"answer":{"fileFormat":"wav","fileSize":2021198,"duration":63160,"samplingBit":16,"channelCount":1,"samplingRate":"16kHz","audioPath":"/Mock/01.Management/Female/New/ckmk_a_bm_f_n_184904.wav"}}}