{"version":"1.0","dataSet":{"info":{"date":"20230116","occupation":"BM","channel":"MOCK","place":"ONLINE","gender":"FEMALE","ageRange":"-34","experience":"NEW"},"question":{"raw":{"text":"업무를 하다 보면 상사와 트러블이 생길 수 있는데 어떻게 하실 것인가요 또 상사가 혼내면 기분이 나쁠 텐데 어떻게 하실 것인가요","wordCount":20},"emotion":[],"intent":[]},"answer":{"raw":{"text":"일을 하다보면 업무적으로 당연히 어떤 트러블이라기 보다는 의견 차이가 있을 수 있다고 생각을 합니다. 하지만 저는 그거를 이제 바라볼 때 트러블이라고 보지는 않고요. 그냥 일반적으로 느끼는 그냥 의견 차이 뭐 이 정도로 인식을 하고 있습니다. 그리고 각자 생각이 다 다르고 또 추구하는 방향성이 다르기 때문에 저는 충분히 이런 문제들은 여러 가지로 발생할 수 있다고 생각을 합니다. 다만 문제는 그것들을 어떻게 해결하고 또 원만하게 가져갈 것인가 그게 더 중요하다는 생각이 드는데요. 만약에 문제 해결을 제대로 하지 못할 경우에 더 큰 문제가 발생할 수 있고 또 업무에도 계속해서 그래서 차질이 빚어질 수 있기 때문에 그 문제를 오히려 지혜롭게 잘 해결해 내는 게 중요 하다고 생각을 합니다. 그리고 사실 뭐 상사가 여러 가지 의견들이나 아니면 지시를 할 수 있다고 생각을 하는데요. 어 다만 쪼끔 힘든 점이라고 한다면 감정적으로 쪼금 대하실 때는 힘든 점이 있긴 있었습니다. 왜냐하면 어떤 업무적인 부분에 있어서 지시를 하는 거가 다르게 또 감정적으로 대하실 때는 상대방이 이제 기분이 나쁠 수 있기 때문에 또 이런 점들도 또 소통을 통해서 잘 해결을 하고 원만하게 협의하는 게 중요할 것 같다 라는 생각이 들었습니다.","wordCount":170},"emotion":[],"intent":[{"text":"왜냐하면 어떤 업무적인   부분에 있어서 지시를 하는 거가 다르게 또 감정적으로 대하실 때는 상대방이 이제 기분이 나쁠 수   있기 때문에 또 이런 점들도 또 소통을 통해서 잘 해결을 하고 원만하게   협의하는 게 중요할 것 같다 라는 생각이 들었습니다.","expression":"c_confl_mg","category":"personality"}],"summary":{"text":"업무적 트러블이라기 보다는 개인적인 의견차이 정도로 인식할 수 있습니다. 상사가 여러 가지 의견들이나 지시를 할 수 있다고 생각하며 감정적으로 대할 때는 힘든 점이 있지만 소통을 통해서 잘 해결하고 원만하게 협의하는 게 중요할 것 같습니다.","wordCount":34}}},"rawDataInfo":{"question":{"fileFormat":"wav","fileSize":445838,"duration":13930,"samplingBit":16,"channelCount":1,"samplingRate":"16kHz","audioPath":"/Mock/01.Management/Female/New/ckmk_q_bm_f_n_174135.wav"},"answer":{"fileFormat":"wav","fileSize":2748878,"duration":85900,"samplingBit":16,"channelCount":1,"samplingRate":"16kHz","audioPath":"/Mock/01.Management/Female/New/ckmk_a_bm_f_n_174135.wav"}}}