{"version":"1.0","dataSet":{"info":{"date":"20230116","occupation":"BM","channel":"MOCK","place":"ONLINE","gender":"FEMALE","ageRange":"35-44","experience":"NEW"},"question":{"raw":{"text":"공기업 민영화에 대한 의견을 말씀해 주세요","wordCount":6},"emotion":[],"intent":[]},"answer":{"raw":{"text":"저는 공기업 민영화에 찬성합니다. 그 이유로는 첫째 자원 낭비의 부작용과 문제점이 해결됩니다. 대부분의 공공 서비스 가격은 국민 생활의 안정을 위하여 원가보다 싸게 책정되는 경우가 많습니다. 이윤을 남기는 것이 아니기 때문에 시간이 지날수록 부채는 증가할 수 밖에 없습니다. 둘째 좋은 질을 제한한 서비스 제공이 가능합니다. 시장 경쟁 체제의 모든 것을 맡김으로써 자유로운 경쟁에 의한 서비스와 질적 향상을 이끌어 낼 수 있으며 경영의 효율화가 가능합니다. 셋째 경쟁력이 강화됩니다. 민간 기업은 기술을 혁신하고 새로운 기술을 도입할 것이며 개발하고 새로운 원가 절감 방법을 통해 경쟁력을 강화할 것입니다. 그래서 저는 공기업 민영화를 찬성합니다.","wordCount":88},"emotion":[],"intent":[{"text":"저는 공기업 민영화에 찬성합니다.","expression":"c_value","category":"background"},{"text":"그래서 저는 공기업 민영화를 찬성합니다.","expression":"c_value","category":"background"}],"summary":{"text":"공기업 민영화를 찬성합니다. 그 이유로는 자원 낭비의 부작용과 문제점 해결, 좋은 질을 제한한 서비스 제공, 경쟁력 강화가 있습니다. 그래서 저는 공기업 민영화에 찬성합니다.","wordCount":23}}},"rawDataInfo":{"question":{"fileFormat":"wav","fileSize":241358,"duration":7540,"samplingBit":16,"channelCount":1,"samplingRate":"16kHz","audioPath":"/Mock/01.Management/Female/New/ckmk_q_bm_f_n_174358.wav"},"answer":{"fileFormat":"wav","fileSize":1952718,"duration":61020,"samplingBit":16,"channelCount":1,"samplingRate":"16kHz","audioPath":"/Mock/01.Management/Female/New/ckmk_a_bm_f_n_174358.wav"}}}