{"version":"1.0","dataSet":{"info":{"date":"20230116","occupation":"BM","channel":"MOCK","place":"ONLINE","gender":"FEMALE","ageRange":"-34","experience":"NEW"},"question":{"raw":{"text":"네 지원자님께서는 시간이 남을 때 주로 어떤 일을 하시는지요 어 또 그 일을 하는 이유가 무엇인지도 함께 설명해 주시면 좋겠습니다","wordCount":20},"emotion":[],"intent":[]},"answer":{"raw":{"text":"시간이 남을 때 무슨 일을 하는지 여쭤보셨는데 그 일을 하는 이유가 무엇인지까지 제가 설명을 해드리자면 저는 웹툰을 보면서 시간을 많이 보내는 편입니다. 제가 어린 시절부터 안 본 만화 영화가 없다 라고 이야기를 들을 만큼 만화책을 정말 좋아하고 만화 영화를 많이 좋아했었는데 그 중에서도 제 상상력을 그대로 발현할 수 있는 그런 만화 영화 굉장히 좋아했습니다. 그래서 만화책을 실제로 읽으러 제가 만화 카페도 많이 갔었는데 그것을 그냥 집에서 쉽게 읽을 수 있고 그리고 간편하게 스마트폰으로 볼 수 있어서 저는 웹툰 보는 게 제 취미 중의 하나인데요. 그 일을 하는 이유 중 하나는 제가 스트레스가 일단 많이 풀리고 그리고 제 어린 시절이 많이 떠올릅니다. 어린 시절에 제가 몽상했던 거 제가 상 상상했던 걸 그대로 이루어져서 저는 그래서 본 이유도 있고 그리고 웹툰이 시간이 빨리 갑니다. 그래서 좀 편하게 쉽게 접근할 수 있기 때문에 제가 이용을 하는 것 같습니다.","wordCount":135},"emotion":[{"text":"제가 어린 시절부터 안 본 만화 영화가 없다 라고 이야기를 들을 만큼 만화책을 정말 좋아하고 만화 영화를 많이 좋아했었는데   그 중에서도 제 상상력을 그대로 발현할 수 있는 그런 만화 영화 굉장히 좋아했습니다.","expression":"p-interest","category":"positive"}],"intent":[{"text":"그래서 만화책을 실제로 읽으러 제가 만화 카페도 많이 갔었는데   그것을 그냥 집에서 쉽게 읽을 수 있고 그리고 간편하게 스마트폰으로   볼 수 있어서 저는 웹툰 보는 게 제 취미 중의 하나인데요.","expression":"c_private","category":"background"}],"summary":{"text":"저는 웹툰을 보면서 시간을 많이 보내는 편입니다. 어린 시절부터 상상력을 그대로 발현할 수 있는 만화 영화를 굉장히 좋아하기 때문에 웹툰을 보는 게 제 취미 중 하나입니다. 그 일을 하는 이유 중 하나는 스트레스가 많이 풀리고 어린 시절의 기억이 떠오르기 때문에 본 이유도 있고, 웹툰이 시간이 빨리 가기 때문에 이용을 하는 것 같습니다.","wordCount":52}}},"rawDataInfo":{"question":{"fileFormat":"wav","fileSize":407438,"duration":12730,"samplingBit":16,"channelCount":1,"samplingRate":"16kHz","audioPath":"/Mock/01.Management/Female/New/ckmk_q_bm_f_n_175193.wav"},"answer":{"fileFormat":"wav","fileSize":2413518,"duration":75420,"samplingBit":16,"channelCount":1,"samplingRate":"16kHz","audioPath":"/Mock/01.Management/Female/New/ckmk_a_bm_f_n_175193.wav"}}}