{"version":"1.0","dataSet":{"info":{"date":"20230116","occupation":"BM","channel":"MOCK","place":"ONLINE","gender":"FEMALE","ageRange":"35-44","experience":"NEW"},"question":{"raw":{"text":"시험 기간 시간이 촉박할 때 지원자님은 어떻게 시간 관리를 하셨나요 면접자님만의 시간 관리법이 따로 있으신지 궁금한데요 말씀해 주세요","wordCount":18},"emotion":[],"intent":[]},"answer":{"raw":{"text":"저는 직장인에게는 시간이 굉장히 한정된 자원이기 때문에 이 시간이라는 자원을 잘 활용하는 능력이 가장 필요하다 라고 생각합니다. 대표적으로 시험 기간이나 혹은 빠르게 끝마쳐야 하는 그런 프로젝트들이 있을 때 저는 긴급도에 따라서 그 우선순위를 나눴더니 더 효과적으로 제가 스케줄 관리를 할 수 있었던 그런 생각이 납니다. 과거에 제가 일주일 만에 논문 대회를 나가서 논문을 한번 발표해야 되는 그런 순간이 있었는데요. 자료 조사부터 시작해서 수집까지 그리고 통계를 분석하는 시간까지 굉장히 많은 시간들이 필요했었습니다. 그렇지만 짧은 시간 안에 해내기 위해서 저는 여러 사람들과 긴급도에 따라서 목표를 분류하였고 실제로 일 주어진 시간까지 빠른 시간 내에 논문을 완성할 수 있었던 그런 소중한 경험을 했었던 기억이 납니다.","wordCount":101},"emotion":[],"intent":[{"text":"대표적으로 시험 기간이나 혹은 빠르게 끝마쳐야 하는   그런 프로젝트들이 있을 때 저는 긴급도에 따라서 그 우선순위를 나눴더니   더 효과적으로 제가 스케줄 관리를 할 수 있었던 그런 생각이 납니다.","expression":"m_sche","category":"technology"},{"text":"그렇지만 짧은 시간 안에 해내기 위해서 저는 여러 사람들과 긴급도에 따라서 목표를 분류하였고   실제로 일 주어진 시간까지 빠른 시간 내에 논문을 완성할 수 있었던 그런 소중한 경험을   했었던 기억이 납니다.","expression":"m_sche","category":"technology"}],"summary":{"text":"저는 직장인에게 시간이 굉장히 한정된 자원이기 때문에 이 시간이라는 자원을 잘 활용하는 능력이 가장 필요하다고 생각합니다. 시험 기간이나 혹은 빠르게 끝마쳐야 하는 프로젝트들이 있을 때 긴급도에 따라 우선순위를 나누었더니 더 효과적으로 스케줄 관리를 할 수 있었던 것 같습니다.","wordCount":38}}},"rawDataInfo":{"question":{"fileFormat":"wav","fileSize":525518,"duration":16420,"samplingBit":16,"channelCount":1,"samplingRate":"16kHz","audioPath":"/Mock/01.Management/Female/New/ckmk_q_bm_f_n_184571.wav"},"answer":{"fileFormat":"wav","fileSize":2668238,"duration":83380,"samplingBit":16,"channelCount":1,"samplingRate":"16kHz","audioPath":"/Mock/01.Management/Female/New/ckmk_a_bm_f_n_184571.wav"}}}