{"version":"1.0","dataSet":{"info":{"date":"20230116","occupation":"BM","channel":"MOCK","place":"ONLINE","gender":"FEMALE","ageRange":"-34","experience":"NEW"},"question":{"raw":{"text":"일을 하시다가 만약 상사에게 어려운 지시를 받으면 어떻게 하시겠는지요 어 그 이유도 생각하시는 바가 있다면 함께 말씀해 주시기 바랍니다","wordCount":19},"emotion":[],"intent":[]},"answer":{"raw":{"text":"일을 하다가 만약 상사에게 어려운 지시를 받으면 저는 그냥 그 이야기에 대해서 합당하면은 따를 것 같습니다. 사실 상사가 제가 원하는 지시만 내리진 않더라고요. 그분이 원하는 방향이 있을 거고 그 방향이 맞다면 저도 충분히 따를 의지가 있습니다. 사실 상사께서 전에 회사에서도 조금 불합리한 불합리한 일을 지시를 한 적이 있었는데요. 그때 제가 생각을 했을 때 진짜 이게 맞다 라는 생각이 들면은 아 어렵지만 그래도 해보자 가 됐고 아 좀 너무 불합리하다 싶으면은 아 저도 제 마음에서 거부를 하더라고요. 그래서 어려운 지시를 받게 된다면 저는 거의 다 따를 생각은 있지만 이 일은 좀 아니다 라고 제가 판단을 내린다면은 상사님께 말을 해서 거절을 하긴 할 것 같습니다. 기분 안 좋지 않게 기분 풀어가면서 거절을 할 수 있을 것 같습니다.","wordCount":115},"emotion":[],"intent":[{"text":"일을 하다가 만약 상사에게 어려운 지시를 받으면 저는   그냥 그 이야기에 대해서 합당하면은 따를 것 같습니다.","expression":"c_adp","category":"personality"}],"summary":{"text":"어려운 지시를 받았을 때 그 이야기에 합당하면은 따를 것 같습니다. 제가 원하는 지시만 하지는 않습니다. 예전에 상사가 불합리한 일을 지시했던 적이 있었는데, 제가 그 일을 좀 아니라고 판단을 하면 거절을 할 것 같습니다. 기분 좋게 기분을 풀어가면서 거절할 수 있을 것 같아 보입니다.","wordCount":43}}},"rawDataInfo":{"question":{"fileFormat":"wav","fileSize":397838,"duration":12430,"samplingBit":16,"channelCount":1,"samplingRate":"16kHz","audioPath":"/Mock/01.Management/Female/New/ckmk_q_bm_f_n_175929.wav"},"answer":{"fileFormat":"wav","fileSize":2519118,"duration":78720,"samplingBit":16,"channelCount":1,"samplingRate":"16kHz","audioPath":"/Mock/01.Management/Female/New/ckmk_a_bm_f_n_175929.wav"}}}