{"version":"1.0","dataSet":{"info":{"date":"20230116","occupation":"BM","channel":"MOCK","place":"ONLINE","gender":"FEMALE","ageRange":"-34","experience":"NEW"},"question":{"raw":{"text":"기차가 운행 중에 산사태로 인하여 삼십 분 동안 정차되었습니다 이때 본인이 관리 책임의 위치에 있다면 어떻게 조치 하실 건가요","wordCount":19},"emotion":[],"intent":[]},"answer":{"raw":{"text":"우선 안전을 위해 해야 할 일들을 찾아볼 것 같습니다. 음 산 사태로 인해 정차되어 있는 상황에서 안에 있는 승객들을 어 바깥으로 탈출을 시키는 것이 더 안전한 것인지 혹은 그 안에서 기다리는 것이 더 안전한 것인지 소방 당국과 전문가들에게 질문을 하여 올바른 방법을 찾아내려고 할 것입니다. 음 또한 어 정차되어 있는 삼십 분 동안 계속해서 안내 방송을 하고 어 제가 관련 소방 소방 당국이나 음 전문가들에게 물어 봄을 물어봐서 얻은 피드백들을 즉각적으로 승객들에게 공유하여서 음 누구보다 불안하고 누구보다 불안해 떨고 있을 승객들을 안심을 시켜 줄 것 같습니다. 음 또한 언론에 적극적으로 알려서 음 이 일을 해결할 수 있는 이를 일을 해결하는 것을 도울 어 더 많은 인력과 사람들 인력을 불러올 수 있도록 할 것입니다.","wordCount":113},"emotion":[],"intent":[{"text":"","expression":"","category":"attitude"}],"summary":{"text":"산사태로 정차된 승객들의 안전을 위해 소방 당국과 전문가들에게 질문하여 올바른 방법을 찾고, 안내방송과 소방 당국의 피드백을 승객들에게 공유하여 불안을 해소하고, 언론에 알려 더 많은 인력과 사람들 인력을 불러올 수 있도록 할 것입니다.","wordCount":32}}},"rawDataInfo":{"question":{"fileFormat":"wav","fileSize":417358,"duration":13040,"samplingBit":16,"channelCount":1,"samplingRate":"16kHz","audioPath":"/Mock/01.Management/Female/New/ckmk_q_bm_f_n_184906.wav"},"answer":{"fileFormat":"wav","fileSize":2569678,"duration":80300,"samplingBit":16,"channelCount":1,"samplingRate":"16kHz","audioPath":"/Mock/01.Management/Female/New/ckmk_a_bm_f_n_184906.wav"}}}