{"version":"1.0","dataSet":{"info":{"date":"20230116","occupation":"BM","channel":"MOCK","place":"ONLINE","gender":"FEMALE","ageRange":"45-54","experience":"NEW"},"question":{"raw":{"text":"지원자님이 그동안 살면서 가장 힘들었던 점이 있다면 어떤 점이 있었는지 그리고 그 점을 극복하기 위해서 어떠한 노력을 해 왔는지 설명해 주시기 바랍니다","wordCount":22},"emotion":[],"intent":[]},"answer":{"raw":{"text":"어 살면서 가장 힘들었던 점은 좀 오래 전이긴 하지만 어렸을 때라서 더 기억이 남는 것 같구요. 어 제가 중학교 이 학년 때 아버님이 돌아가셨는데요. 그때가 가장 힘들지 않았나. 제가 장녀였고 밑으로 이제 동생 여동생이 두 명 있었구요. 그래서 이제 엄마는 그 그때까지 다 이제 전업주부다 보니 여러 가지로 어 많이 힘들었던 상황이었습니다. 어 그렇지만 또 엄마와 그때 힘들었던 그 시기를 대화도 많이 하면서 또 어 긍정적인 부분으로 또 책임감도 제가 강하다 보니 잘 이겨냈었던 것 같고 그때 그 힘들었던 점으로 인생을 살면서 어 그만큼 뭐 힘든 점은 힘들었던 적은 없었던 것 같아서 그게 뭐 초석이 돼서 예 잘 살아온 것 같습니다.","wordCount":101},"emotion":[{"text":"어 제가 중학교 이 학년 때 아버님이 돌아가셨는데요.","expression":"u-fact","category":"neutral"},{"text":"제가 장녀였고   밑으로 이제 동생 여동생이 두 명 있었구요.","expression":"u-fact","category":"neutral"}],"intent":[{"text":"어 제가 중학교 이 학년 때 아버님이 돌아가셨는데요.","expression":"c_private","category":"background"},{"text":"제가 장녀였고   밑으로 이제 동생 여동생이 두 명 있었구요.","expression":"c_private","category":"background"}],"summary":{"text":"전업주부였던 제가 살면서 가장 힘들었던 점은 어렸을 때였습니다. 하지만 엄마와 많은 대화를 하면서 긍정적인 부분으로 또 책임감도 잘 이겨냈었던 것 같아 초석이 돼 잘 살아온 것 같습니다.","wordCount":27}}},"rawDataInfo":{"question":{"fileFormat":"wav","fileSize":442318,"duration":13820,"samplingBit":16,"channelCount":1,"samplingRate":"16kHz","audioPath":"/Mock/01.Management/Female/New/ckmk_q_bm_f_n_182171.wav"},"answer":{"fileFormat":"wav","fileSize":2286158,"duration":71440,"samplingBit":16,"channelCount":1,"samplingRate":"16kHz","audioPath":"/Mock/01.Management/Female/New/ckmk_a_bm_f_n_182171.wav"}}}