{"version":"1.0","dataSet":{"info":{"date":"20230116","occupation":"BM","channel":"MOCK","place":"ONLINE","gender":"FEMALE","ageRange":"-34","experience":"NEW"},"question":{"raw":{"text":"미래의 핵심 트렌드 세 가지와 그 이유는 설명해 주시기 바랍니다","wordCount":10},"emotion":[],"intent":[]},"answer":{"raw":{"text":"제가 생각하는 미래의 핵심 트렌드는 개인 환경 에이아이 라고 생각합니다. 왜냐하면 지금 미래가 발전할수록 개인의 생활이 중요하게 여겨집니다. 공동체보다는 개인의 중요성이 더 강조되는 시기이기 때문에 개인을 어떻게 대우하고 개인을 위한 일이 어떤 것인지 그러한 관련된 일들이 더 미래에는 핵심 트렌드가 될 것이라고 생각합니다. 또한 환경이 지금 요즘 필 환경 시대로 많이 대두되고 있습니다. 모든 기업과 국가가 환경에 따라 환경을 보존하는 방식의 경영 방식으로 변화하려고 노력 중입니다. 그렇기 때문에 환경은 절대 빼놓을 수 없는 미래의 핵심 문제라고 생각합니다. 그리고 마지막으로는 에이아이 라고 생각합니다. 저희의 정보 기술이 발달하면서 에이아이에 대한 많은 관심과 그리고 영향력이 커졌습니다. 많은 사람들이 에이아이를 많이 익숙해지고 있고 편리하게 생각하기 때문에 미래에 핵심 트렌드로 에이아이도 꼭 빼놓을 수 없다 라고 생각합니다. 그래서 저는 개인 환경 에이아이가 미래 핵심 트렌드 세 가지가 된다고 생각합니다.","wordCount":124},"emotion":[],"intent":[{"text":"","expression":"","category":"attitude"}],"summary":{"text":"미래 핵심 트렌드는 개인 환경 에이아이이며 개인을 어떻게 대우하고 개인을 위한 일이 어떤 것인지에 관련된 일들이 미래에는 핵심 트렌드가 될 것입니다. 또한 환경은 미래의 핵심 문제이며 마지막으로 에이아이는 정보 기술이 발달하면서 관심과 영향력이 커졌고 미래에 핵심 트렌드 세 가지가 된다고 생각합니다.","wordCount":41}}},"rawDataInfo":{"question":{"fileFormat":"wav","fileSize":267598,"duration":8360,"samplingBit":16,"channelCount":1,"samplingRate":"16kHz","audioPath":"/Mock/01.Management/Female/New/ckmk_q_bm_f_n_182834.wav"},"answer":{"fileFormat":"wav","fileSize":2735438,"duration":85480,"samplingBit":16,"channelCount":1,"samplingRate":"16kHz","audioPath":"/Mock/01.Management/Female/New/ckmk_a_bm_f_n_182834.wav"}}}