{"version":"1.0","dataSet":{"info":{"date":"20230116","occupation":"BM","channel":"MOCK","place":"ONLINE","gender":"FEMALE","ageRange":"-34","experience":"NEW"},"question":{"raw":{"text":"면접자께서 자료를 수집하고 정리하는 본인만의 습관이나 노하우가 있다면 설명 부탁드리겠습니다","wordCount":10},"emotion":[],"intent":[]},"answer":{"raw":{"text":"자료를 수집하고 정리하는 저만의 특별한 습관 노하우는 저는 자료를 수집할 때 항상 꼼꼼하게 날짜를 항상 다 기입을 해서 수집을 하곤 하고요. 그리고 그날그날 자료 수집한 것을 제가 정리를 하곤 합니다. 매일매일 조그마한 것이 모여야 큰 게 되잖아요. 그래서 저는 십시일반의 마음으로 항상 작은 것을 차곡차곡 모아서 매일매일 하는 것이 제 습관 중 하나고요. 저는 일기도 모아서 쓰기보다는 매일매일 일기를 쓰기도 하고 그리고 정리를 할 때 제가 자료 수집 목록을 매일 정리를 하기도 합니다. 그래서 이렇게 정리를 하다 보니까 항상 깔끔하고 아 내가 어떻게 수집을 했다 내가 어 어느 자리에 어디가 있다 이런 게 정확히 나와 있어서 저는 정리를 잘한다 라는 의견도 좀 많이 들었던 것 같습니다. 그리고 수집을 할 때 항상 꼼꼼하게 당일 체크하는 게 가장 저의 특별한 습관이 아닐까 라고 생각을 합니다.","wordCount":123},"emotion":[],"intent":[{"text":"","expression":"","category":"attitude"}],"summary":{"text":"저는 자료를 수집할 때 날짜를 항상 다 기입해서 수집하고, 그날마다 수집한 것을 제가 정리를 하곤 합니다. 십시일반의 마음으로 항상 작은 것을 차곡차곡 모아서 매일 하는 것이 제 습관 중 하나입니다. 수집을 할 때 항상 꼼꼼하게 당일 체크하는 게 가장 특별한 습관이 아닐까 생각합니다.","wordCount":43}}},"rawDataInfo":{"question":{"fileFormat":"wav","fileSize":313678,"duration":9800,"samplingBit":16,"channelCount":1,"samplingRate":"16kHz","audioPath":"/Mock/01.Management/Female/New/ckmk_q_bm_f_n_175744.wav"},"answer":{"fileFormat":"wav","fileSize":2305358,"duration":72040,"samplingBit":16,"channelCount":1,"samplingRate":"16kHz","audioPath":"/Mock/01.Management/Female/New/ckmk_a_bm_f_n_175744.wav"}}}