{"version":"1.0","dataSet":{"info":{"date":"20230116","occupation":"BM","channel":"MOCK","place":"ONLINE","gender":"FEMALE","ageRange":"55-","experience":"NEW"},"question":{"raw":{"text":"지원자님께서는 평소에 검색을 자주 하시는 편이신가요 어떤 검색을 주로 하시는지 왜 그런 검색을 하시는지 궁금합니다","wordCount":15},"emotion":[],"intent":[]},"answer":{"raw":{"text":"평소에 검색을 자주 하시는 편인가요 어떤 검색을 주로 하시는지 왜 하시는지 궁금합니다 라고 질문하셨습니다. 여기에 대한 저의 답변입니다. 저는 평소 관심사인 뉴스나 시사 내용 검색을 자주 하는 편입니다. 뉴스를 읽으면서 현재 국내 정치 또는 사회 문제 등을 궁금증을 해결하고 이해하려고 노력하고 있습니다. 또 시사 내용을 검색하여 나만의 대화 노하우를 만들고 일반 지식을 확보함으로써 나만의 존재 가치를 높이고 있습니다. 그리고 제가 평소 즐겨하는 골프 관련 선수들의 소식도 찾아보는 편입니다. 누가 우승하는지 매주 궁금하여 검색하게 됩니다. 정리하자면 뉴스나 시사 및 골프 관련 내용 검색을 통하여 나의 존재감을 높이고 있습니다. 이상 제가 주로 검색하는 내용에 대하여 말씀드렸습니다. 감사합니다.","wordCount":95},"emotion":[{"text":"저는 평소 관심사인 뉴스나 시사 내용 검색을 자주 하는 편입니다.","expression":"p-interest","category":"positive"},{"text":"누가 우승하는지 매주 궁금하여 검색하게 됩니다.","expression":"p-interest","category":"positive"}],"intent":[{"text":"","expression":"","category":"attitude"}],"summary":{"text":"저는 평소 관심사인 뉴스나 시사 내용 검색을 자주 하는 편입니다. 또 시사 내용을 검색하여 나만의 대화 노하우를 만들고 일반 지식을 확보함으로써 저의 존재 가치를 높이고 있습니다. 이상 제가 주로 검색하는 내용에 대하여 말씀드렸습니다.","wordCount":33}}},"rawDataInfo":{"question":{"fileFormat":"wav","fileSize":525518,"duration":16420,"samplingBit":16,"channelCount":1,"samplingRate":"16kHz","audioPath":"/Mock/01.Management/Female/New/ckmk_q_bm_f_n_185635.wav"},"answer":{"fileFormat":"wav","fileSize":2571918,"duration":80370,"samplingBit":16,"channelCount":1,"samplingRate":"16kHz","audioPath":"/Mock/01.Management/Female/New/ckmk_a_bm_f_n_185635.wav"}}}