{"version":"1.0","dataSet":{"info":{"date":"20230116","occupation":"BM","channel":"MOCK","place":"ONLINE","gender":"FEMALE","ageRange":"-34","experience":"NEW"},"question":{"raw":{"text":"만약 지원자님이 근무를 하던 중에 정말 직무가 적성에 정말 맞지 않는다 이렇게 느낀다면 어떻게 하시겠어요 직무가 적성에 맞지 않는다는 상황을 가정하고 저에게 말씀해 주세요","wordCount":24},"emotion":[],"intent":[]},"answer":{"raw":{"text":"만약 제가 일을 하던 중 직무가 적성에 맞지 않는다는 생각이 든다면 어 저는 일단 제가 이 일을 정말 하고 싶은지를 첫 번째로 먼저 고민을 해 볼 것 같구요. 예를 들어 상황을 가정한다면 어 저는 마케팅을 하고 싶어서 왔는데 분석에 대한 일이 정말 맞지 않는다 나는 콘텐츠 같은 것을 제작하고 싶은데 그런 것에 대한 페이지 분석이 먼저 기반이 돼야 된다고 해서 이 일이 맞지 않는다 라고 가정을 한다면 저는 정말 제가 하고 싶은 일을 하기 위해서 그 일이 먼저 선행되어야 한다는 것을 인지를 하고 그것이 맞을 때까지 공부를 하고 노력을 할 것 같습니다.","wordCount":92},"emotion":[],"intent":[{"text":"","expression":"","category":"attitude"}],"summary":{"text":"직무가 적성에 맞지 않는다면 저는 일을 하기 위해서 그 일이 먼저 선행되어야 한다는 것을 인지하고 그것이 맞을 때까지 공부를 하고 노력을 할 것 같습니다.","wordCount":24}}},"rawDataInfo":{"question":{"fileFormat":"wav","fileSize":486158,"duration":15190,"samplingBit":16,"channelCount":1,"samplingRate":"16kHz","audioPath":"/Mock/01.Management/Female/New/ckmk_q_bm_f_n_178524.wav"},"answer":{"fileFormat":"wav","fileSize":1822798,"duration":56960,"samplingBit":16,"channelCount":1,"samplingRate":"16kHz","audioPath":"/Mock/01.Management/Female/New/ckmk_a_bm_f_n_178524.wav"}}}