{"version":"1.0","dataSet":{"info":{"date":"20230116","occupation":"BM","channel":"MOCK","place":"ONLINE","gender":"FEMALE","ageRange":"45-54","experience":"NEW"},"question":{"raw":{"text":"본인의 십 년 후 미래는 어떨 것 같나요 저희 회사에 계속 다니고 있을 것 같나요","wordCount":15},"emotion":[],"intent":[]},"answer":{"raw":{"text":"아 네 십 년 후 미래는 제가 새로운 일을 시작하는 것에 이제 겁이 많고 좀 예민하다 보니 시간이 소요되고요. 일단 시작을 하고 나면 어 끈기와 또 책임감으로 좀 길게 업무나 어떤 생활을 하는 편이기 때문에 말씀대로 계속해서 이 회사의 합격만 하게 된다면 계속 다니지 않을까 싶습니다. 어 지금 뭐 면접이나 이런 부분을 준비하면서 새로운 시작이다 보니 굉장히 뭐 긴장도 많이 하고 걱정도 많이 됐는데요. 어 그 시작이 중요하다 생각하고 시작을 하면 그렇게 금세 뭐 그만둔다거나 그렇지는 않은 성격이기 때문에 네 계속 열심히 일하고 있을 것 같습니다.","wordCount":86},"emotion":[],"intent":[{"text":"","expression":"","category":"attitude"}],"summary":{"text":"십 년 후 미래에는 새로운 일을 시작하는 것에 시간이 소요되고, 일단 시작을 하면 끈기와 책임감으로 업무나 어떤 생활을 하는 편이기 때문에 계속해서 이 회사의 합격만 하게 된다면 계속 다니게 될 것 같습니다.","wordCount":32}}},"rawDataInfo":{"question":{"fileFormat":"wav","fileSize":239758,"duration":7490,"samplingBit":16,"channelCount":1,"samplingRate":"16kHz","audioPath":"/Mock/01.Management/Female/New/ckmk_q_bm_f_n_182034.wav"},"answer":{"fileFormat":"wav","fileSize":1908238,"duration":59630,"samplingBit":16,"channelCount":1,"samplingRate":"16kHz","audioPath":"/Mock/01.Management/Female/New/ckmk_a_bm_f_n_182034.wav"}}}