{"version":"1.0","dataSet":{"info":{"date":"20230116","occupation":"BM","channel":"MOCK","place":"ONLINE","gender":"FEMALE","ageRange":"-34","experience":"NEW"},"question":{"raw":{"text":"어 지원자님은 어떤 거를 달성하기 위해서 목표를 세우고 어 한 삼 년 동안 열심히 해서 목표를 달성한 적이 있으시다면 말씀을 해 주시기 바랍니다","wordCount":23},"emotion":[],"intent":[]},"answer":{"raw":{"text":"저는 무엇인가를 달성하기 위해 목표를 세우고 이 삼 년간 열심히 노력해서 목표를 달성한 경험이 있습니다. 제가 국제 자원봉사를 가고 싶어서 음 어떤 역량을 가지고 국제 자원봉사를 떠나면 좋을까에 대해서 조사를 해 본 적이 있습니다. 그때 어 스리랑카 친구들이 한국어를 배우고 싶다는 니즈가 있다는 걸 알게 됐고 그래서 한국어 교원 자격증을 준비를 했었습니다. 한국인인데 한국어를 꼭 공부해야 하냐 해야 하냐 라고 생각하실 수 있겠지만 한국어 교원은 교원 자격증은 이 한글의 구조에 대해서 알아보고 그리고 또 이 한글을 어떻게 하면 외국인에게 자세하고 또 효과적으로 전달할 수 있는지를 배우는 과목입니다. 그렇게 이 삼 년 간 열심히 노력을 해서 한국어 교원 자격증을 땄구요. 결국에는 그 자격증을 가지고 어 스리랑카에 국제 자원봉사를 장기로 다녀왔습니다. 이 경험이 저에게는 좋은 밑거름이 되어서 이 회사에도 지원하게 되었습니다.","wordCount":119},"emotion":[],"intent":[{"text":"그렇게 이 삼 년 간 열심히 노력을 해서 한국어 교원 자격증을 땄구요.","expression":"c_chl","category":"personality"}],"summary":{"text":"저는 무엇인가를 달성하기 위해 목표를 세우고 이 삼 년간 열심히 노력해서 목표를 달성한 경험이 있습니다. 스리랑카 친구들이 한국어를 배우고 싶다는 니즈가 있다는 걸 알게 됐고 한국어 교원 자격증을 준비해서 국제 자원봉사를 장기로 다녀왔습니다. 이것이 좋은 밑거름이 되어서 이 회사에 지원하게 되었습니다.","wordCount":41}}},"rawDataInfo":{"question":{"fileFormat":"wav","fileSize":615758,"duration":19240,"samplingBit":16,"channelCount":1,"samplingRate":"16kHz","audioPath":"/Mock/01.Management/Female/New/ckmk_q_bm_f_n_174903.wav"},"answer":{"fileFormat":"wav","fileSize":2468238,"duration":77130,"samplingBit":16,"channelCount":1,"samplingRate":"16kHz","audioPath":"/Mock/01.Management/Female/New/ckmk_a_bm_f_n_174903.wav"}}}