{"version":"1.0","dataSet":{"info":{"date":"20230116","occupation":"BM","channel":"MOCK","place":"ONLINE","gender":"FEMALE","ageRange":"-34","experience":"NEW"},"question":{"raw":{"text":"지원자님께서 본인이 현재 가지고 있는 위치보다 어려운 목표를 달성한 적이 있으시다면 그 경험을 말씀해 주세요","wordCount":15},"emotion":[],"intent":[]},"answer":{"raw":{"text":"어 제가 본인이 제가 가지고 있는 위치보다 어려운 목표를 달성한 적이 있는데요. 이전 직장에서 제가 청소년들을 데리고 어 해외로 지도자로써 해외로 데리고 가는 그런 프로그램을 어 메인 지도자로 맡게 되었습니다. 이때 제가 아이들의 안전에 대한 문제나 그리고 지도자로서의 어 부담감을 많이 느꼈었는데요. 그 이유는 이 아이들은 스펀지처럼 모든 것을 흡수하는 아이인데 제가 말하는 한 마디 한 마디에 어 책임감을 많이 느꼈기 때문입니다. 그 부담감을 기저에 두니까 제가 하려고 하는 일에 더 준비를 많이 해야겠다는 생각이 들었고 안전에 관한 사항이나 그 나라의 문화 그리고 해줄 얘기들을 어 수집을 해서 그 아이들에게 아이들이 이 탐방의 기회가 좋은 시간이 되고 또 좋은 경험으로 남을 수 있도록 정말 노력을 많이 했던 것 같습니다. 결국에는 거기에 갔다 온 온 아이들의 만족도가 높 높았던 그런 경험이 있습니다.","wordCount":121},"emotion":[],"intent":[{"text":"이전 직장에서 제가 청소년들을 데리고 어 해외로 지도자로써 해외로 데리고 가는 그런 프로그램을 어 메인 지도자로 맡게 되었습니다.","expression":"c_private","category":"background"}],"summary":{"text":"이전 직장에서 청소년들을 데리고 해외로 끌고 가는 프로그램을 메인 지도자로 맡았는데, 아이들은 스펀처럼 모든 것을 흡수하는 아이인데 제가 말하는 한 마디에 책임감을 많이 느꼈습니다. 그 부담감을 기저에 두니 더 준비를 많이 해야겠다는 생각이 들었고 탐방의 기회가 좋은 경험이 되게 노력을 많이 했습니다.","wordCount":42}}},"rawDataInfo":{"question":{"fileFormat":"wav","fileSize":411278,"duration":12850,"samplingBit":16,"channelCount":1,"samplingRate":"16kHz","audioPath":"/Mock/01.Management/Female/New/ckmk_q_bm_f_n_183616.wav"},"answer":{"fileFormat":"wav","fileSize":2556238,"duration":79880,"samplingBit":16,"channelCount":1,"samplingRate":"16kHz","audioPath":"/Mock/01.Management/Female/New/ckmk_a_bm_f_n_183616.wav"}}}