{"version":"1.0","dataSet":{"info":{"date":"20230116","occupation":"BM","channel":"MOCK","place":"ONLINE","gender":"FEMALE","ageRange":"-34","experience":"NEW"},"question":{"raw":{"text":"지원자님께서는 지금부터 삼 년 뒤까지 삼 년 내에 주요 성장 계획이나 목표가 있는지요 그런 계획이나 목표가 있다면 그것에 대해서 자세히 설명 부탁드립니다","wordCount":22},"emotion":[],"intent":[]},"answer":{"raw":{"text":"지금부터 삼 년 뒤까지 저는 성장 계획이나 목표를 갖고 있는데요. 만약에 이 회사에 제가 다니게 된다면 이 회사에서 아 정말 이 사람은 끝까지 최선을 다할 사람이다 책임감 있는 사람이다 라는 이야기를 들을 만큼 책임감 갖고 최선을 다하는 사람 되고 싶고요. 그리고 저는 제 개인적 의견으로는 제가 요즘 다시 필라테스를 열심히 하게 됐는데 운동을 열심히 해서 정말 건강한 사람 건강한 몸을 갖고 일을 열심히 수행할 수 있는 사람이 되고 싶습니다. 요즘 건강이 가장 중요하다고 하잖아요. 건강을 잃으면 다 잃는 거기 때문에 저는 운동을 통해서 삼 년 동안 열심히 제 몸을 가꾸고 건강을 지키고요. 그리고 회사에서는 저에게 믿음직한 사람이다 라는 이야기가 나올 때까지 끝까지 최선을 다 하는 사람이 되고 싶습니다. 그게 바로 제 삼 년 간의 목표고요. 그리고 가족 간에도 지금도 화목하지만 더욱 더 좋은 딸이 되도록 노력하는 게 바로 제 꿈이기도 합니다.","wordCount":131},"emotion":[],"intent":[{"text":"","expression":"","category":"attitude"}],"summary":{"text":"저는 지금부터 삼 년 뒤까지 회사를 다니면서 끝까지 최선을 다하는 사람이 되고 싶습니다. 개인적으로 필라테스를 시작했는데 운동을 열심히 해서 건강한 몸을 갖고 일을 열심히 수행할 수 있는 사람이 되겠습니다. 가족 간에도 화목하지만 더욱 더 좋은 딸이 되도록 노력하는 게 제 꿈이기도 합니다.","wordCount":42}}},"rawDataInfo":{"question":{"fileFormat":"wav","fileSize":494798,"duration":15460,"samplingBit":16,"channelCount":1,"samplingRate":"16kHz","audioPath":"/Mock/01.Management/Female/New/ckmk_q_bm_f_n_175747.wav"},"answer":{"fileFormat":"wav","fileSize":2266318,"duration":70820,"samplingBit":16,"channelCount":1,"samplingRate":"16kHz","audioPath":"/Mock/01.Management/Female/New/ckmk_a_bm_f_n_175747.wav"}}}