{"version":"1.0","dataSet":{"info":{"date":"20230116","occupation":"BM","channel":"MOCK","place":"ONLINE","gender":"FEMALE","ageRange":"35-44","experience":"NEW"},"question":{"raw":{"text":"혹시 스터디를 따로 하고 계신 것이 있는지요 어 있다면 어떤 스터디를 하고 계시는지 또 왜 그 공부를 하고 있는지 함께 말씀 부탁드립니다","wordCount":22},"emotion":[],"intent":[]},"answer":{"raw":{"text":"네 제가 스터디를 따로 하고 있는 건 있습니다. 그런데 이 스터디라면 그룹 스터디가 아닌 저는 그냥 그야말로 말 그대로 혼자의 공부를 따로 하고 있는 것이 있는데요. 그것은 바로 언어입니다 언어. 제 이 외국어 그냥 뭐 흔하게 영어 영어 저는 영어가 제일 좋고 영어가 또 하고 싶고 계속 공부하고 싶고 옆에 뒀으면 싶고 잃지 않았으면 싶고 그렇습니다. 어 직접 해외 여행을 다녀보고 하니까 몸소 느끼는 바는 언어를 대화가 되면 어 현지인들이 이 동양인이라는 걸 무시하지 않더라구요. 그리고 또 대화하면서 또 새로운 외국인을 또 친구로 만들 수도 있는 기회가 생기고 그러므로써 내가 어 세계 또 다른 문화를 접해볼 수 있는 기회가 또 얻어지는 것 같아서 어 저는 어 그냥 외국 영어 공부를 끊이지 않고 계속 하고 있습니다.","wordCount":115},"emotion":[],"intent":[{"text":"","expression":"","category":"attitude"}],"summary":{"text":"저는 그룹 스터디가 아닌 혼자의 공부를 따로 하고 있는 것이 있습니다. 그것은 바로 언어입니다. 언어가 대화가 되면 현지인들이 동양인이라는 걸 무시하지 않습니다. 또 대화로 새로운 친구를 만들 수 있고 세계 문화를 접해볼 기회가 생겨서 계속 영어 공부합니다.","wordCount":37}}},"rawDataInfo":{"question":{"fileFormat":"wav","fileSize":438478,"duration":13700,"samplingBit":16,"channelCount":1,"samplingRate":"16kHz","audioPath":"/Mock/01.Management/Female/New/ckmk_q_bm_f_n_181561.wav"},"answer":{"fileFormat":"wav","fileSize":2220878,"duration":69400,"samplingBit":16,"channelCount":1,"samplingRate":"16kHz","audioPath":"/Mock/01.Management/Female/New/ckmk_a_bm_f_n_181561.wav"}}}