{"version":"1.0","dataSet":{"info":{"date":"20230116","occupation":"BM","channel":"MOCK","place":"ONLINE","gender":"FEMALE","ageRange":"-34","experience":"NEW"},"question":{"raw":{"text":"지원자님께서는 본인 스스로가 교번 근무에 잘 적응할 수 있다고 생각하십니까 어 만약 그렇다면 그 이유도 함께 구체적으로 얘기해 주세요","wordCount":19},"emotion":[],"intent":[]},"answer":{"raw":{"text":"저는 교번 근무에도 잘 적응할 수 있습니다. 왜냐하면 저는 평소에도 늦게까지 업무를 잘 수행하는 편이기 때문입니다. 저는 항상 규 고정된 시간에 출근하고 업무를 보는 것이 단조롭다고 느낍니다. 하지만 교번 근무를 하게 되면 주기적으로 근무하는 시간 대나 출근하는 시간 대들이 달라지고 이로 인해서 제 일상이 단조롭게 느껴지지 않을 수 있습니다. 똑같은 일상이 반복되는 것은 기계와 다를 바 없는 생활이라고 생각하기 때문에 같은 업무를 반복하더라도 시간 대가 다르다면 제가 느끼는 환경도 다르게 느껴집니다. 아침에 근무하는 것과 저녁에 근무하는 것은 저에게 큰 차이가 있기 때문에 아침에 근무할 때도 아침에 근무할 때는 상쾌하고 저녁에 근무할 때는 집중이 잘 되는 편입니다. 그래서 잘 수행해 나갈 수 있습니다.","wordCount":102},"emotion":[],"intent":[{"text":"","expression":"","category":"attitude"}],"summary":{"text":"교번 근무를 하게 되면 주기적으로 근무하는 시간 대나 출근하는 시간 대들이 달라지고 제 일상이 단조롭게 느껴지지 않을 수 있습니다. 그래서 제가 아침에 근무하는 것과 저녁에 근무하는 것은 큰 차이가 있어서 아침에 근무할 때는 상쾌하고 저녁에는 집중이 잘 되는 편입니다.","wordCount":39}}},"rawDataInfo":{"question":{"fileFormat":"wav","fileSize":463438,"duration":14480,"samplingBit":16,"channelCount":1,"samplingRate":"16kHz","audioPath":"/Mock/01.Management/Female/New/ckmk_q_bm_f_n_178390.wav"},"answer":{"fileFormat":"wav","fileSize":2793678,"duration":87300,"samplingBit":16,"channelCount":1,"samplingRate":"16kHz","audioPath":"/Mock/01.Management/Female/New/ckmk_a_bm_f_n_178390.wav"}}}