{"version":"1.0","dataSet":{"info":{"date":"20230116","occupation":"BM","channel":"MOCK","place":"ONLINE","gender":"FEMALE","ageRange":"35-44","experience":"NEW"},"question":{"raw":{"text":"현재 우리 회사는 중국 시장을 넘어 동남아 시장의 진출을 꿈꾸고 있는데 회사에서 진출하려는 다음 국가를 선택할 때 어떤 기준으로 해야 할지 본인의 의견을 말씀해 주세요","wordCount":25},"emotion":[],"intent":[]},"answer":{"raw":{"text":"회사에서 진출을 하려는 국가로 미국을 선택했으면 좋겠습니다. 그 이유는 현재 세계를 움직이고 있는 나라가 미국이고 전 세계 금융 무역 경제의 중심이기 때문입니다. 또 그렇기에 외국계 기업의 본사와 타국가의 지사가 많은 것으로 알고 있습니다. 세계 굴지의 기업들이 모여있는 국가인 만큼 귀사가 진출할 나라로 미국을 선택한다면 많은 발전이 있을 거라 생각합니다.","wordCount":49},"emotion":[],"intent":[{"text":"","expression":"","category":"attitude"}],"summary":{"text":"세계 굴지의 기업들이 모여있는 국가인 만큼 귀사가 진출할 나라로 미국을 선택한다면 많은 발전이 있을 것이라 생각합니다. 이는 회사에서 진출을 하려는 국가로 미국을 선택했으면 좋겠습니다.","wordCount":24}}},"rawDataInfo":{"question":{"fileFormat":"wav","fileSize":566478,"duration":17700,"samplingBit":16,"channelCount":1,"samplingRate":"16kHz","audioPath":"/Mock/01.Management/Female/New/ckmk_q_bm_f_n_187559.wav"},"answer":{"fileFormat":"wav","fileSize":1191118,"duration":37220,"samplingBit":16,"channelCount":1,"samplingRate":"16kHz","audioPath":"/Mock/01.Management/Female/New/ckmk_a_bm_f_n_187559.wav"}}}