{"version":"1.0","dataSet":{"info":{"date":"20230116","occupation":"BM","channel":"MOCK","place":"ONLINE","gender":"FEMALE","ageRange":"-34","experience":"NEW"},"question":{"raw":{"text":"본인이 이제 직무를 수행을 할 때 모르는 과제가 등장을 했다면 어떻게 해결을 할 건지 어 그 해결법과 이유를 말씀을 해 주시기 바랍니다","wordCount":22},"emotion":[],"intent":[]},"answer":{"raw":{"text":"직무 수행 시 모르는 과제가 등장한다면 어 저는 동료나 혹은 선배분들께 반드시 물어보고 해결을 할 것 같습니다. 음 지금까지 제가 다양한 곳에서 아르바이트를 하고 또 일을 하면서 음 제가 모르는 난감한 상황들에 처할 때가 많았는데요. 그때마다 제가 스스로 판단해서 제 임의대로 무언가를 진행하기보다 어 여러 사람의 의견을 듣고 이를 진행하였을 때 결과가 더 좋았습니다. 음 물론 제가 무언가를 하고 그로 인한 결과를 제가 온전히 다 책임질 수 있는 그 정도의 사안이라면 어 제 나름대로 해결책을 강구하여서 해결해 보겠지만 그렇지 않고 제가 무언가를 잘못하였을 때 다른 사람들에게도 영향을 많이 미칠 수 있는 일이라면 어 저는 제가 혼자서 해결하지 않고 다른 분들에게 물어보고 진행하는 방법으로 진행할 것 같습니다.","wordCount":106},"emotion":[],"intent":[{"text":"","expression":"","category":"attitude"}],"summary":{"text":"저는 혼자서 무언가를 하고 그로 인한 결과를 온전히 다 책임질 수 있는 사안이라면 해결책을 강구하여서 해결해 보겠지만, 그렇지 않고 누군가가 잘못하였을 때 다른 사람들에게도 영향을 많이 미칠 수 있는 일이라면 다른 분들께 묻고 진행하는 방법으로 진행할 것 같습니다.","wordCount":38}}},"rawDataInfo":{"question":{"fileFormat":"wav","fileSize":495438,"duration":15480,"samplingBit":16,"channelCount":1,"samplingRate":"16kHz","audioPath":"/Mock/01.Management/Female/New/ckmk_q_bm_f_n_184910.wav"},"answer":{"fileFormat":"wav","fileSize":2228558,"duration":69640,"samplingBit":16,"channelCount":1,"samplingRate":"16kHz","audioPath":"/Mock/01.Management/Female/New/ckmk_a_bm_f_n_184910.wav"}}}