{"version":"1.0","dataSet":{"info":{"date":"20230116","occupation":"BM","channel":"MOCK","place":"ONLINE","gender":"FEMALE","ageRange":"35-44","experience":"NEW"},"question":{"raw":{"text":"면접자님 본인이 가지고 있는 장점과 단점에 대해서 한 가지씩 설명해 주시고 어 어떻게 이것을 특화하거나 극복하기 위했는지 노력도 함께 말씀해 주시면 감사하겠습니다","wordCount":22},"emotion":[],"intent":[]},"answer":{"raw":{"text":"마침 제가 지난주에 장점과 단점을 파악하는 설문조사를 한 적이 있었습니다. 네 최고의 장점으로 뽑혔던 두 가지는 친절과 커뮤니케이션 능력이었습니다. 반면 최악의 단점으로 뽑혔던 두 가지는 결단력과 타인에게 성취 압력을 가하는 능력이었습니다. 어 저는 친절한 성격을 기본적으로 가지고 있고 이 성격을 바탕으로 다른 사람들과 커뮤니케이션을 하고 협업을 이끌어내는 일을 아주 잘 할 수 있습니다. 반면에 어떤 일을 결단력 있게 실행하고 또는 상대방으로 하여금 해야 될 일을 강하게 푸시해서 이루게 하는 능력은 좀 부족합니다. 그렇지만 제가 갖고 있는 장점 상대방의 마음을 사고 어 상대방으로 하여금 기분 좋게 일을 할 수 있게 만드는 장점을 갖고 단점을 극복할 수 있다고 생각합니다. 저와 일하는 사람들이 즐겁게 일을 한다면 자연스럽게 스스로 원하는 바를 해야 할 바를 이룰 수 있도록 목표를 달성하게 하는데 도움이 될 거라고 생각합니다.","wordCount":120},"emotion":[],"intent":[{"text":"네 최고의 장점으로 뽑혔던 두 가지는 친절과 커뮤니케이션 능력이었습니다.","expression":"c_person","category":"background"},{"text":"어 저는 친절한 성격을 기본적으로 가지고 있고 이 성격을 바탕으로 다른 사람들과 커뮤니케이션을 하고 협업을 이끌어내는 일을 아주 잘 할 수 있습니다.","expression":"c_person","category":"background"}],"summary":{"text":"장점과 단점을 파악하는 설문조사에서 최고의 장점은 친절과 커뮤니케이션 능력이었고 최악의 단점은 결단력과 타인에게 성취 압력을 가하는 능력이었습니다. 저는 친절한 성격을 바탕으로 다른 사람들과 커뮤니케이션을 하고 협업을 이끌어내는 일을 아주 잘 할 수 있지만 결단력 있는 실행 능력은 부족합니다.","wordCount":38}}},"rawDataInfo":{"question":{"fileFormat":"wav","fileSize":464718,"duration":14520,"samplingBit":16,"channelCount":1,"samplingRate":"16kHz","audioPath":"/Mock/01.Management/Female/New/ckmk_q_bm_f_n_180223.wav"},"answer":{"fileFormat":"wav","fileSize":2405518,"duration":75170,"samplingBit":16,"channelCount":1,"samplingRate":"16kHz","audioPath":"/Mock/01.Management/Female/New/ckmk_a_bm_f_n_180223.wav"}}}