{"version":"1.0","dataSet":{"info":{"date":"20230116","occupation":"BM","channel":"MOCK","place":"ONLINE","gender":"FEMALE","ageRange":"-34","experience":"NEW"},"question":{"raw":{"text":"지원자님께서는 주변 사람들과 협업을 통한 과제 혹은 혼자 수행하는 과제 중에 어느 것을 더 선호하는 편이신가요 어 그것을 더 선호하시는 이유를 함께 설명해 주시기 바랍니다","wordCount":25},"emotion":[],"intent":[]},"answer":{"raw":{"text":"저는 협업하는 과제와 혼자 하는 과제 중에서 혼자 하는 작업을 더 좋아하는 편입니다. 어 왜냐하면 혼자 과제를 하게 되면 제 페이스에 맞게 그리고 제 스타일에 맞게 그 업무를 해 나갈 수 있고 그렇게 했을 때 업무의 효과성이나 효율성이 더 좋기 때문입니다. 어 다시 말해서 더 쉽고 빠르게 그리고 완성도 있게 일을 해 나갈 수 있기 때문인데요. 하지만 협업하는 과제에도 자신이 없는 것은 아닙니다. 대학 시절부터 이전 직장 생활까지 어 많은 협업하는 프로젝트가 있었는데요. 그 프로젝트에서도 어떤 모난 행동이나 아니면 협업에 방해가 되는 어 활동이나 행동을 하지는 않았구요. 어 오히려 협업에 도움이 되는 사람으로 많이 활동을 했습니다. 그렇기 때문에 협업하는 과제나 혼자 하는 과제 어 두 가지 다 자신이 있습니다.","wordCount":109},"emotion":[{"text":"대학 시절부터 이전 직장 생활까지 어 많은 협업하는 프로젝트가 있었는데요.","expression":"u-fact","category":"neutral"}],"intent":[{"text":"","expression":"","category":"attitude"}],"summary":{"text":"저는 협업하는 과제와 혼자 하는 과제 중에서 혼자 하는 작업을 더 좋아하는 편입니다. 왜냐하면 혼자 과제를 하게 되면 제 페이스에 맞게 그리고 스타일에 맞게 업무를 해 나갈 수 있고 업무의 효과성이나 효율성이 더 좋기 때문입니다.","wordCount":35}}},"rawDataInfo":{"question":{"fileFormat":"wav","fileSize":483278,"duration":15100,"samplingBit":16,"channelCount":1,"samplingRate":"16kHz","audioPath":"/Mock/01.Management/Female/New/ckmk_q_bm_f_n_183613.wav"},"answer":{"fileFormat":"wav","fileSize":2006478,"duration":62700,"samplingBit":16,"channelCount":1,"samplingRate":"16kHz","audioPath":"/Mock/01.Management/Female/New/ckmk_a_bm_f_n_183613.wav"}}}