{"version":"1.0","dataSet":{"info":{"date":"20230116","occupation":"BM","channel":"MOCK","place":"ONLINE","gender":"FEMALE","ageRange":"-34","experience":"NEW"},"question":{"raw":{"text":"어 휴식을 취할 때는 어떤 일들을 하는지 궁금하구요 왜 그런 것을 하면서 휴식을 취하는지도 이유와 함께 말씀해 주세요","wordCount":18},"emotion":[],"intent":[]},"answer":{"raw":{"text":"저는 휴식을 취할 때 주로 명상을 하는 편입니다. 왜냐하면 티비를 보거나 아니면 다른 사람들을 만나도 피로감을 느낄 때가 있습니다. 그럴 때는 명상이 가장 좋은 휴식 방법이라고 생각합니다. 명상을 하면 나의 머리도 맑아질 수 있고 그리고 몸도 같이 편안해짐을 느낍니다. 몸과 정신은 같이 통해져 있는 것이기 때문에 둘 중 하나만 건강하다고 해서 그것을 건강한 상태라고 말할 수 없습니다. 둘 다 건강해야지 진정한 건강한 상태이며 그러므로 명상은 몸과 마음 둘 다를 건강하게 만드는 휴식 방법이라고 생각할 수 있습니다. 그래서 명상을 자주 하는 편이고 명상을 하면 나의 머리나 그리고 감정들도 정리되기 때문에 더 일의 능률이 높아진다 라고 생각합니다. 평상시 제가 생활하는 생활 방식도 좋아지고 그리고 그에 대한 긍정적인 효과는 저의 업무로도 이루어져 보다 나은 사람이 되어 정말 긍정적이고 그리고 보다 편안한 사람 편안한 업무 효율을 보일 수 있다 라고 생각합니다. 그래서 명상이 저의 주로 휴식하는 방법입니다.","wordCount":133},"emotion":[],"intent":[{"text":"","expression":"","category":"attitude"}],"summary":{"text":"티비나 다른 사람들을 만나도 피로감을 느낄 때가 있는데, 그럴 때는 명상이 가장 좋은 휴식 방법이라고 생각합니다. 명상을 하면 머리도 맑아지고 몸도 같이 편안해짐을 느낍니다. 몸과 정신 둘 다 건강해야 진정한 건강한 상태라고 할 수 있습니다. 그래서 명상이 저의 몸과 마음 둘 다 건강한 휴식 방법이라 할 수 있습니다.","wordCount":48}}},"rawDataInfo":{"question":{"fileFormat":"wav","fileSize":312398,"duration":9760,"samplingBit":16,"channelCount":1,"samplingRate":"16kHz","audioPath":"/Mock/01.Management/Female/New/ckmk_q_bm_f_n_182841.wav"},"answer":{"fileFormat":"wav","fileSize":2764558,"duration":86390,"samplingBit":16,"channelCount":1,"samplingRate":"16kHz","audioPath":"/Mock/01.Management/Female/New/ckmk_a_bm_f_n_182841.wav"}}}