{"version":"1.0","dataSet":{"info":{"date":"20230116","occupation":"BM","channel":"MOCK","place":"ONLINE","gender":"FEMALE","ageRange":"45-54","experience":"NEW"},"question":{"raw":{"text":"지원자께서는 대학 생활을 보내면서 가장 힘들었던 경험이 무엇이었는지 궁금합니다 그리고 그것을 어떻게 극복했는지도 함께 말씀해 주시길 바랍니다","wordCount":17},"emotion":[],"intent":[]},"answer":{"raw":{"text":"아 네 저의 대학 생활은 어 실제로 일반 대학생처럼 그러니까 대부분은 뭐 인문계 고등학교를 졸업하고 대학을 가고 이제 그런 부분인데 어 저는 이제 가정 형편상 어 실업계 고등학교로 가면서 어 일찍 사회에 진출을 했었구요. 그러면서 일과 학업을 좀 같이 병행을 했었기 때문에 사실 그 사 년 동안이 물론 뭐 휴학을 하고 또 회사 업무를 하고 다시 또 복학을 할 수 있었지만 아 사 년을 내리 열심히 공부해서 이제 졸업을 했습니다. 고 기간 동안이 사실은 시간적으로나 또 뭐 업무를 하면서 하는 거기 때문에 또 업무만 중요한 게 아니라 회사의 상사 눈치도 보고 하면서 어 공부를 한다는 게 경제적으로나 시간적으로 너무 너무 힘들었었는데요. 사실 그날 그날 열심히 하자 라는 모토 아래 하다 보니 졸업을 했고요. 그래서 그런 경험을 발판 삼아 지금은 뭐 어려운 일이 없다고 생각하면서 살고 있습니다.","wordCount":126},"emotion":[{"text":"아 네 저의 대학 생활은 어 실제로 일반   대학생처럼 그러니까 대부분은 뭐 인문계 고등학교를 졸업하고 대학을 가고   이제 그런 부분인데 어 저는 이제 가정 형편상 어 실업계 고등학교로 가면서   어 일찍 사회에 진출을 했었구요.","expression":"u-fact","category":"neutral"},{"text":"고 기간 동안이 사실은 시간적으로나 또 뭐 업무를 하면서   하는 거기 때문에 또 업무만 중요한 게 아니라 회사의 상사 눈치도 보고 하면서 어   공부를 한다는 게 경제적으로나 시간적으로 너무 너무 힘들었었는데요.","expression":"n-distress","category":"negative"}],"intent":[{"text":"아 네 저의 대학 생활은 어 실제로 일반   대학생처럼 그러니까 대부분은 뭐 인문계 고등학교를 졸업하고 대학을 가고   이제 그런 부분인데 어 저는 이제 가정 형편상 어 실업계 고등학교로 가면서   어 일찍 사회에 진출을 했었구요.","expression":"c_private","category":"background"}],"summary":{"text":"저는 실업계 고등학교로 가면서 일찍 사회에 진출했습니다. 그러면서 일과 학업을 병행하면서 사 년을 내리 열심히 공부해서 졸업을 했습니다. 그 경험을 발판 삼아 지금은 어려운 일이 없다고 생각하고 있습니다.","wordCount":28}}},"rawDataInfo":{"question":{"fileFormat":"wav","fileSize":507598,"duration":15860,"samplingBit":16,"channelCount":1,"samplingRate":"16kHz","audioPath":"/Mock/01.Management/Female/New/ckmk_q_bm_f_n_175022.wav"},"answer":{"fileFormat":"wav","fileSize":2557518,"duration":79920,"samplingBit":16,"channelCount":1,"samplingRate":"16kHz","audioPath":"/Mock/01.Management/Female/New/ckmk_a_bm_f_n_175022.wav"}}}