{"version":"1.0","dataSet":{"info":{"date":"20230116","occupation":"BM","channel":"MOCK","place":"ONLINE","gender":"FEMALE","ageRange":"35-44","experience":"NEW"},"question":{"raw":{"text":"다른 지원자들에 비해 지원자님만이 가진 차별성 장점을 어필한다면 어떤 것이 있는지 설명해 줄 수 있으십니까","wordCount":15},"emotion":[],"intent":[]},"answer":{"raw":{"text":"다른 사람과 구별할 수 있는 저만의 경쟁력은 관심 분야에 대한 집중력 이라고 생각합니다. 구체적 사례로 주변 사람들은 경로 검색 서비스보다 저희 정보를 더욱 신뢰하고 저를 인간 내비게이션 내비게이션이라고 부릅니다. 지리와 교통수단에 관심이 많아 생소한 지명을 접하게 되면 그 지역을 지나는 노선을 찾아보고 그 구간을 직접 이용해 보는 취미를 가지고 있습니다. 관심 있는 지리적 아 관심 있는 지역의 지리적 환경을 느끼고 꼼꼼히 기록하며 정보를 획득했습니다. 새로운 노선이 개통하면 개통식에 참여해 유용한 정보를 획득하기도 했습니다. 이러한 정보는 혼자 가치고 있기보다는 공유할 때 그 가치가 더 커진다고 생각했고 획득한 정보를 주변 사람들에게 나누어 유용한 가치를 제공해 주었습니다. 집중력을 발휘해 좋은 결과를 내는 직원이 되도록 노력하겠습니다.","wordCount":102},"emotion":[],"intent":[{"text":"","expression":"","category":"attitude"}],"summary":{"text":"다른 사람과 구별할 수 있는 저만의 경쟁력은 관심 분야에 대한 집중력입니다. 이러한 정보는 혼자 가치고 있기보다는 공유할 때 그 가치가 더 커진다고 생각했고 획득한 정보를 주변 사람들에게 나누어 유용한 가치를 제공해 주었습니다. 집중력을 발휘해 좋은 결과를 내는 직원이 되겠습니다.","wordCount":39}}},"rawDataInfo":{"question":{"fileFormat":"wav","fileSize":524878,"duration":16400,"samplingBit":16,"channelCount":1,"samplingRate":"16kHz","audioPath":"/Mock/01.Management/Female/New/ckmk_q_bm_f_n_184964.wav"},"answer":{"fileFormat":"wav","fileSize":2136718,"duration":66770,"samplingBit":16,"channelCount":1,"samplingRate":"16kHz","audioPath":"/Mock/01.Management/Female/New/ckmk_a_bm_f_n_184964.wav"}}}