{"version":"1.0","dataSet":{"info":{"date":"20230116","occupation":"BM","channel":"MOCK","place":"ONLINE","gender":"FEMALE","ageRange":"-34","experience":"NEW"},"question":{"raw":{"text":"지금까지 살아오시면서 가장 힘들었던 경험이 뭔지 궁금하거든요 그리고 그때 어떻게 극복을 하셨는지도 궁금합니다","wordCount":13},"emotion":[],"intent":[]},"answer":{"raw":{"text":"저는 제가 지금까지 살아오면서 가장 힘들었을 때는 제가 뉴질랜드로 잠깐 어학연수를 갔을 때 였다고 생각을 합니다. 그때 기간이 오래 있었진 않지만 쪼끔 향수병이 와서 굉장히 힘들었던 기억이 있습니다. 한인 타운에서 살지 않고 뭐 이제 뉴질랜드인들과 함께 살았기 때문에 음식에 대한 향수병도 심했고 이제 한국 문화에 대한 향수병이 되게 심해서 그때 당시에 너무 힘들었던 기억이 있습니다. 저는 그 경험을 그 향수병의 경험을 어떻게 극복했냐면 저는 드라마를 많이 봤습니다. 한국 드라마를 찾아보면서 나는 어차피 갈 곳이니까 여기서 최대한 잘 지내자 라는 생각을 하면서 향수병을 극복했던 것 같습니다.","wordCount":85},"emotion":[{"text":"한인 타운에서 살지 않고 뭐 이제 뉴질랜드인들과 함께 살았기 때문에 음식에 대한 향수병도 심했고 이제 한국 문화에 대한 향수병이 되게 심해서 그때 당시에 너무 힘들었던 기억이 있습니다.","expression":"n-distress","category":"negative"}],"intent":[{"text":"저는 제가 지금까지 살아오면서 가장 힘들었을 때는 제가 뉴질랜드로 잠깐 어학연수를 갔을 때 였다고 생각을 합니다.","expression":"c_private","category":"background"}],"summary":{"text":"저는 뉴질랜드로 어학연수를 갔을 때 향수병이 와서 굉장히 힘들었던 기억이 있습니다. 한국 문화에 대한 향수병이 심해서 드라마를 보며 최대한 잘 지내자 라는 생각을 하면서 극복했던 것 같습니다.","wordCount":27}}},"rawDataInfo":{"question":{"fileFormat":"wav","fileSize":449038,"duration":14030,"samplingBit":16,"channelCount":1,"samplingRate":"16kHz","audioPath":"/Mock/01.Management/Female/New/ckmk_q_bm_f_n_177771.wav"},"answer":{"fileFormat":"wav","fileSize":2000398,"duration":62510,"samplingBit":16,"channelCount":1,"samplingRate":"16kHz","audioPath":"/Mock/01.Management/Female/New/ckmk_a_bm_f_n_177771.wav"}}}