{"version":"1.0","dataSet":{"info":{"date":"20230116","occupation":"BM","channel":"MOCK","place":"ONLINE","gender":"FEMALE","ageRange":"45-54","experience":"NEW"},"question":{"raw":{"text":"오늘 면접 준비하시느라 고생을 정말 많이 하셨을 것 같아요 혹시 면접을 어떠한 방식으로 준비하셨는지 어 장세히 설명을 해 주실 수 있으실까요","wordCount":21},"emotion":[],"intent":[]},"answer":{"raw":{"text":"어 네 면접 준비는 이제 많이 긴장도 되고 또 어 붙고 싶은 그런 마음이 강하다 보니까 많이 떨리기도 하고 그랬는데요. 어 그래서 준비를 좀 더 철저히 하고자 했고 아 제가 좀 다른 사람 앞에서 말하거나 이제 발표하는 부분이 많이 익숙치 않아서 그게 좀 많이 부담스러웠습니다. 그렇기 때문에 사실 이렇게 말하는 이런 모습을 동영상으로 촬영을 해서 내가 다시 한 번 보거나 이렇게 많이 했었구요. 그것도 처음에 볼 때는 굉장히 어색하고 했는데 자주 해야 하다 보니 또 뭐 별거 아닌 것 같더라구요. 그래서 그런 것도 많이 했고 어 뉴스나 이런 그 시사적인 부분도 어 많이 알아두려고 노력을 했구요. 인터넷 강의라던지 이런 부분 보면서 많이 참고 했었던 것 갔습니다.","wordCount":106},"emotion":[{"text":"어 네 면접 준비는 이제 많이 긴장도 되고 또 어   붙고 싶은 그런 마음이 강하다","expression":"n-anxiety","category":"negative"}],"intent":[{"text":"","expression":"","category":"attitude"}],"summary":{"text":"면접 준비는 많이 긴장되고 떨렸지만, 준비를 좀 더 철저히 하고자 했고 발표 부분이 익숙지 않아 동영상 촬영을 해서 보았습니다. 시사적인 부분도 알아두려고 노력했습니다.","wordCount":23}}},"rawDataInfo":{"question":{"fileFormat":"wav","fileSize":403918,"duration":12620,"samplingBit":16,"channelCount":1,"samplingRate":"16kHz","audioPath":"/Mock/01.Management/Female/New/ckmk_q_bm_f_n_182039.wav"},"answer":{"fileFormat":"wav","fileSize":2220878,"duration":69400,"samplingBit":16,"channelCount":1,"samplingRate":"16kHz","audioPath":"/Mock/01.Management/Female/New/ckmk_a_bm_f_n_182039.wav"}}}