{"version":"1.0","dataSet":{"info":{"date":"20230116","occupation":"BM","channel":"MOCK","place":"ONLINE","gender":"FEMALE","ageRange":"55-","experience":"NEW"},"question":{"raw":{"text":"비투비 시장을 공략하는 데 어떤 전략이 필요할까요 가장 효과적으로 생각하는 전략을 지원자님이 말씀해 주세요","wordCount":14},"emotion":[],"intent":[]},"answer":{"raw":{"text":"비투비 시장에서는 지금 어 지금 많은 사람들이 에스앤에스나 인터넷으로나 여러 가지 그 어 홈쇼핑 채널을 통해서 어 많은 물건을 구입하고 정보를 구입하고 있습니다. 가장 효과적인 전략이라면 가장 좋은 물건을 어 적정한 가격에 아 아 판매하고 공급하는 것이 가장 중요한 일일 것 같구요. 음 한 단 한 건의 불량품이나 단 한 건의 문제가 있는 제품에 대해서도 성실하게 끝까지 어 책임을 지어주고 그래서 거기서 신뢰를 쌓아서 그 신뢰가 바탕이 되어 그 그 기업이 아 차근차근 성장하는데 가장 중요한 일이라고 생각합니다. 아 그래서 가장 어 필요한 전략은 어 가장 좋은 물건을 가장 합리적인 가격으로 어 잘 선점해서 고객들의 니즈를 실현해 주고 어 신뢰를 쌓아가면서 음 어 그 고 어 그 우리 그 기업에 대한 이미지를 공고히 하는 것이 가장 효과적인 전략이라고 생각하며 어 고객의 고객에게는 어 그 에이에스나 그 교환 상품을 통해서 만족을 시켜 드리기로 하겠습니다.","wordCount":133},"emotion":[],"intent":[{"text":"","expression":"","category":"attitude"}],"summary":{"text":"비투비 시장에서 가장 효과적인 전략은 가장 좋은 물건을 적정한 가격에 판매하고 공급하는 것이며, 불량품이나 문제가 있는 제품에 대해서도 성실하게 책임을 지어주고 거기서 신뢰를 쌓아서 기업이 성장하는데 가장 중요한 일이라고 생각합니다.","wordCount":30}}},"rawDataInfo":{"question":{"fileFormat":"wav","fileSize":345678,"duration":10800,"samplingBit":16,"channelCount":1,"samplingRate":"16kHz","audioPath":"/Mock/01.Management/Female/New/ckmk_q_bm_f_n_174218.wav"},"answer":{"fileFormat":"wav","fileSize":2859918,"duration":89370,"samplingBit":16,"channelCount":1,"samplingRate":"16kHz","audioPath":"/Mock/01.Management/Female/New/ckmk_a_bm_f_n_174218.wav"}}}