{"version":"1.0","dataSet":{"info":{"date":"20230116","occupation":"BM","channel":"MOCK","place":"ONLINE","gender":"FEMALE","ageRange":"-34","experience":"NEW"},"question":{"raw":{"text":"예 응시자님이 이제 보고서나 기안 등 결재를 하기 위한 어떤 문서를 작성하시거나 또 보고해 본 경험이 있다면 설명해 주시겠습니까","wordCount":19},"emotion":[],"intent":[]},"answer":{"raw":{"text":"저는 보고서 작성을 자주 했었는데요. 그리고 제가 전 회사에서 보고서를 작성을 하고 보고를 해 본 적이 있습니다. 그래서 제가 보고서 작성을 했을 때 처음에는 틀을 제가 잘 확인을 못해서 실수한 적도 있었는데 그 뒤에 아 전에 했던 분들의 틀을 다 확인을 해 봤고 그 중에서 저런 가장 잘 맞는 틀을 제가 확인을 해서 작성을 하니까 정말 칭찬도 많이 받았었고요. 그리고 보고를 할 때 제가 좀 더 자신감 있는 모습 그리고 제가 중요하게 이야기를 하고 싶은 포인트를 제가 보고를 하다 보니까 그때도 제 보고서가 좋은 반응을 얻었던 것 같습니다. 그래서 그런 점이 제 보고서 결제를 할 때 문서를 더욱더 빛나게 해 줬던 것 같고요. 그리고 저는 항상 보고서를 작성과 보고를 해 왔기 때문에 더 잘 할 자신이 있습니다.","wordCount":117},"emotion":[{"text":"그래서 제가 보고서 작성을 했을 때 처음에는 틀을   제가 잘 확인을 못해서 실수한 적도 있었는데 그 뒤에 아 전에 했던 분들의 틀을 다 확인을 해 봤고 그 중에서 저런 가장 잘 맞는 틀을 제가 확인을 해서   작성을 하니까 정말 칭찬도 많이 받았었고요.","expression":"p-achievement","category":"positive"}],"intent":[{"text":"저는 보고서 작성을 자주 했었는데요.","expression":"m_admin","category":"technology"},{"text":"그리고 제가 전 회사에서 보고서를 작성을 하고   보고를 해 본 적이 있습니다.","expression":"m_admin","category":"technology"},{"text":"그래서 제가 보고서 작성을 했을 때 처음에는 틀을   제가 잘 확인을 못해서 실수한 적도 있었는데 그 뒤에 아 전에 했던 분들의 틀을 다 확인을 해 봤고 그 중에서 저런 가장 잘 맞는 틀을 제가 확인을 해서   작성을 하니까 정말 칭찬도 많이 받았었고요.","expression":"m_admin","category":"technology"},{"text":"그리고 저는   항상 보고서를 작성과 보고를 해 왔기 때문에 더 잘 할 자신이 있습니다.","expression":"m_admin","category":"technology"}],"summary":{"text":"저는 보고서를 자주 작성하고 보고를 해 본 적이 있습니다. 보고서 작성을 했을 때 가장 잘 맞는 틀을 제가 확인을 해서 작성을 하니 칭찬도 많이 받았고, 보고할 때 자신감 있는 모습과 중요한 포인트를 보고를 하다 보니 제 보고서가 좋은 반응을 얻어 문서가 더욱 빛났습니다.","wordCount":43}}},"rawDataInfo":{"question":{"fileFormat":"wav","fileSize":565838,"duration":17680,"samplingBit":16,"channelCount":1,"samplingRate":"16kHz","audioPath":"/Mock/01.Management/Female/New/ckmk_q_bm_f_n_176210.wav"},"answer":{"fileFormat":"wav","fileSize":2266318,"duration":70820,"samplingBit":16,"channelCount":1,"samplingRate":"16kHz","audioPath":"/Mock/01.Management/Female/New/ckmk_a_bm_f_n_176210.wav"}}}