{"version":"1.0","dataSet":{"info":{"date":"20230116","occupation":"BM","channel":"MOCK","place":"ONLINE","gender":"FEMALE","ageRange":"-34","experience":"NEW"},"question":{"raw":{"text":"지원자님이 그동안 속해 있었던 조직이나 단체 속에서 주로 어떤 역할을 하는 사람이었는지 저희한테 말씀해 주실 수 있을까요","wordCount":17},"emotion":[],"intent":[]},"answer":{"raw":{"text":"음 저는 사실 원하지는 않지만 그리고 성향이 조금 달라졌지만 일을 주도해 내는 역할을 많이 했습니다. 제가 계획을 정말 빨리 진행시키려고 하는 편인데 제가 남들보다 유달리 그러기 때문에 다른 사람들이 일을 진행시키는 속도나 그런 미흡한 부분들에 대해서 참을성이 조금 없습니다. 차라리 제가 일을 진행시키자 라고 생각을 하고 그렇게 속도를 내서 리더로서 일을 진행시키는 걸 좋아합니다.","wordCount":54},"emotion":[],"intent":[{"text":"","expression":"","category":"attitude"}],"summary":{"text":"저는 일을 주도해 내는 역할을 많이 했습니다. 그래서 다른 사람들이 일을 진행시키는 속도나 미흡한 부분들에 대해 참을성이 조금 없습니다.","wordCount":19}}},"rawDataInfo":{"question":{"fileFormat":"wav","fileSize":409038,"duration":12780,"samplingBit":16,"channelCount":1,"samplingRate":"16kHz","audioPath":"/Mock/01.Management/Female/New/ckmk_q_bm_f_n_171848.wav"},"answer":{"fileFormat":"wav","fileSize":1539918,"duration":48120,"samplingBit":16,"channelCount":1,"samplingRate":"16kHz","audioPath":"/Mock/01.Management/Female/New/ckmk_a_bm_f_n_171848.wav"}}}