{"version":"1.0","dataSet":{"info":{"date":"20230116","occupation":"BM","channel":"MOCK","place":"ONLINE","gender":"FEMALE","ageRange":"-34","experience":"NEW"},"question":{"raw":{"text":"지원자님의 직무에 맞지 않는 일을 하게 되신다면 어떻게 하시겠어요 그래도 괜찮으시겠습니까","wordCount":11},"emotion":[],"intent":[]},"answer":{"raw":{"text":"만약 저에게 직무에 맞지 않는 일을 주신다면 전 그래도 최선을 다해서 열심히 하겠습니다. 모든 일이 제가 원하는 일을 다 할 수가 없고 제가 하고 싶지 않은 일도 하게 된다고 생각을 합니다. 그래서 직무에 맞지 않는 일을 하게 되더라도 저는 최선을 다해서 열심히 할 것 같고요. 그리고 실제로도 제가 전 회사에서도 직무에 맞지 않은 일까지 다 도맡아서 많이 했었는데 직무에 맞지 않는 일을 할 때도 저에게 도움이 되는 점이 분명히 있었고 그걸 통해서 아 제가 어떤 재능이 있다 제가 또 다른 재능을 발견한 적도 있었습니다. 그래서 저는 제가 사실 컴퓨터를 잘 운영 못한다고 생각을 했었는데 막상 하다 보니까 컴퓨터랑도 제가 잘 맞다 라는 생각이 들었고 굉장히 그 실력도 많이 늘게 되었습니다. 그래서 직무에 맞지 않은 일을 이 주어진다고 하더라도 저는 최선을 다해서 열심히 하고요. 그리고 그 일이 맞지 않는다면 그때 회사에서 제가 뭐 말씀을 드리던가 할 것 같지만 뭐 제가 최선을 다한다면 맞지 않는 일은 없을 것 같습니다.","wordCount":147},"emotion":[],"intent":[{"text":"","expression":"","category":"attitude"}],"summary":{"text":"모든 일이 제가 원하는 일을 다 할 수 없고 하고 싶지 않은 일도 하게 된다고 생각을 합니다. 하지만 제가 직무에 맞지 않는 일을 하게 되더라도 최선을 다해서 열심히 할 것 같습니다. 그 일이 맞지 않는다면 회사에서 제가 어떤 말씀을 드리던가 할 것 같지만 제가 최선을 다한다면 맞지 않는 일은 없을 것 같습니다.","wordCount":52}}},"rawDataInfo":{"question":{"fileFormat":"wav","fileSize":250958,"duration":7840,"samplingBit":16,"channelCount":1,"samplingRate":"16kHz","audioPath":"/Mock/01.Management/Female/New/ckmk_q_bm_f_n_175197.wav"},"answer":{"fileFormat":"wav","fileSize":2421198,"duration":75660,"samplingBit":16,"channelCount":1,"samplingRate":"16kHz","audioPath":"/Mock/01.Management/Female/New/ckmk_a_bm_f_n_175197.wav"}}}