{"version":"1.0","dataSet":{"info":{"date":"20230116","occupation":"BM","channel":"MOCK","place":"ONLINE","gender":"FEMALE","ageRange":"-34","experience":"NEW"},"question":{"raw":{"text":"태어나서 지금까지 한 일들 가운데 가장 후회했던 일이 있다면 무엇인지 말씀 부탁드리겠습니다 한 가지만 골라서 말씀해 주세요","wordCount":17},"emotion":[],"intent":[]},"answer":{"raw":{"text":"태어나서 지금까지 한 일들 중에 크고 작은 후회들이 있지만 대체적으로 전 잘 후회를 안 하는 편입니다. 그럼에도 불구하고 크게 후회하는 한 가지를 선택하고자 하자면 음 저 같은 경우는 언어를 외 제 이 외국어를 조금 더 많이 배우지 않았다 않았던 부분을 약간 후회하는 것 같습니다. 저에게 쪼금 더 아랍어와가 중국어를 깊게 배울 기회가 있었음에도 불구하고 영어란 언어 하나만 쪼금 더 익힌 데 제가 치중하기 치중해서 아랍어와 중국어를 많이 깊게 배우지 깊게 배우려고 노력을 많이 하지 않았고 그 시기에 과거에 그렇기 때문에 제 언어 제가 가질 수 있는 그런 다양한 언어 스킬이 쪼금 더 줄어서 그 부분을 많이 후회하고 있습니다.","wordCount":98},"emotion":[],"intent":[{"text":"","expression":"","category":"attitude"}],"summary":{"text":"저는 외국어를 많이 배우지 않은 것을 후회하고 있습니다. 제가 영어란 언어만 많이 배우려고 노력을 많이 하지 않았기에 제가 가질 수 있는 다양한 언어 스킬이 줄어서 그런 것 같습니다.","wordCount":28}}},"rawDataInfo":{"question":{"fileFormat":"wav","fileSize":367438,"duration":11480,"samplingBit":16,"channelCount":1,"samplingRate":"16kHz","audioPath":"/Mock/01.Management/Female/New/ckmk_q_bm_f_n_183724.wav"},"answer":{"fileFormat":"wav","fileSize":1633038,"duration":51030,"samplingBit":16,"channelCount":1,"samplingRate":"16kHz","audioPath":"/Mock/01.Management/Female/New/ckmk_a_bm_f_n_183724.wav"}}}