{"version":"1.0","dataSet":{"info":{"date":"20230116","occupation":"BM","channel":"MOCK","place":"ONLINE","gender":"FEMALE","ageRange":"-34","experience":"NEW"},"question":{"raw":{"text":"지원자님만의 의견을 주장하실 때 강하게 주장하는 편인가요 지원자님은 어떤 스타일로 자신의 의견을 주장하시는 편인지 궁금합니다","wordCount":15},"emotion":[],"intent":[]},"answer":{"raw":{"text":"저는 제 의견이 맞다고 생각하면은 조금 강하게 주장하는 편입니다. 제 의견을 여러 사람이 주 자기네 자기의 의견을 말할 때 약하게 주장하면 의견이 먹히는 경우도 있습니다. 그래서 제 의견이 정말로 맞는 게 의견이라면 강하게 제 의견을 말합니다. 그러나 제 의견에 대한 확신이 없을 때는 경청하는 편입니다. 제 의견에 대한 확신이 없이 강하게 주장하는 것은 올바르지 않는 태도이기 때문입니다. 그래서 확신이 없거나 잘 모르는 사항일 때는 그 의견을 강하게 주장하기보다는 상대방의 의견 의견을 듣고 제 의견을 말하고 어떤 점이 많고 어떤 점이 틀린지를 잘 파악하려고 합니다. 의견을 주장할 때 본인의 의견에 대한 확신도 없으면서 너무 강하게 주장만 하게 된다면 그것은 주 의견 나눔이 아니라 싸움이 되기 십상입니다. 따라서 저는 의견을 말할 때 그 제 의견에 대한 확신에 따라서 주장의 강도가 달라지는 편입니다. 만약에 제 의견이 확실하다면 조금 강하게 말하지만 그렇지 않다면 말하지 않고 듣는 것을 선호합니다.","wordCount":134},"emotion":[],"intent":[{"text":"","expression":"","category":"attitude"}],"summary":{"text":"저는 제 의견이 맞다고 생각되면 강하게 주장하는 편입니다. 그러나 제 의견에 대한 확신이 없을 때는 경청하는 편인데, 강하게 주장하는 것은 올바르지 않은 태도이기 때문입니다. 그래서 상대방의 의견 의견을 듣고 의견을 말하고 어떤 점이 많고 틀린지를 파악하려고 합니다. 의견을 주장할 때 제 의견이 확실하다면 조금 강하게 말하지만 그렇지 않다면 말하지 않고 듣는 것을 선호합니다.","wordCount":53}}},"rawDataInfo":{"question":{"fileFormat":"wav","fileSize":403278,"duration":12600,"samplingBit":16,"channelCount":1,"samplingRate":"16kHz","audioPath":"/Mock/01.Management/Female/New/ckmk_q_bm_f_n_181179.wav"},"answer":{"fileFormat":"wav","fileSize":2667918,"duration":83370,"samplingBit":16,"channelCount":1,"samplingRate":"16kHz","audioPath":"/Mock/01.Management/Female/New/ckmk_a_bm_f_n_181179.wav"}}}