{"version":"1.0","dataSet":{"info":{"date":"20230116","occupation":"BM","channel":"MOCK","place":"ONLINE","gender":"FEMALE","ageRange":"35-44","experience":"NEW"},"question":{"raw":{"text":"지원자님께서 일을 하다 보면 다른 지역의 업무를 수행하게 될 수 있습니다 지원자님 타 지역 근무도 문제 없이 가능하십니까 간단히 설명 부탁드립니다","wordCount":21},"emotion":[],"intent":[]},"answer":{"raw":{"text":"어 저는 어느 지역에 가서 일을 하는 것들은 정말 상관이 없구요. 뭐 어디를 가도 멀리까지 가는 거는 제가 무리가 없는데 제가 한 가지 취약한 점이 배 멀미가 좀 심해서 혹시라도 정말 혹시라도 배를 타야 하는 경우가 생긴다면 그때는 조금 곤란할 수 있을 것 같습니다. 어쨌든 제가 지역이 다른 데로 발령이 나도 이동하는 거는 크게 상관이 없는데 갔다 와야 하는 경우가 있잖아요. 그냥 단발성으로 그럴 때 어 저희의 그 업무의 특성상 좀 외진 곳을 많이 찾아 다니다 보니깐 진짜 어쩌다 한 번씩 배를 타는 경우가 생기더라구요. 근데 제가 정말 약도 먹어보고 다 해봤는데 배멀미는 진짜 고쳐지지가 않아서 약간 배를 타는 거에 대한 트라우마가 좀 생겨서 만약에 양해를 해주신다면 그 부분은 좀 도와주신다면 어떤 지역을 가도 상관은 없습니다. 배만 안타면 저는 멀리 가는 것도 상관이 없습니다.","wordCount":124},"emotion":[],"intent":[{"text":"","expression":"","category":"attitude"}],"summary":{"text":"업무의 특성상 외진 곳을 자주 다니다보니 배 멀미가 심해서 배만 타야 하는 경우가 종종 있습니다. 하지만 배 멀미는 고쳐지지 않아 트라우마가 생겨 양해를 바랍니다.","wordCount":24}}},"rawDataInfo":{"question":{"fileFormat":"wav","fileSize":421838,"duration":13180,"samplingBit":16,"channelCount":1,"samplingRate":"16kHz","audioPath":"/Mock/01.Management/Female/New/ckmk_q_bm_f_n_181771.wav"},"answer":{"fileFormat":"wav","fileSize":2814798,"duration":87960,"samplingBit":16,"channelCount":1,"samplingRate":"16kHz","audioPath":"/Mock/01.Management/Female/New/ckmk_a_bm_f_n_181771.wav"}}}