{"version":"1.0","dataSet":{"info":{"date":"20230116","occupation":"BM","channel":"MOCK","place":"ONLINE","gender":"FEMALE","ageRange":"-34","experience":"NEW"},"question":{"raw":{"text":"다양 다른 계열사가 참 많이 있습니다 하지만 이 계열사에 지원해 주신 특별한 이유나 계기가 있나요 듣고 싶습니다","wordCount":17},"emotion":[],"intent":[]},"answer":{"raw":{"text":"네 제가 현재 지원한 곳에 의 본사 말고도 여러 가지 다양한 계열사가 있다는 것에 대해서는 잘 알고 있습니다. 그렇지만 제가 지주사인 본사에 지원을 하게 된 이유는 지주사만이 가지고 있는 음 여러 가지 경험과 노하우에 대해서 배우고자 하는 의지가 있기 때문입니다. 저 같은 경우에는 신입이기 때문에 아직 여러 가지 실무 경험은 없지만 다양한 분야에서 한 어 굉장히 밑바닥부터 배우고자 하는 의지가 강합니다. 그래서 지금 지주사의 경우에는 여러 가지 계열사가 진행하고 있는 프로젝트에 대해서도 음 현황 파악을 잘 할 수가 있고 또 나아가서 그룹 전체에 공감이 되는 그런 미션이라든지 혹은 방향성에 대해서 제시를 하는 곳이기 때문에 제가 신입으로서 배울 수 있는 그런 업무들이 훨씬 더 많다 라고 생각이 되었습니다. 그래서 저는 여러 가지 분야에 대해서 배워볼 수 있는 기회야말로 저에게 가장 큰 어 보상이라고 생각하기 때문에 지원하게 되었습니다.","wordCount":126},"emotion":[],"intent":[{"text":"그렇지만 제가 지주사인   본사에 지원을 하게 된 이유는 지주사만이 가지고 있는 음 여러 가지 경험과   노하우에 대해서 배우고자 하는 의지가 있기 때문입니다.","expression":"c_sincere_job","category":"etc"},{"text":"그래서 저는 여러 가지 분야에 대해서 배워볼 수 있는 기회야말로 저에게 가장 큰 어 보상이라고 생각하기 때문에 지원하게 되었습니다.","expression":"c_sincere_job","category":"etc"}],"summary":{"text":"저는 신입이기 때문에 아직 여러 가지 실무 경험은 없지만 여러 가지 계열사가 진행하고 있는 프로젝트에 대해서도 음 현황 파악을 잘 할 수가 있고 또 그룹 전체에 공감이 되는 미션다든지 혹은 방향성에 대해서 제시를 하는 곳이기 때문에 여러 가지 분야에 대해서 배워볼 수 있는 기회이야말로 가장 큰 보상이라고 생각하기 때문에 지원하게 되었습니다.","wordCount":51}}},"rawDataInfo":{"question":{"fileFormat":"wav","fileSize":488398,"duration":15260,"samplingBit":16,"channelCount":1,"samplingRate":"16kHz","audioPath":"/Mock/01.Management/Female/New/ckmk_q_bm_f_n_169557.wav"},"answer":{"fileFormat":"wav","fileSize":2794958,"duration":87340,"samplingBit":16,"channelCount":1,"samplingRate":"16kHz","audioPath":"/Mock/01.Management/Female/New/ckmk_a_bm_f_n_169557.wav"}}}