{"version":"1.0","dataSet":{"info":{"date":"20230116","occupation":"BM","channel":"MOCK","place":"ONLINE","gender":"FEMALE","ageRange":"-34","experience":"NEW"},"question":{"raw":{"text":"지원자님 지원자님께서는 과거 프로젝트를 수행했던 경험이 있으신가요 수행했던 경험이 있다면 프로젝트 내에서 지원자님께서는 어떤 역할을 맡으셨는지에 대해서 한 번 설명해 주시기 바랍니다","wordCount":22},"emotion":[],"intent":[]},"answer":{"raw":{"text":"과거에 대학 시절 프로젝트를 수행했던 경험이 생각나는데요. 저는 대학 시절에 프로젝트를 수행할 때 항상 리더의 역할을 해 왔습니다. 음 팀원들과 함께 의견을 나누고 의견을 조율하고 그리고 프로젝트가 나아가야 할 방향을 정하는 역할을 했고요. 그 방향에 맞게 어 팀원들에게 역할을 부여하고 그리고 그 부여한 역할이 잘 수행되고 있는지에 대해서 체크하는 역할까지 수행을 했었고 모든 자료를 자료가 수집이 되면 그것을 취합해서 결과물을 만드는 그런 역할 또한 제가 맡아서 진행을 했습니다. 이 과정에서 리더십이 음 발현이 될 기회가 많았고 이러한 경험은 이 회사에서 근무를 할 때에도 좋은 긍정적인 모습으로 나타날 것으로 생각이 되겠습니 됩니다.","wordCount":91},"emotion":[{"text":"저는 대학 시절에 프로젝트를   수행할 때 항상 리더의 역할을 해 왔습니다.","expression":"u-fact","category":"neutral"}],"intent":[{"text":"","expression":"","category":"attitude"}],"summary":{"text":"저는 대학 시절에 팀원들과 의견을 나누고 조율하고 프로젝트가 나아가야 할 방향을 정하는 리더의 역할을 했습니다. 이 과정에서 리더십이 발현될 기회가 많았고 이러한 경험은 이 회사에서 근무를 할 때에도 좋은 모습으로 나타날 것으로 생각합니다.","wordCount":33}}},"rawDataInfo":{"question":{"fileFormat":"wav","fileSize":569038,"duration":17780,"samplingBit":16,"channelCount":1,"samplingRate":"16kHz","audioPath":"/Mock/01.Management/Female/New/ckmk_q_bm_f_n_170084.wav"},"answer":{"fileFormat":"wav","fileSize":2103758,"duration":65740,"samplingBit":16,"channelCount":1,"samplingRate":"16kHz","audioPath":"/Mock/01.Management/Female/New/ckmk_a_bm_f_n_170084.wav"}}}