{"version":"1.0","dataSet":{"info":{"date":"20230116","occupation":"BM","channel":"MOCK","place":"ONLINE","gender":"FEMALE","ageRange":"-34","experience":"NEW"},"question":{"raw":{"text":"회사에서 진출하려는 다음 국가를 선택하려고 합니다 그때 어떤 기준으로 하는 게 좋을까요","wordCount":12},"emotion":[],"intent":[]},"answer":{"raw":{"text":"회사에서 진출하려는 다음 국가를 선택할 때 어 아무래도 그 국가의 정치 경제적인 상황을 먼저 고려해야 한다고 생각합니다. 음 제가 현재 다니고 있는 회사에서 간접적으로나마 수입과 수출 업무를 도우면서 음 정 정치적인 상황과 그 국가의 경제적인 상황이 수입과 수출 또 그 회사와 함께 비즈니스를 진행하는데 얼마나 큰 영향을 끼치는지 알 수 있었습니다. 어 특히 지금처럼 세계 정세가 불안하고 어 너무나 많은 변수가 있는 상황에서는 그 국가가 가지고 있는 어 정치 경제적인 리스크들을 모두 분석하고 안정성이 높은 국가를 선택하는 것이 맞다고 생각을 합니다. 다른 국가의 문제의 경우 저희가 직접 무언가를 나서서 개선하고 요청하기가 힘들기 때문에 처음부터 안정성이 보장되는 국가를 선택하는 것이 맞다고 생각합니다.","wordCount":101},"emotion":[],"intent":[{"text":"","expression":"","category":"attitude"}],"summary":{"text":"세계정세가 불안하고 많은 변수가 있는 상황에서는 그 국가의 정치 경제적인 리스크들을 모두 분석하고 안정성이 높은 국가를 선택하는 것이 맞다고 생각합니다. 다른 국가의 문제의 경우 직접 개선을 요청하기 힘들기 때문에 처음부터 안정성이 보장되는 국가를 선택해야 합니다.","wordCount":35}}},"rawDataInfo":{"question":{"fileFormat":"wav","fileSize":489678,"duration":15300,"samplingBit":16,"channelCount":1,"samplingRate":"16kHz","audioPath":"/Mock/01.Management/Female/New/ckmk_q_bm_f_n_184912.wav"},"answer":{"fileFormat":"wav","fileSize":2306318,"duration":72070,"samplingBit":16,"channelCount":1,"samplingRate":"16kHz","audioPath":"/Mock/01.Management/Female/New/ckmk_a_bm_f_n_184912.wav"}}}