{"version":"1.0","dataSet":{"info":{"date":"20230116","occupation":"BM","channel":"MOCK","place":"ONLINE","gender":"FEMALE","ageRange":"45-54","experience":"NEW"},"question":{"raw":{"text":"지원자님은 새로운 환경에서 겪어보지 못했던 일을 도맡아 해 보신 적이 있으신가요 있다면 어떠한 경험이었는지 알려주세요","wordCount":15},"emotion":[],"intent":[]},"answer":{"raw":{"text":"어 제가 지금까지 살아가면서 새로웠던 어 일은 바로 그 백화점에서 판매 사원을 했던 아르바이트 경험인데요. 매번 구매만 하다가 판매만 하려고 하니 말도 안 떨어지고 어색하고 부끄러운 맴 생각도 들고 그랬는데 그러면 안 되겠다 내가 돈을 받고 하는 일인데 이렇게 시간을 지나면 안 되겠다는 생각이 들어서 옆에 계신 좀 예 선배 사원님한테 좀 부탁을 드려서 커피도 한 잔 사면서 어떻게 해야 되는지도 좀 여쭤보고 또 용기도 얻어 갖고 어 얻어서 나는 잘 할 수 있다 최면을 걸면서 그 영업 일을 무사히 마친 경험이 있습니다.","wordCount":83},"emotion":[],"intent":[{"text":"","expression":"","category":"attitude"}],"summary":{"text":"백화점에서 판매 사원을 했던 아르바이트 경험이 있습니다. 판매만 하다 보니 시간이 지나면 안 되겠다는 생각이 들어서 선배 사원님께 부탁드려서 용기도 얻었고 영업 일을 성공적으로 마친 경험있습니다.","wordCount":26}}},"rawDataInfo":{"question":{"fileFormat":"wav","fileSize":427918,"duration":13370,"samplingBit":16,"channelCount":1,"samplingRate":"16kHz","audioPath":"/Mock/01.Management/Female/New/ckmk_q_bm_f_n_188210.wav"},"answer":{"fileFormat":"wav","fileSize":1507918,"duration":47120,"samplingBit":16,"channelCount":1,"samplingRate":"16kHz","audioPath":"/Mock/01.Management/Female/New/ckmk_a_bm_f_n_188210.wav"}}}