{"version":"1.0","dataSet":{"info":{"date":"20230116","occupation":"BM","channel":"MOCK","place":"ONLINE","gender":"FEMALE","ageRange":"-34","experience":"NEW"},"question":{"raw":{"text":"네 지원자님 무엇인가를 좀 달성하기 위해서 목표를 세우시고 이 년에서 삼 년 동안 열심히 노력해서 그런 목표를 달성하신 그런 경험이 좀 있으실까요 지원자님만의 이야기를 한 번 말씀을 부탁드립니다","wordCount":28},"emotion":[],"intent":[]},"answer":{"raw":{"text":"무언가를 달성하기 위해 목표를 세우고 이에서 삼 년간 열심히 노력해서 달성한 적이 있냐고 물어보셨는데 저는 제 꿈을 향해서 굉장히 열심히 달려가 왔습니다. 제가 예전에 제가 꼭 하고 싶었던 꿈이 있었는데 그 꿈을 지금 저는 삼 년 정도 삼 년 이상 노력을 해서 제가 달성을 했습니다. 제가 어렸을 적부터 꿈이 방송을 하는 것이었는데 그 꿈을 위해서 대학교 일 학년 때부터 학원을 다니기도 하고 그리고 그 일을 하기 위해서 외모 관리도 열심히 하고 그리고 제 성격도 좀 더 밝게 하기 위해서 굉장히 부단한 노력을 했던 것 같습니다. 그런 노력을 통해서 제가 졸업할 때쯤 그 꿈을 이루게 되었고 그리고 정말 보람차게 일을 하기도 했었는데요. 그렇게 이 에서 삼 년간 아니 한 사 오 년간 최선을 다해서 노력한 결과 그 목표를 달성하니까 굉장히 뿌듯했고 그리고 저의 목표 중의 하나를 이룬 이뤘다는 생각에 지금도 제 자신에 대해 자신감이 생기기도 했습니다.","wordCount":135},"emotion":[{"text":"제가 예전에 제가 꼭 하고 싶었던 꿈이 있었는데   그 꿈을 지금 저는 삼 년 정도 삼 년 이상 노력을 해서 제가 달성을 했습니다.","expression":"p-achievement","category":"positive"},{"text":"그런 노력을 통해서   제가 졸업할 때쯤 그 꿈을 이루게 되었고 그리고 정말   보람차게 일을 하기도 했었는데요.","expression":"p-achievement","category":"positive"},{"text":"그렇게 이 에서 삼 년간 아니 한 사 오 년간 최선을 다해서 노력한 결과 그 목표를 달성하니까   굉장히 뿌듯했고 그리고 저의 목표 중의 하나를 이룬 이뤘다는 생각에   지금도 제 자신에 대해 자신감이 생기기도 했습니다.","expression":"p-achievement","category":"positive"}],"intent":[{"text":"제가 예전에 제가 꼭 하고 싶었던 꿈이 있었는데   그 꿈을 지금 저는 삼 년 정도 삼 년 이상 노력을 해서 제가 달성을 했습니다.","expression":"c_chl","category":"personality"},{"text":"제가 어렸을 적부터 꿈이 방송을 하는 것이었는데 그 꿈을 위해서 대학교 일 학년 때부터   학원을 다니기도 하고 그리고 그 일을 하기 위해서 외모 관리도 열심히 하고   그리고 제 성격도 좀 더 밝게 하기 위해서 굉장히 부단한 노력을 했던 것 같습니다.","expression":"c_chl","category":"personality"}],"summary":{"text":"방송의 꿈을 이루기 위해 삼 년간 열심히 노력해 왔고, 그 노력을 통해서 졸업할 때쯤 그 꿈을 이루게 되었습니다. 삼 년간의 노력을 통해 목표를 달성하니 뿌듯했고, 지금도 제 자신에 대해 자신감이 생겼습니다.","wordCount":31}}},"rawDataInfo":{"question":{"fileFormat":"wav","fileSize":657038,"duration":20530,"samplingBit":16,"channelCount":1,"samplingRate":"16kHz","audioPath":"/Mock/01.Management/Female/New/ckmk_q_bm_f_n_175094.wav"},"answer":{"fileFormat":"wav","fileSize":2599118,"duration":81220,"samplingBit":16,"channelCount":1,"samplingRate":"16kHz","audioPath":"/Mock/01.Management/Female/New/ckmk_a_bm_f_n_175094.wav"}}}