{"version":"1.0","dataSet":{"info":{"date":"20230116","occupation":"BM","channel":"MOCK","place":"ONLINE","gender":"FEMALE","ageRange":"-34","experience":"NEW"},"question":{"raw":{"text":"본인이 내일 죽는다는 사실을 알게 되었다고 가정을 해 봅시다 그렇다면 당장 어떤 것을 먼저 할 것인가요 그리고 이 면접을 끝까지 계속 볼 건가요","wordCount":23},"emotion":[],"intent":[]},"answer":{"raw":{"text":"어 지금 제가 만약 내일 죽는다는 사실을 알게 된다면 어 가장 먼저 가족들에게 연락을 하고 싶습니다. 음 아 물론 이 면접은 끝까지 보고 싶습니다. 어 무언가를 마무리하지 않고 어 하다 말고 오늘을 보내게 된다면 저는 굉장히 아쉬움을 남을 것 같습니다. 어 이 면접을 끝까지 보고 어 저를 기억해 줄 제 죽음을 아쉬워 해줄 더 그런 분들을 더 만들고 싶습니다. 지금 면접을 보고 계신 어 면접관님들께 좋은 인상을 남겨서 어 참 아쉬운 또 제 죽음에 함께 슬퍼해 줄 수 있는 그런 분들로 제가 만들고 싶습니다. 집에 돌아간다면 가족들과 또 사랑하는 사람들과 시간을 보내면서 평화롭게 또 아쉬움 없이 그렇게 시간을 보낼 것입니다. 특히 저희 가족들은 정말 잘 우는 사람들이기 때문에 어 많이 웃으면서 또 때론 같이 울면서 그렇게 시간을 보낼 것 같습니다.","wordCount":120},"emotion":[],"intent":[{"text":"","expression":"","category":"attitude"}],"summary":{"text":"우선 면접을 끝까지 보고 집에 돌아가 가족들과 또 사랑하는 사람들과 시간을 보내면서 평화롭게 또 아쉬움 없이 그렇게 시간을 보낼 것입니다.","wordCount":20}}},"rawDataInfo":{"question":{"fileFormat":"wav","fileSize":485198,"duration":15160,"samplingBit":16,"channelCount":1,"samplingRate":"16kHz","audioPath":"/Mock/01.Management/Female/New/ckmk_q_bm_f_n_190222.wav"},"answer":{"fileFormat":"wav","fileSize":2489678,"duration":77800,"samplingBit":16,"channelCount":1,"samplingRate":"16kHz","audioPath":"/Mock/01.Management/Female/New/ckmk_a_bm_f_n_190222.wav"}}}