{"version":"1.0","dataSet":{"info":{"date":"20230116","occupation":"BM","channel":"MOCK","place":"ONLINE","gender":"FEMALE","ageRange":"35-44","experience":"NEW"},"question":{"raw":{"text":"그 전 직장에서 보고서 기안 등 결재를 위한 문서를 작성 보고해 본 경험이 있다면 그것에 대해서 설명해 주시겠습니까","wordCount":18},"emotion":[],"intent":[]},"answer":{"raw":{"text":"네 제가 이십 대 중반쯤에 어 이제 건설업 회사에 다녔었거든요. 뭐 아주 큰 대기업은 아니었고요. 그냥 작은 중소기업이었는데 건설업이었습니다. 그래서 음 공사를 실제 시공하고 설계도 하는 그런 건설업이었는데 거기서 이제 총무를 맡았습니다. 어 그래서 인사 총무을 맡다 보니 그 직원들 관리와 음 전반적인 인 그 전반적인 회사 돌아가는 그런 거를 다 했었어서 보고서 쓸 일이 참 많았습니다. 그리고 자재 구매하는 것도 이렇게 해봤었구요. 업체랑 컨택하는 것도 해봤었고 그래서 단가 조율하는 것도 해봤었구요. 그래서 보고서는 정말 많이 썼던 것 같습니다.","wordCount":79},"emotion":[{"text":"네 제가 이십 대 중반쯤에 어 이제 건설업 회사에 다녔었거든요.","expression":"u-fact","category":"neutral"}],"intent":[{"text":"네 제가 이십 대 중반쯤에 어 이제 건설업 회사에 다녔었거든요.","expression":"c_private","category":"background"},{"text":"어 그래서 인사 총무을 맡다 보니 그 직원들 관리와 음 전반적인 인 그 전반적인 회사 돌아가는 그런 거를 다 했었어서 보고서 쓸 일이 참 많았습니다.","expression":"m_admin","category":"technology"},{"text":"그래서 보고서는 정말 많이 썼던 것 같습니다.","expression":"m_admin","category":"technology"}],"summary":{"text":"이십 대 중반에 작은 건설업에서 인사 총무를 맡으면서 직원들 관리와 회사 돌아가는 것들을 다 했었어서 보고서 쓸 일이 참 많았습니다. 자재 구매, 업체와 컨택, 단가 조율도 해봤습니다. 보고서는 정말 많이 썼습니다.","wordCount":31}}},"rawDataInfo":{"question":{"fileFormat":"wav","fileSize":418318,"duration":13070,"samplingBit":16,"channelCount":1,"samplingRate":"16kHz","audioPath":"/Mock/01.Management/Female/New/ckmk_q_bm_f_n_181434.wav"},"answer":{"fileFormat":"wav","fileSize":1776718,"duration":55520,"samplingBit":16,"channelCount":1,"samplingRate":"16kHz","audioPath":"/Mock/01.Management/Female/New/ckmk_a_bm_f_n_181434.wav"}}}