{"version":"1.0","dataSet":{"info":{"date":"20230116","occupation":"BM","channel":"MOCK","place":"ONLINE","gender":"FEMALE","ageRange":"45-54","experience":"NEW"},"question":{"raw":{"text":"지원자님께서 생각하셨을 때 글로벌 인재에게 필수인 요소는 무엇이고 면접자님께서 그 요소를 얻기 위해 노력했던 것은 무엇이 있으신지 소상히 듣고 싶습니다","wordCount":20},"emotion":[],"intent":[]},"answer":{"raw":{"text":"글로벌 인재에게 필수적인 요소는 변화하는 흐름을 간파하는 것이라고 생각합니다. 세계의 흐름 중에는 시대적으로 유행하는 트렌드가 있다고 생각해요. 그런데 트렌드를 알아차리지 못하고 좀 시대착오적인 생각을 하거나 방향성을 잡지 못한다면 업무를 진행함에 있어 좀 뒤쳐진 느낌이 들 수 있을 것 같습니다. 그래서 저는 그런 트렌드를 놓치지 않기 위해서 어 각 나라에서 발행되는 그런 잡지나 아니면 그 해에 발간되는 뭐 그 트렌드적인 책자들을 많이 보고 있고 거기에 무엇이 유행하고 어떤 기술이 선도하는지 경제 잡지나 신문 같은 것을 많이 보는 편입니다.","wordCount":77},"emotion":[],"intent":[{"text":"글로벌 인재에게 필수적인 요소는 변화하는 흐름을 간파하는 것이라고 생각합니다.","expression":"c_value","category":"background"}],"summary":{"text":"변화하는 흐름을 간파하는 것이 글로벌 인재에게 필수적입니다. 시대적으로 유행하는 트렌드를 알아차리지 못하면 업무 진행에 있어 뒤쳐질 수 있습니다. 그래서 트렌드를 놓치지 않기 위해 잡지나 책을 많이 봅니다.","wordCount":27}}},"rawDataInfo":{"question":{"fileFormat":"wav","fileSize":494798,"duration":15460,"samplingBit":16,"channelCount":1,"samplingRate":"16kHz","audioPath":"/Mock/01.Management/Female/New/ckmk_q_bm_f_n_173766.wav"},"answer":{"fileFormat":"wav","fileSize":1564238,"duration":48880,"samplingBit":16,"channelCount":1,"samplingRate":"16kHz","audioPath":"/Mock/01.Management/Female/New/ckmk_a_bm_f_n_173766.wav"}}}