{"version":"1.0","dataSet":{"info":{"date":"20230116","occupation":"BM","channel":"MOCK","place":"ONLINE","gender":"FEMALE","ageRange":"45-54","experience":"NEW"},"question":{"raw":{"text":"다른 사람들이 생각하는 본인만의 장단점은 어떤 것이 있나요 그리고 그렇게 말씀하신 이유도 같이 말씀해 주세요","wordCount":15},"emotion":[],"intent":[]},"answer":{"raw":{"text":"제가 다른 사람을 통해 들었던 제 스스로의 장단점은 먼저 장점으로 얘기해 주는 것은 다른 사람들의 이야기를 잘 들어주는 부분입니다. 그들의 이야기를 잘 들어주고 고민이 무엇인지 또는 원하는 바가 무엇인지 듣다 보면 그 사람의 해결점을 열어줄 수 있거나 또 조언해줄 수 있는 방법이 있어서 저는 늘 사람들의 이야기를 경청하는데요. 그것을 제 가장 큰 장점으로 이야기 해주더라구요. 그리고 제 단점은 사교성이 좀 부족한 거 그까 제가 가지고 있는 이제 사회 관계적인 가치관이 있기 때문에 저는 넓은 넓은 인간관계보다는 깊이 있는 인간관계를 추구해서 굳이 여러 사람을 자주 만나서 이야기하는 그런 것들을 좀 지향하는 편입니다. 그래서 가 사람들을 좀 자주 만나고 넓게 두려 사귀라는 얘기를 많이 듣는데요. 이제 그것이 제 단점이라고 말해주는 사람들이 있었습니다.","wordCount":110},"emotion":[],"intent":[{"text":"","expression":"","category":"attitude"}],"summary":{"text":"제 스스로의 장점은 다른 사람의 이야기를 잘 들어주는 것이고, 단점은 깊이 있는 인간관계를 추구해서 여러 사람을 자주 만나서 이야기하는 것을 지향하는 편인데, 이것이 제 단점이라고 말하는 사람들이 있었습니다.","wordCount":28}}},"rawDataInfo":{"question":{"fileFormat":"wav","fileSize":316238,"duration":9880,"samplingBit":16,"channelCount":1,"samplingRate":"16kHz","audioPath":"/Mock/01.Management/Female/New/ckmk_q_bm_f_n_173769.wav"},"answer":{"fileFormat":"wav","fileSize":2069198,"duration":64660,"samplingBit":16,"channelCount":1,"samplingRate":"16kHz","audioPath":"/Mock/01.Management/Female/New/ckmk_a_bm_f_n_173769.wav"}}}