{"version":"1.0","dataSet":{"info":{"date":"20230116","occupation":"BM","channel":"MOCK","place":"ONLINE","gender":"FEMALE","ageRange":"-34","experience":"NEW"},"question":{"raw":{"text":"지원자분께서 회사에 직접 들어오시고 난 뒤에 선배를 만나게 되었다고 가정해 봅시다 그렇다면 어떤 모습에 선배를 만나고 싶으신지 궁금합니다 이유도 같이 이야기해 주시면 좋을 것 같아요","wordCount":25},"emotion":[],"intent":[]},"answer":{"raw":{"text":"음 저는 조금 무뚝뚝하더라도 정확하게 일을 하는 선배를 만나고 싶습니다. 회사에 처음 들어갔을 때 신입인 신입의 입장에서 새로운 새로운 그 회사의 시스템에 처음 적응하는 입장에서 시스템에 가장 가까이서 보고 배울 수 있는 선배가 일을 정확하게 하지 못하는 것만큼 본인의 어떤 적응 적응 정도를 낮출 수 있는 것은 없다고 생각합니다. 그래서 좀 인간적인 모습은 덜하더라도 나에게 정확한 방향과 시스템을 안내할 수 있는 선배의 를 만나는 게 만나고 싶습니다.","wordCount":67},"emotion":[],"intent":[{"text":"","expression":"","category":"attitude"}],"summary":{"text":"무뚝뚝하더라도 정확하게 일을 하는 선배를 만나고 싶습니다. 인간적인 모습은 덜하더라도 나에게 정확한 방향과 시스템을 안내할 수 있는 선배를 만나는 게 만나고 싶겠습니다.","wordCount":22}}},"rawDataInfo":{"question":{"fileFormat":"wav","fileSize":608078,"duration":19000,"samplingBit":16,"channelCount":1,"samplingRate":"16kHz","audioPath":"/Mock/01.Management/Female/New/ckmk_q_bm_f_n_171754.wav"},"answer":{"fileFormat":"wav","fileSize":1913038,"duration":59780,"samplingBit":16,"channelCount":1,"samplingRate":"16kHz","audioPath":"/Mock/01.Management/Female/New/ckmk_a_bm_f_n_171754.wav"}}}