{"version":"1.0","dataSet":{"info":{"date":"20230116","occupation":"BM","channel":"MOCK","place":"ONLINE","gender":"FEMALE","ageRange":"45-54","experience":"NEW"},"question":{"raw":{"text":"본인은 기업이 자금을 조달하는 직간접적인 방법을 아시는 만큼 모두 최대한 자세하게 말씀해 주세요","wordCount":13},"emotion":[],"intent":[]},"answer":{"raw":{"text":"기업이 자금을 조달하는 방법에는 여러 가지가 있는데요. 첫째로는 기업의 설명회를 통해서 투자를 유치하는 것입니다. 그리고 두 번째는 회사채를 발행하는 방법이 있는데요. 이것은 주로 대기업에서 사용하는 것으로 알고 있습니다. 그리고 중견기업이나 중소기업 같은 경우에는 은행의 대출을 이용해서 자금을 조달하는 경우들이 많다는 사례가 있구요. 그리고 대기업의 경우 주식을 발행해서 자금을 조달하는 방법도 있습니다.","wordCount":51},"emotion":[],"intent":[{"text":"그리고 중견기업이나 중소기업 같은 경우에는 은행의 대출을 이용해서 자금을 조달하는 경우들이 많다는 사례가 있구요.","expression":"m_acct","category":"technology"},{"text":"그리고 대기업의 경우 주식을 발행해서 자금을 조달하는 방법도 있습니다.","expression":"m_acct","category":"technology"}],"summary":{"text":"기업의 자금 조달 방법은 설명회, 회사채, 대출, 주식 발행 등이 있습니다. 설명회는 주로 투자를 유치하는 목적이며 회사채는 주로 대기업에서 사용합니다.","wordCount":20}}},"rawDataInfo":{"question":{"fileFormat":"wav","fileSize":444878,"duration":13900,"samplingBit":16,"channelCount":1,"samplingRate":"16kHz","audioPath":"/Mock/01.Management/Female/New/ckmk_q_bm_f_n_180093.wav"},"answer":{"fileFormat":"wav","fileSize":1141198,"duration":35660,"samplingBit":16,"channelCount":1,"samplingRate":"16kHz","audioPath":"/Mock/01.Management/Female/New/ckmk_a_bm_f_n_180093.wav"}}}