{"version":"1.0","dataSet":{"info":{"date":"20230116","occupation":"BM","channel":"MOCK","place":"ONLINE","gender":"FEMALE","ageRange":"-34","experience":"NEW"},"question":{"raw":{"text":"지원자분께서 저희 회사에 입사를 하신다고 생각해 봤을 때 회사에 들어오게 되면 기존과는 업무 스타일이 완전히 달라질 수도 있습니다 기존과 다른 그런 업무 스타일에 잘 적응하실 수 있으신지 궁금합니다","wordCount":28},"emotion":[],"intent":[]},"answer":{"raw":{"text":"회사에 들어오면 기존과는 업무 스타일이 달라질 수 있다고 하셨는데 이것은 당연히 제가 맞춰야 하는 부분이라고 생각합니다. 회사마다 각자의 어 업무 스타일이 고유의 업무 스타일이 다 있고 어 거기서 일하는 사람이라면 그 업무 스타일에 자신을 맞춰서 일을 해야 하는 것이 맞는 수준 수순이라고 생각합니다. 하지만 저에게 너무 힘들고 그리고 저의 업무 스타일과는 너무 달라서 제 업무에 효과가 떨어질 경우에는 제가 쓰던 업무 스타일의 방법과 한 번 비교를 해 봐서 그게 너무 폐해를 끼치지 않는 선에서는 제 업무 스타일을 조금 녹여내서 퓨전 시켜도 되는 부분이 아닐까 하는 생각도 해 봅니다. 그래서 직접 업무를 해보면서 제가 유연하게 대처를 한 하는 것으로 어 할 수 있을 것 같고 어쨌든 다른 업무 스타일에도 제가 잘 적응할 수 있을 것 같습니다.","wordCount":115},"emotion":[],"intent":[{"text":"","expression":"","category":"attitude"}],"summary":{"text":"회사마다 각자의 업무 스타일이 있고 그 업무 스타일에 자신을 맞춰서 일을 하는 것이 맞는 수순이지만 업무 스타일이 너무 달라서 효과가 떨어질 경우에는 제 업무 스타일을 조금 녹여내서 퓨전시켜도 될 것 같습니다.","wordCount":31}}},"rawDataInfo":{"question":{"fileFormat":"wav","fileSize":611278,"duration":19100,"samplingBit":16,"channelCount":1,"samplingRate":"16kHz","audioPath":"/Mock/01.Management/Female/New/ckmk_q_bm_f_n_174966.wav"},"answer":{"fileFormat":"wav","fileSize":2385038,"duration":74530,"samplingBit":16,"channelCount":1,"samplingRate":"16kHz","audioPath":"/Mock/01.Management/Female/New/ckmk_a_bm_f_n_174966.wav"}}}