{"version":"1.0","dataSet":{"info":{"date":"20230116","occupation":"BM","channel":"MOCK","place":"ONLINE","gender":"FEMALE","ageRange":"-34","experience":"NEW"},"question":{"raw":{"text":"지원자님이 지금부터 삼 년 뒤까지 주요 성장 계획이나 목표가 있으신가요 이러한 단기적인 목표가 있다면 그 목표에 대해서 말씀해 주시겠어요","wordCount":19},"emotion":[],"intent":[]},"answer":{"raw":{"text":"저는 지금부터 삼 년 뒤까지 삼 년 내에 경영과 사무에 관련한 어 더 유용한 지식들을 보충하고 그래서 어떤 일이든 저에게 맡겨 주시면 편안하게 그 일이 음 잘 수행될 수 있을 것이라고 신뢰하는 사람이 되고 싶습니다. 그러기 위해서는 다양한 경영 서적 그리고 사무 관련한 음 능력들을 발전시켜 나가야 할 것이라고 생각이 드는데요. 우선 경영과 관련된 지식은 서적이나 뭐 업무 메뉴얼을 숙지하는 데에서 음 그것을 이룰 수 있을 것 같고요. 추가로 사무적인 부분에서는 엑셀이나 파워포인트 그리고 사무에 필요한 필요하다면 포토샵이나 영상 제작까지 배워볼 수 있는 것들을 배우고 싶습니다. 그래서 꼭 이 회사에 도움이 되는 사람이 되고 싶습니다.","wordCount":95},"emotion":[],"intent":[{"text":"","expression":"","category":"attitude"}],"summary":{"text":"저는 삼 년 내로 경영과 사무에 관한 유용한 지식들을 보충하고 맡겨 보시면 편안하게 그 일이 잘 수행될 것이라고 신뢰하는 사람이 되고 싶습니다. 그러기 위해서는 다양한 경영 서적, 사무 관련 능력들을 발전시켜야 할 것이라고 생각합니다.","wordCount":34}}},"rawDataInfo":{"question":{"fileFormat":"wav","fileSize":533838,"duration":16680,"samplingBit":16,"channelCount":1,"samplingRate":"16kHz","audioPath":"/Mock/01.Management/Female/New/ckmk_q_bm_f_n_170085.wav"},"answer":{"fileFormat":"wav","fileSize":2186958,"duration":68340,"samplingBit":16,"channelCount":1,"samplingRate":"16kHz","audioPath":"/Mock/01.Management/Female/New/ckmk_a_bm_f_n_170085.wav"}}}