{"version":"1.0","dataSet":{"info":{"date":"20230116","occupation":"BM","channel":"MOCK","place":"ONLINE","gender":"FEMALE","ageRange":"-34","experience":"NEW"},"question":{"raw":{"text":"만약 지원자님께서 지금 지원하신 이 직무가 아니라 다른 부서로 배치가 된다면 어떻게 하실 생각이십니까 어 그대로 다니실 예정이신가요","wordCount":18},"emotion":[],"intent":[]},"answer":{"raw":{"text":"제가 지금 지원한 이 직무가 아닌 만약 제가 다른 부서에 배치가 되게 된다면 정말 너무 아쉽지만 저는 이 회사를 떠나서 제가 원하는 직무에서 일을 할 수 있는 다른 회사에 지원을 할 것 같습니다. 물론 제가 원하는 직무에 들어간다고 해서 제가 원하고 제가 하고 싶은 일만 할 거라는 생각은 저는 하지 않습니다. 하지만 정말 제가 생각하는 것과 다른 부서에 제가 들어가게 된다면 일적으로도 효율이 나지 않을 것이고 제가 일에 대한 만족도가 떨어져서 정말 팀원들에게 피해를 끼칠 수도 있고 이것은 제 개인과 팀 전체에 안 좋은 영향만을 미치게 될 것 같기 때문이고 그리고 저는 제가 원하는 직무에 대한 뚜렷한 소신과 계획이 있기 때문에 만약에 다른 부서의 배치가 된다면 저는 너무 아쉽지만 그 부서에는 가지 않을 것입니다.","wordCount":114},"emotion":[],"intent":[{"text":"","expression":"","category":"attitude"}],"summary":{"text":"저는 원하는 직무에 대한 소신과 계획이 있어서 이 부서가 아닌 다른 부서에 배치가 된다면 아쉽지만 이 회사를 떠나 제가 원하는 직무에서 일을 할 수 있는 다른 회사에 지원을 할 것 같습니다.","wordCount":31}}},"rawDataInfo":{"question":{"fileFormat":"wav","fileSize":546638,"duration":17080,"samplingBit":16,"channelCount":1,"samplingRate":"16kHz","audioPath":"/Mock/01.Management/Female/New/ckmk_q_bm_f_n_178532.wav"},"answer":{"fileFormat":"wav","fileSize":2099598,"duration":65610,"samplingBit":16,"channelCount":1,"samplingRate":"16kHz","audioPath":"/Mock/01.Management/Female/New/ckmk_a_bm_f_n_178532.wav"}}}