{"version":"1.0","dataSet":{"info":{"date":"20230116","occupation":"BM","channel":"MOCK","place":"ONLINE","gender":"FEMALE","ageRange":"-34","experience":"NEW"},"question":{"raw":{"text":"지원자님께서는 본인이 교번 근무에 잘 적용할 수 있다고 생각하시는지요 어 그렇다면 왜 그렇게 생각하시는지 그 근거도 함께 말씀해 주시기 바랍니다","wordCount":20},"emotion":[],"intent":[]},"answer":{"raw":{"text":"네 저는 제가 교번 근무에 잘 적응할 수 있는 사람이라고 생각을 합니다. 음 어 저는 정말 다양한 아르바이트를 해 보았는데요. 어 그냥 업종만 다양했던 것이 아니라 그 시간대도 정말 다양했었습니다. 음 새벽에 일어나서 하는 아르바이트도 있었고 어 점심시간에 하는 아르바이트도 있었고 어 자정이 될 때까지 하는 그런 아르바이트도 해 본 적이 있습니다. 음 그 모든 것을 하는 동안 어 시간 때문에 제가 힘들었던 적은 없었습니다. 모든 시간대에서도 저는 제가 저에게 맡겨진 일을 잘 할 수 있었고 또 그 일 한 가지만 했던 것이 아니라 여러 업무를 함께 진행을 했었는데도 전혀 문제가 없었기 때문에 저는 교번 근무는 저에게 어떠한 문제도 되지 않는다고 생각합니다.","wordCount":102},"emotion":[{"text":"음 어 저는 정말 다양한 아르바이트를 해 보았는데요.","expression":"u-fact","category":"neutral"},{"text":"음 새벽에 일어나서 하는 아르바이트도 있었고 어 점심시간에 하는 아르바이트도 있었고 어 자정이 될 때까지 하는 그런 아르바이트도 해 본 적이 있습니다.","expression":"u-fact","category":"neutral"}],"intent":[{"text":"","expression":"","category":"attitude"}],"summary":{"text":"저는 다양한 아르바이트를 해 보았는데 업종과 시간대도 다양했고 모든 시간대에서 제가 맡겨진 일을 잘 할 수 있었고 여러 업무를 함께 진행을 했는데도 문제가 없었기 때문에 교번 근무는 제가 어떠한 문제도 되지 않는다고 생각합니다.","wordCount":33}}},"rawDataInfo":{"question":{"fileFormat":"wav","fileSize":461198,"duration":14410,"samplingBit":16,"channelCount":1,"samplingRate":"16kHz","audioPath":"/Mock/01.Management/Female/New/ckmk_q_bm_f_n_184911.wav"},"answer":{"fileFormat":"wav","fileSize":2025038,"duration":63280,"samplingBit":16,"channelCount":1,"samplingRate":"16kHz","audioPath":"/Mock/01.Management/Female/New/ckmk_a_bm_f_n_184911.wav"}}}