{"version":"1.0","dataSet":{"info":{"date":"20230116","occupation":"BM","channel":"MOCK","place":"ONLINE","gender":"FEMALE","ageRange":"-34","experience":"NEW"},"question":{"raw":{"text":"만약 이 면접 중 본인이 내일 죽는다는 사실을 알게 된다면 당장 어떻게 하시겠습니까 이 면접을 계속 끝까지 진행하실 건가요","wordCount":19},"emotion":[],"intent":[]},"answer":{"raw":{"text":"제가 지금 내일 죽는다는 사실을 안다면 일단 면접을 보다가 정말 평평 울 것 같고 울다가 울다가 저에게 소중한 것이 무엇인가 생각을 해 볼 것 같습니다. 저는 일단 막 뭐를 못 해본 걸 하고 못 먹어본 거를 먹고 이런 정신까지는 들지 않을 것 같고 저에게 가장 중요한 것은 가족이기 때문에 가족들 곁에 가서 막 행복을 나눌 수는 없겠지만 서로 위로를 해주고 제가 죽는 것이 가족들에게 큰 슬픔이 되지 않도록 정말 그렇게 뭔가 위로를 하면서 시간을 보낼 것 같습니다. 제가 죽는 것보다 남은 사람들이 저 때문에 행복한 불행해 하실 않기를 원합니다.","wordCount":89},"emotion":[],"intent":[{"text":"","expression":"","category":"attitude"}],"summary":{"text":"내일 죽는다는 사실을 안다면 면접을 보다가 평평 울 것 같습니다. 가장 중요한 것은 가족이기 때문에 서로 위로를 해주고 제가 죽는 것이 가족들에게 큰 슬픔이 되지 않도록 위로를 하면서 시간을 보낼 것 같습니다.","wordCount":32}}},"rawDataInfo":{"question":{"fileFormat":"wav","fileSize":549838,"duration":17180,"samplingBit":16,"channelCount":1,"samplingRate":"16kHz","audioPath":"/Mock/01.Management/Female/New/ckmk_q_bm_f_n_178342.wav"},"answer":{"fileFormat":"wav","fileSize":1892878,"duration":59150,"samplingBit":16,"channelCount":1,"samplingRate":"16kHz","audioPath":"/Mock/01.Management/Female/New/ckmk_a_bm_f_n_178342.wav"}}}