{"version":"1.0","dataSet":{"info":{"date":"20230116","occupation":"BM","channel":"MOCK","place":"ONLINE","gender":"FEMALE","ageRange":"45-54","experience":"NEW"},"question":{"raw":{"text":"대학에 다니면서 대외 활동을 많이 했습니까 당신이 대학을 다닐 때 공모전 또는 프로젝트에 참여하고 어떠한 경험을 했는지 들어보고 싶습니다 당신의 기획 경험을 말씀해 주세요","wordCount":24},"emotion":[],"intent":[]},"answer":{"raw":{"text":"아 제가 사실은 이제 그 대학을 주간에 다녔던 게 아니라 학업과 같이 하면서 야간 대학을 다니다 보니 어떤 뭐 공모전이나 프로젝트를 일반 그 대학생들이 하는 것처럼 해 본 적은 없구요. 사실은 기획이나 이런 부분에 것도 저는 그 좀 리더십이나 이런 게 쪼끔 부족하다 생각하고 언제나 좀 팔로워 쪽 입장이었기 때문에 어 그 리더의 아래에서 그렇다고 뭐 있으나 없으나 눈에 보이지 않는 그런 일들을 했었던 건 아니고 어 리더에 측근에서 제일 중요한 써포터를 많이 했었었구요. 실제로는 지금 말씀드릴 수 있는 뭐 공모전이나 프로젝트 관련된 일을 말씀드릴 사항은 좀 예 없어서 죄송합니다.","wordCount":90},"emotion":[],"intent":[{"text":"","expression":"","category":"attitude"}],"summary":{"text":"저는 대학을 주간에 다녔던 게 아니라 야간 대학을 다니다보니 공모전이나 프로젝트를 해 본 적이 없습니다. 리더십이 부족하다고 생각하고 팔로워 쪽 입장이었기 때문에 리더의 아래에서 제일 중요한 써포터를 많이 했었습니다.","wordCount":29}}},"rawDataInfo":{"question":{"fileFormat":"wav","fileSize":655758,"duration":20490,"samplingBit":16,"channelCount":1,"samplingRate":"16kHz","audioPath":"/Mock/01.Management/Female/New/ckmk_q_bm_f_n_175021.wav"},"answer":{"fileFormat":"wav","fileSize":2153038,"duration":67280,"samplingBit":16,"channelCount":1,"samplingRate":"16kHz","audioPath":"/Mock/01.Management/Female/New/ckmk_a_bm_f_n_175021.wav"}}}