{"version":"1.0","dataSet":{"info":{"date":"20230116","occupation":"BM","channel":"MOCK","place":"ONLINE","gender":"FEMALE","ageRange":"-34","experience":"NEW"},"question":{"raw":{"text":"사람들과 협업을 하면서 가장 어려웠던 점이 있었다면 그것이 무엇이었습니까 또 어떻게 극복했는지도 말씀해 주십시오","wordCount":14},"emotion":[],"intent":[]},"answer":{"raw":{"text":"어 사람들과 협업을 하며 가장 어렵다고 느꼈던 점은 어 제가 처음에는 좀 낯을 가리는 성격이다 보니 음 첫 만남이 가장 어려웠던 것 같습니다. 어 최근 들어서 많은 분들이 외향적인 사람을 더 선호하기도 하고 음 첫 만남부터 어 자신의 인상을 뚜렷하게 박을 수 있는 그런 사람을 선호하는 경우가 많은데요. 저는 이와는 과 거리가 좀 먼 사람입니다. 어 그렇지만 저는 음 늘 처음에 그렇게 말씀을 드립니다. 음 첫 모습보다 첫 인상보다 어 마지막 인상이 더 좋은 어 마지막 인상이 정말 인상적인 그런 사람이 되겠다고 말씀을 드리고 그것을 행동으로 보여주며 많은 사람들과의 신뢰 관계 관계를 맺고 유지할 수 있었습니다.","wordCount":96},"emotion":[],"intent":[{"text":"","expression":"","category":"attitude"}],"summary":{"text":"협업할 때 가장 어려웠던 점은 첫 만남부터 자신의 인상을 뚜렷하게 박을 수 있는 사람을 선호하게 되는 것 같습니다. 저는 첫 모습보다 마지막 인상이 더 인상적인 사람이 되겠다고 말씀을 드리고 신뢰 관계 관계를 맺고 유지할 수 있었습니다.","wordCount":36}}},"rawDataInfo":{"question":{"fileFormat":"wav","fileSize":547278,"duration":17100,"samplingBit":16,"channelCount":1,"samplingRate":"16kHz","audioPath":"/Mock/01.Management/Female/New/ckmk_q_bm_f_n_190393.wav"},"answer":{"fileFormat":"wav","fileSize":2330318,"duration":72820,"samplingBit":16,"channelCount":1,"samplingRate":"16kHz","audioPath":"/Mock/01.Management/Female/New/ckmk_a_bm_f_n_190393.wav"}}}