{"version":"1.0","dataSet":{"info":{"date":"20230116","occupation":"BM","channel":"MOCK","place":"ONLINE","gender":"FEMALE","ageRange":"35-44","experience":"NEW"},"question":{"raw":{"text":"회사에서 진출하려는 다음 국가를 선택하려고 할 때 어떤 기준으로 해야 할지 설명 부탁드리겠습니다","wordCount":13},"emotion":[],"intent":[]},"answer":{"raw":{"text":"어 회사에서 이제 외국으로 사업을 진출하려고 한다면 그만큼 직원들이 출장을 많이 가게 될 테고 아니면 아예 그 국가의 지사로 발령이 나는 경우도 많아지겠죠. 저는 그러면 음식이 맛있고 음 유흥을 즐길 수 있는 그런 국가를 선택해야 한다고 생각합니다. 어쨌든 일하는 사람들이 즐거워야지 그 사업의 진행도 굉장히 잘 될 거라고 생각을 하구여. 그리고 음식이 너무 안 맞는 곳에서 일을 하게 되면은 굉장히 일하는 사람이 괴롭기 때문에 저는 그런 것들을 기준으로 삼고 어떤 국가를 선택할지 알아보면 좋을 것 같다는 생각이 듭니다. 그리고 너무 한국에 관련된 이미 그런 사업이 많은 곳보다는 좀 생소한 쪽으로 가는 게 더 희소성이 있어서 더 회사가 성장하는 데 도움이 되지 않을까 하는 생각이 들어서 이런 것들을 다 종합적으로 고려해서 알아보면은 좋을 것 같습니다.","wordCount":114},"emotion":[],"intent":[{"text":"","expression":"","category":"attitude"}],"summary":{"text":"회사에서 외국으로 사업을 진출하려면 직원들이 출장을 많이 가거나 그 국가의 지사로 발령이 나야 할 것이므로 음식과 유흥을 즐길 수 있는 국가를 선택해야 한다고 생각합니다. 그리고 생소한 쪽으로 가는 게 회사 성장에 도움이 될 것 같아 종합적 고려를 해 보아야 합니다.","wordCount":40}}},"rawDataInfo":{"question":{"fileFormat":"wav","fileSize":366158,"duration":11440,"samplingBit":16,"channelCount":1,"samplingRate":"16kHz","audioPath":"/Mock/01.Management/Female/New/ckmk_q_bm_f_n_181764.wav"},"answer":{"fileFormat":"wav","fileSize":2909518,"duration":90920,"samplingBit":16,"channelCount":1,"samplingRate":"16kHz","audioPath":"/Mock/01.Management/Female/New/ckmk_a_bm_f_n_181764.wav"}}}