{"version":"1.0","dataSet":{"info":{"date":"20230116","occupation":"BM","channel":"MOCK","place":"ONLINE","gender":"FEMALE","ageRange":"55-","experience":"NEW"},"question":{"raw":{"text":"기업이 자금을 조달하는 데 있어서 직접적인 혹은 간접적인 방법에 대해서 아시는 만큼 모두 그 최대한 자세하게 말씀해 주시면 감사하겠습니다","wordCount":19},"emotion":[],"intent":[]},"answer":{"raw":{"text":"기업이 자금을 조달하는 직 간접적인 방법을 아시는 만큼 모두 최대한 자세하게 말씀해 주세요 라고 질문하셨습니다. 첫째는 기업이 영업 활동을 통해 축적한 내부 자금을 이용하는 것입니다. 이 자금은 이자를 지급하지 않고 사용 기간도 제한이 없어 편리한 조달 수단입니다. 둘째는 은행을 통해 자금을 빌리는 방법입니다. 이 경우는 사용 기간 제한 및 이자를 지급하여야 하는 단점이 있습니다. 셋째는 투자자들에게 회사채를 발행하는 자금 조달 방법입니다. 이 경우는 이자와 원금을 정해진 기일에 지급해야 하는 부담이 있는 반면 외부 간섭 없이 사업을 할 수 있는 장점이 있습니다. 이상 자금 조달하는 방법에 대한 저의 답변이었습니다. 감사합니다.","wordCount":89},"emotion":[],"intent":[{"text":"","expression":"","category":"attitude"}],"summary":{"text":"기업이 자금을 조달하는 직간접적인 방법은 기업이 영업 활동을 통해 축적한 내부 자금을 이용하는 것, 은행을 통해 자금을 빌리는 것, 투자자들에게 회사채를 발행하는 것이 있습니다.","wordCount":24}}},"rawDataInfo":{"question":{"fileFormat":"wav","fileSize":533838,"duration":16680,"samplingBit":16,"channelCount":1,"samplingRate":"16kHz","audioPath":"/Mock/01.Management/Female/New/ckmk_q_bm_f_n_175294.wav"},"answer":{"fileFormat":"wav","fileSize":2489038,"duration":77780,"samplingBit":16,"channelCount":1,"samplingRate":"16kHz","audioPath":"/Mock/01.Management/Female/New/ckmk_a_bm_f_n_175294.wav"}}}