{"version":"1.0","dataSet":{"info":{"date":"20230116","occupation":"BM","channel":"MOCK","place":"ONLINE","gender":"FEMALE","ageRange":"-34","experience":"NEW"},"question":{"raw":{"text":"면접자님께서도 핸드폰에 많은 어플이 설치되어 있죠 그중에 좋아하는 앱은 어떤 것이 있는지 말씀해 주실 수 있을까요","wordCount":16},"emotion":[],"intent":[]},"answer":{"raw":{"text":"저는 배달의 민족 어플을 좋아합니다. 맛있는 것을 좋아하는데 그 전에는 음식을 시킬 때 무엇을 시켜야 할지 내가 먹고 싶은 것조차 뭔지 모르는 경우가 많았습니다. 그러나 배달의 민족에서는 많은 음식을 여러 가지 카테고리로 나눠 놓고 그 카테고리 안에서 어떤 음식이 가장 인기 있는지 인기 인기 차트까지 보여줍니다. 그래서 먹는 것을 고를 때 어떤 것을 먹어야 할지 고민하는 시간이 줄어들었습니다. 또한 더 편리하게 음식을 시킬 수 있게 되었습니다. 예전에는 배달 음식을 시킬 때 전화를 하고 받으러 오고 현금을 준비하거나 아니면 카드를 준비해야 하는 과정에 있었습니다. 그러나 지금은 결제 주문에서 결제까지 모두 집에서만 하고 음식은 받기만 하면 되는 시스템입니다. 이러한 과정을 통해서 제가 음식이 잘못 배달되었거나 하는 경우에 경우에 대한 대처가 쉬워졌습니다. 따라서 저는 제 생 제 식생활에 편리함을 갖다 준 배달의 민족 어플를 좋아합니다.","wordCount":122},"emotion":[],"intent":[{"text":"","expression":"","category":"attitude"}],"summary":{"text":"배달의민족 어플은 많은 음식을 카테고리로 나눠 놓고 인기 인기 차트까지 보여줌으로써 어떤 것을 먹어야 할지 고민하는 시간이 줄어들었고 더 편리하게 음식을 시킬 수 있게 되었습니다. 또한 결제 주문에서 결제까지 모두 집에서만 하고 음식은 받기만 하면 되는 시스템으로 식생활에 편리함을 주어 좋아합니다.","wordCount":41}}},"rawDataInfo":{"question":{"fileFormat":"wav","fileSize":371278,"duration":11600,"samplingBit":16,"channelCount":1,"samplingRate":"16kHz","audioPath":"/Mock/01.Management/Female/New/ckmk_q_bm_f_n_181180.wav"},"answer":{"fileFormat":"wav","fileSize":2608718,"duration":81520,"samplingBit":16,"channelCount":1,"samplingRate":"16kHz","audioPath":"/Mock/01.Management/Female/New/ckmk_a_bm_f_n_181180.wav"}}}