{"version":"1.0","dataSet":{"info":{"date":"20230116","occupation":"BM","channel":"MOCK","place":"ONLINE","gender":"FEMALE","ageRange":"-34","experience":"NEW"},"question":{"raw":{"text":"입사하시게 되면 기존과는 업무 스타일이 좀 달라지실 수 있어요 기존과 다른 업무 스타일에 잘 적응하실 수 있을까요","wordCount":17},"emotion":[],"intent":[]},"answer":{"raw":{"text":"어 회사의 업무 스타일 또한 그 회사가 추구하는 것들 중 하나라고 생각합니다. 저는 개인이 아니라 회사의 일원으로 일해야 하기 때문에 회사가 추구하는 목표에 맞춰서 그 업무 스타일 또한 변경할 필요가 있다고 생각합니다. 적응하는 것은 어렵 어려울 수도 있겠지만 제가 자유롭게 선택할 수 있는 영역과 그렇지 못한 영역을 명확하게 구분해서 자유롭게 선택할 수 있는 영역에서 만족도를 얻고 제 스타일대로 해 놔도 가도록 노력하는 게 맞다고 생각합니다.","wordCount":65},"emotion":[],"intent":[{"text":"","expression":"","category":"attitude"}],"summary":{"text":"저는 개인이 아니라 회사의 일원으로 일해야 하기 때문에 회사의 목표에 맞춰서 업무 스타일도 변경할 필요가 있다고 생각합니다. 자유롭게 선택할 수 있는 영역에서 만족도를 얻고 스타일대로 해 놓아도 가도록 해야 합니다.","wordCount":30}}},"rawDataInfo":{"question":{"fileFormat":"wav","fileSize":352078,"duration":11000,"samplingBit":16,"channelCount":1,"samplingRate":"16kHz","audioPath":"/Mock/01.Management/Female/New/ckmk_q_bm_f_n_171997.wav"},"answer":{"fileFormat":"wav","fileSize":1361678,"duration":42550,"samplingBit":16,"channelCount":1,"samplingRate":"16kHz","audioPath":"/Mock/01.Management/Female/New/ckmk_a_bm_f_n_171997.wav"}}}