{"version":"1.0","dataSet":{"info":{"date":"20230116","occupation":"BM","channel":"MOCK","place":"ONLINE","gender":"FEMALE","ageRange":"-34","experience":"NEW"},"question":{"raw":{"text":"일을 하게 되면 중국으로 출장을 갈 일이 생길 수도 있거든요 중국 출장 괜찮으신지 궁금합니다","wordCount":14},"emotion":[],"intent":[]},"answer":{"raw":{"text":"일을 하게 되면 중국으로 출장을 갈 일이 있다고 하셨는데 저는 중국에 대해서 일을 할 때 있어서 다른 나라에 해외로 가서 일을 하는 것을 아주 흥미롭게 생각하고 음 신나는 일이라고 생각을 합니다. 그래서 어 두렵거나 그런 그런 감정이 들기보다는 가서 제가 어떤 일을 할 수 있을지 그런 설렘이 있는 편이고요. 그리고 다른 대학 시절 그리고 이 회사에 입사 신청을 하기 전에 많은 나라를 접해보고 여행이나 아니면 국제 자원봉사 등을 통해서 다른 나라에 많이 체류를 하거나 여행을 했는데 그때마다 그 나라의 문화를 알아가고 그리고 그 나라 사람들과 함께 관계를 맺어 나가는 것에 어 흥미를 느꼈기 때문에 어 일을 할 때도 그런 일이 그런 해외 출장과 같은 일이 있다면 즐겁게 수행하고 그리고 어렵지 않게 적응을 할 수 있을 것이라고 생각이 듭니다.","wordCount":118},"emotion":[{"text":"일을 하게 되면 중국으로 출장을 갈 일이 있다고 하셨는데 저는 중국에 대해서   일을 할 때 있어서 다른 나라에 해외로 가서 일을 하는 것을 아주 흥미롭게 생각하고   음 신나는 일이라고 생각을 합니다.","expression":"p-interest","category":"positive"},{"text":"그래서 어 두렵거나 그런 그런 감정이 들기보다는 가서 제가   어떤 일을 할 수 있을지 그런 설렘이 있는 편이고요.","expression":"p-interest","category":"positive"}],"intent":[{"text":"","expression":"","category":"attitude"}],"summary":{"text":"저는 중국에 대해 일을 할 때 해외 출장을 가는 것을 아주 흥미롭게 생각하고 신나는 일이라고 생각합니다. 그래서 어떤 일을 할 수 있을지 그런 설렘이 있고, 일을 할 때도 해외 출장과 같은 일이 있다면 즐겁게 수행하고 어렵지 않게 적응을 할 수 있을 것이라고 생각이 듭니다.","wordCount":44}}},"rawDataInfo":{"question":{"fileFormat":"wav","fileSize":330958,"duration":10340,"samplingBit":16,"channelCount":1,"samplingRate":"16kHz","audioPath":"/Mock/01.Management/Female/New/ckmk_q_bm_f_n_170090.wav"},"answer":{"fileFormat":"wav","fileSize":2293198,"duration":71660,"samplingBit":16,"channelCount":1,"samplingRate":"16kHz","audioPath":"/Mock/01.Management/Female/New/ckmk_a_bm_f_n_170090.wav"}}}