{"version":"1.0","dataSet":{"info":{"date":"20230116","occupation":"BM","channel":"MOCK","place":"ONLINE","gender":"FEMALE","ageRange":"-34","experience":"NEW"},"question":{"raw":{"text":"시간이 남을 때 무슨 일을 하시는지 그 일을 하는 이유는 무엇인지 설명 부탁드리겠습니다","wordCount":13},"emotion":[],"intent":[]},"answer":{"raw":{"text":"저는 시간이 남을 때 운동을 하곤 합니다. 어 운동을 하는 이유는 체력을 위해서인데요. 체력은 저의 인내심에도 많은 영향을 주고 그리고 일을 해 나가는 데에도 많은 영향을 주는 그런 활동입니다. 체력이 좋지 않을 때에는 짜증도 쉽게 나고 그리고 일을 할 때에도 참을성이 그리고 집중력이 오래가지 않았는데요. 운동을 하 한 이후부터 체력이 좋아지면서 일에 대한 집중도 그리고 타인에 대한 그런 타인에게 쉽게 화를 내지 않고 또 제가 화 화가 나지 않으니까 이 이 스트레스도 덜 받는 그런 장점이 있었습니다. 그래서 운동을 지속적으로 해오고 있고 앞으로도 열심히 운동을 해서 좋은 컨디션으로 이 회사에 이바지 할 수 있도록 노력하겠습니다.","wordCount":95},"emotion":[{"text":"체력이 좋지 않을 때에는 짜증도 쉽게 나고 그리고 일을 할 때에도 참을성이 그리고 집중력이 오래가지 않았는데요.","expression":"n-anger","category":"negative"}],"intent":[{"text":"그래서 운동을 지속적으로 해오고 있고 앞으로도 열심히 운동을 해서 좋은 컨디션으로 이 회사에 이바지 할 수 있도록 노력하겠습니다.","expression":"c_sincere_co","category":"etc"}],"summary":{"text":"체력은 인내심, 인내심 그리고 일을 해 나가는 데에도 많은 영향을 주는 활동입니다. 운동을 한 이후부터 체력이 좋아지면서 일에 대한 집중도, 타인에 대한 스트레스도 덜 받는 장점이 있습니다. 앞으로도 열심히 해서 좋은 컨디션으로 회사에 이바지 하겠습니다.","wordCount":35}}},"rawDataInfo":{"question":{"fileFormat":"wav","fileSize":258638,"duration":8080,"samplingBit":16,"channelCount":1,"samplingRate":"16kHz","audioPath":"/Mock/01.Management/Female/New/ckmk_q_bm_f_n_178055.wav"},"answer":{"fileFormat":"wav","fileSize":1881678,"duration":58800,"samplingBit":16,"channelCount":1,"samplingRate":"16kHz","audioPath":"/Mock/01.Management/Female/New/ckmk_a_bm_f_n_178055.wav"}}}