{"version":"1.0","dataSet":{"info":{"date":"20230116","occupation":"BM","channel":"MOCK","place":"ONLINE","gender":"FEMALE","ageRange":"-34","experience":"NEW"},"question":{"raw":{"text":"기업이 보유하고 있는 자산 부채 뭐 자본의 잔액에 대한 정보를 보고하는 양식이 대차 대조표입니다 그 대차 대조표를 이것 말고도 정확하게 본인이 알고 있는 것에 대해 자세하게 설명해 주세요","wordCount":28},"emotion":[],"intent":[]},"answer":{"raw":{"text":"대차 대조표란 일정 시점에 기업이 보유하고 있는 자산 상태 어 그리고 내역을 일정한 순서에 의해서 나타내는 어 재산 목록표를 말합니다. 기업의 자산은 자기 자본과 타인 자본으로 구성되어 있고 이러한 자산을 취득 또는 보유하기 위해서 조달한 자금이 자기 자본인지 아니면 남으로 비 남으로부터 빌린 자금인지 어 이 두 가지를 일정한 형식으로 표시한 것이 대차 대조표입니다. 대차 대조표를 작성하는 팁은 자산은 유동 자산과 고정 자산으로 그리고 부채는 유동 부채와 고정 부채로 또 자본은 자본금 자본 잉여금 이익 잉여금 잉여금 그리고 자본 조정으로 각각 구분하는 것입니다. 어 두 번째로 자산 부채 및 자본은 총액에 의하여 기재함을 원칙으로 하고 있는 것을 염두에 두는 것입니다. 세 번째 기재하는 자산과 부채 항목 배열은 유동성 배열법에 의함을 원칙으로 하는 것입니다. 마지막으로 자본 거래에서 발생한 자본 잉여금과 손익 거래에서 발생한 이익 잉여금을 혼동해서 표시하 하여서는 안 된다는 것을 염두에 두면 됩니다.","wordCount":133},"emotion":[],"intent":[{"text":"대차 대조표를 작성하는 팁은 자산은 유동 자산과 고정 자산으로 그리고 부채는 유동 부채와 고정 부채로 또 자본은 자본금 자본 잉여금 이익 잉여금 잉여금 그리고 자본 조정으로 각각 구분하는 것입니다.","expression":"m_acct","category":"technology"},{"text":"어 두 번째로 자산 부채 및 자본은 총액에 의하여 기재함을 원칙으로 하고 있는 것을 염두에 두는 것입니다.","expression":"m_acct","category":"technology"},{"text":"세 번째 기재하는 자산과 부채 항목 배열은 유동성 배열법에 의함을 원칙으로 하는 것입니다.","expression":"m_acct","category":"technology"},{"text":"마지막으로 자본 거래에서 발생한 자본 잉여금과 손익 거래에서 발생한 이익 잉여금을 혼동해서 표시하 하여서는 안 된다는 것을 염두에 두면 됩니다.","expression":"m_acct","category":"technology"}],"summary":{"text":"대차 대조표란 일정한 시점에 기업이 보유하고 있는 자산 상태와 내역을 일정한 순서에 의해서 나타내는 재산 목록표를 말합니다. 대차대조표를 작성하는 팁은 자산은 유동 자산과 고정 자산으로, 부채는 유동 부채와 고정 부채로, 자본은 자본금 자본 잉여금 이익 잉여금을 잉여금으로 각각 구분하는 것입니다.","wordCount":40}}},"rawDataInfo":{"question":{"fileFormat":"wav","fileSize":595278,"duration":18600,"samplingBit":16,"channelCount":1,"samplingRate":"16kHz","audioPath":"/Mock/01.Management/Female/New/ckmk_q_bm_f_n_184148.wav"},"answer":{"fileFormat":"wav","fileSize":2633678,"duration":82300,"samplingBit":16,"channelCount":1,"samplingRate":"16kHz","audioPath":"/Mock/01.Management/Female/New/ckmk_a_bm_f_n_184148.wav"}}}