{"version":"1.0","dataSet":{"info":{"date":"20230116","occupation":"BM","channel":"MOCK","place":"ONLINE","gender":"FEMALE","ageRange":"-34","experience":"NEW"},"question":{"raw":{"text":"지원자님께서 생각하시기에 자신의 노년은 어떤 모습이었으면 하나요 이상적인 노년의 모습을 말씀해 주세요","wordCount":12},"emotion":[],"intent":[]},"answer":{"raw":{"text":"네 저에게 저의 노년의 모습이 어떤 모습이었으면 좋겠냐고 물어보셨는데 제 이상적인 노년의 모습은 저는 가화만사성이라고 화목한 가정에서 어떤 일이든지 잘 일어날 수 있다고 생각을 합니다. 그래서 저는 저의 남편과 화목하게 그리고 저희 아이들과 정말 행복한 가정을 이뤄서 행복하게 잘 지내는 모습이 바로 저의 꿈인데요. 제 노년은 그래서 남편이랑 좀 알콩달콩하게 나이가 들어도 잘 지내는 게 바로 저의 꿈이고 그리고 경제적으로 좀 어려움 없이 지내려면 지금부터 열심히 살아야 될 것 같습니다. 그래서 청년기 중년기 때까지는 최선을 다해서 열심히 살고 그 바탕으로 해서 노년에는 조금 여유를 가지고 제 취미생활도 하면서 좀 다른 사람들에게 보탬이 되고 도움이 될 수 있는 그런 사람으로 지내고 싶습니다.","wordCount":101},"emotion":[],"intent":[{"text":"","expression":"","category":"attitude"}],"summary":{"text":"이상적인 노년의 모습은 가화만사성이라고 화목한 가정에서 잘 일어날 수 있다고 생각합니다. 청년기 중년기 때까지는 최선을 다해서 열심히 살고 노년에는 여유를 가지고 취미생활도 하면서 다른 사람들에게 보탬이 되고 도움이 되는 사람이 되고 싶습니다.","wordCount":32}}},"rawDataInfo":{"question":{"fileFormat":"wav","fileSize":362958,"duration":11340,"samplingBit":16,"channelCount":1,"samplingRate":"16kHz","audioPath":"/Mock/01.Management/Female/New/ckmk_q_bm_f_n_175093.wav"},"answer":{"fileFormat":"wav","fileSize":2514318,"duration":78570,"samplingBit":16,"channelCount":1,"samplingRate":"16kHz","audioPath":"/Mock/01.Management/Female/New/ckmk_a_bm_f_n_175093.wav"}}}